primary_topic,publication_count,percentage
Electrocatalysts for Energy Conversion,784,1.57
SARS-CoV-2 and COVID-19 Research,644,1.29
Gut microbiota and health,612,1.22
Perovskite Materials and Applications,551,1.1
Advanced Neural Network Applications,506,1.01
Advancements in Battery Materials,491,0.98
Artificial Intelligence in Healthcare and Education,482,0.96
Cancer Immunotherapy and Biomarkers,474,0.95
Microplastics and Plastic Pollution,472,0.94
Advanced Photocatalysis Techniques,463,0.93
COVID-19 Clinical Research Studies,418,0.84
Single-cell and spatial transcriptomics,415,0.83
Genomics and Phylogenetic Studies,411,0.82
Advanced Sensor and Energy Harvesting Materials,307,0.61
Advanced battery technologies research,302,0.6
Topic Modeling,265,0.53
COVID-19 and Mental Health,256,0.51
Genetic Associations and Epidemiology,245,0.49
CAR-T cell therapy research,233,0.47
Metal-Organic Frameworks: Synthesis and Applications,229,0.46
Advanced Battery Materials and Technologies,224,0.45
Liver Disease Diagnosis and Treatment,219,0.44
CO2 Reduction Techniques and Catalysts,217,0.43
Computational Drug Discovery Methods,211,0.42
CRISPR and Genetic Engineering,210,0.42
Immune cells in cancer,204,0.41
Cancer Genomics and Diagnostics,199,0.4
Extracellular vesicles in disease,195,0.39
Neuroinflammation and Neurodegeneration Mechanisms,193,0.39
Diabetes Treatment and Management,193,0.39
Digital Transformation in Industry,192,0.38
Supercapacitor Materials and Fabrication,184,0.37
"Energy, Environment, Economic Growth",184,0.37
Meta-analysis and systematic reviews,184,0.37
Nanoparticles: synthesis and applications,183,0.37
Ferroptosis and cancer prognosis,180,0.36
Alzheimer's disease research and treatments,173,0.35
2D Materials and Applications,172,0.34
Long-Term Effects of COVID-19,167,0.33
Machine Learning in Materials Science,164,0.33
Nanoparticle-Based Drug Delivery,163,0.33
Inflammasome and immune disorders,162,0.32
Ammonia Synthesis and Nitrogen Reduction,161,0.32
MXene and MAX Phase Materials,158,0.32
Nanoplatforms for cancer theranostics,158,0.32
Blockchain Technology Applications and Security,155,0.31
Hybrid Renewable Energy Systems,151,0.3
Advanced Battery Technologies Research,144,0.29
Domain Adaptation and Few-Shot Learning,142,0.28
Electromagnetic wave absorption materials,141,0.28
Bioinformatics and Genomic Networks,139,0.28
RNA modifications and cancer,139,0.28
COVID-19 epidemiological studies,137,0.27
Covalent Organic Framework Applications,134,0.27
Soil Carbon and Nitrogen Dynamics,133,0.27
Advanced oxidation water treatment,132,0.26
"Cancer, Hypoxia, and Metabolism",132,0.26
Advanced Memory and Neural Computing,128,0.26
Immune Cell Function and Interaction,127,0.25
Catalytic Processes in Materials Science,126,0.25
Topological Materials and Phenomena,125,0.25
Wound Healing and Treatments,125,0.25
Online Learning and Analytics,123,0.25
Privacy-Preserving Technologies in Data,122,0.24
RNA Research and Splicing,122,0.24
Dementia and Cognitive Impairment Research,122,0.24
Antibiotic Resistance in Bacteria,122,0.24
Explainable Artificial Intelligence (XAI),122,0.24
Multimodal Machine Learning Applications,121,0.24
Cancer Cells and Metastasis,121,0.24
Smart Agriculture and AI,121,0.24
Organic Electronics and Photovoltaics,119,0.24
Functional Brain Connectivity Studies,116,0.23
Climate variability and models,116,0.23
Metaheuristic Optimization Algorithms Research,114,0.23
AI in cancer detection,112,0.22
Ethics and Social Impacts of AI,111,0.22
Epigenetics and DNA Methylation,109,0.22
Lung Cancer Treatments and Mutations,109,0.22
Protein Structure and Dynamics,108,0.22
AI in Service Interactions,108,0.22
3D Printing in Biomedical Research,107,0.21
Human Pose and Action Recognition,105,0.21
IoT and Edge/Fog Computing,105,0.21
Plant Stress Responses and Tolerance,105,0.21
RNA Interference and Gene Delivery,104,0.21
Video Surveillance and Tracking Methods,104,0.21
Genomics and Chromatin Dynamics,103,0.21
Generative Adversarial Networks and Image Synthesis,103,0.21
Autophagy in Disease and Therapy,102,0.2
Adsorption and biosorption for pollutant removal,102,0.2
Misinformation and Its Impacts,102,0.2
Additive Manufacturing and 3D Printing Technologies,101,0.2
Air Quality and Health Impacts,101,0.2
Graphene research and applications,101,0.2
Anomaly Detection Techniques and Applications,101,0.2
Remote-Sensing Image Classification,99,0.2
Plant-Microbe Interactions and Immunity,97,0.19
Mitochondrial Function and Pathology,96,0.19
Global Cancer Incidence and Screening,96,0.19
Quantum Computing Algorithms and Architecture,96,0.19
Pharmaceutical and Antibiotic Environmental Impacts,96,0.19
Glioma Diagnosis and Treatment,92,0.18
COVID-19 diagnosis using AI,92,0.18
Pulsars and Gravitational Waves Research,91,0.18
Microbial Community Ecology and Physiology,90,0.18
Pancreatic and Hepatic Oncology Research,89,0.18
Hepatocellular Carcinoma Treatment and Prognosis,89,0.18
Acute Ischemic Stroke Management,89,0.18
"Galaxies: Formation, Evolution, Phenomena",89,0.18
Parkinson's Disease Mechanisms and Treatments,88,0.18
High Entropy Alloys Studies,88,0.18
Corporate Social Responsibility Reporting,88,0.18
Inflammatory Bowel Disease,87,0.17
Phytochemicals and Antioxidant Activities,87,0.17
Image Enhancement Techniques,87,0.17
interferon and immune responses,86,0.17
Sustainable Supply Chain Management,86,0.17
Advanced Wireless Communication Technologies,86,0.17
Technology Adoption and User Behaviour,85,0.17
Immunotherapy and Immune Responses,84,0.17
"Diabetes, Cardiovascular Risks, and Lipoproteins",84,0.17
Advanced Image Processing Techniques,84,0.17
Digital Marketing and Social Media,84,0.17
Advanced Vision and Imaging,83,0.17
Network Security and Intrusion Detection,83,0.17
Additive Manufacturing Materials and Processes,82,0.16
Advanced Nanomaterials in Catalysis,80,0.16
Heavy metals in environment,78,0.16
Radiomics and Machine Learning in Medical Imaging,77,0.15
Health disparities and outcomes,77,0.15
Atrial Fibrillation Management and Outcomes,76,0.15
Nutrition and Health in Aging,76,0.15
Advanced Graph Neural Networks,76,0.15
Model Reduction and Neural Networks,76,0.15
Species Distribution and Climate Change,76,0.15
Big Data and Business Intelligence,75,0.15
Recommender Systems and Techniques,75,0.15
Metabolomics and Mass Spectrometry Studies,75,0.15
Lipoproteins and Cardiovascular Health,74,0.15
Prostate Cancer Treatment and Research,74,0.15
Health Policy Implementation Science,74,0.15
Solar-Powered Water Purification Methods,74,0.15
Metamaterials and Metasurfaces Applications,73,0.15
Neural dynamics and brain function,72,0.14
Atmospheric and Environmental Gas Dynamics,72,0.14
Blood Pressure and Hypertension Studies,72,0.14
Climate Change and Health Impacts,71,0.14
Radical Photochemical Reactions,71,0.14
Bladder and Urothelial Cancer Treatments,69,0.14
Environmental Sustainability in Business,69,0.14
Cosmology and Gravitation Theories,69,0.14
Extraction and Separation Processes,69,0.14
Diet and metabolism studies,68,0.14
Machine Fault Diagnosis Techniques,68,0.14
Autism Spectrum Disorder Research,67,0.13
Advanced biosensing and bioanalysis techniques,67,0.13
Physical Activity and Health,67,0.13
Sepsis Diagnosis and Treatment,66,0.13
Vaccine Coverage and Hesitancy,66,0.13
"Telomeres, Telomerase, and Senescence",65,0.13
Climate Change Policy and Economics,65,0.13
Nanocomposite Films for Food Packaging,65,0.13
Mosquito-borne diseases and control,64,0.13
Genomics and Rare Diseases,64,0.13
Circular RNAs in diseases,64,0.13
Digital Mental Health Interventions,64,0.13
biodegradable polymer synthesis and properties,64,0.13
Bacteriophages and microbial interactions,63,0.13
Quantum Information and Cryptography,63,0.13
Acute Myeloid Leukemia Research,63,0.13
Tryptophan and brain disorders,63,0.13
Adversarial Robustness in Machine Learning,63,0.13
Cancer-related molecular mechanisms research,62,0.12
Mental Health Research Topics,61,0.12
Machine Learning and Data Classification,61,0.12
Impact of Technology on Adolescents,61,0.12
Virtual Reality Applications and Impacts,61,0.12
"Obesity, Physical Activity, Diet",60,0.12
Machine Learning in Healthcare,60,0.12
Atmospheric chemistry and aerosols,59,0.12
Supply Chain Resilience and Risk Management,59,0.12
MicroRNA in disease regulation,59,0.12
Carbon and Quantum Dots Applications,59,0.12
Heart Failure Treatment and Management,59,0.12
Robotics and Sensor-Based Localization,58,0.12
Neural Networks and Applications,58,0.12
Sleep and related disorders,57,0.11
"Stellar, planetary, and galactic studies",57,0.11
Advanced Causal Inference Techniques,57,0.11
Antibiotic Use and Resistance,57,0.11
Advanced Image and Video Retrieval Techniques,56,0.11
Agriculture Sustainability and Environmental Impact,56,0.11
Land Use and Ecosystem Services,55,0.11
Membrane Separation Technologies,55,0.11
Qualitative Research Methods and Applications,55,0.11
Advanced Thermoelectric Materials and Devices,55,0.11
"Hydrogels: synthesis, properties, applications",54,0.11
EEG and Brain-Computer Interfaces,54,0.11
Face recognition and analysis,54,0.11
Nutritional Studies and Diet,54,0.11
HER2/EGFR in Cancer Research,54,0.11
COVID-19 and healthcare impacts,54,0.11
"Health Systems, Economic Evaluations, Quality of Life",53,0.11
Breast Cancer Treatment Studies,53,0.11
Thermochemical Biomass Conversion Processes,52,0.1
Remote Sensing in Agriculture,52,0.1
T-cell and B-cell Immunology,52,0.1
Cardiac Valve Diseases and Treatments,52,0.1
Oral microbiology and periodontitis research,52,0.1
Hydrogen Storage and Materials,51,0.1
Systemic Lupus Erythematosus Research,51,0.1
Bacterial biofilms and quorum sensing,51,0.1
Osteoarthritis Treatment and Mechanisms,51,0.1
SARS-CoV-2 detection and testing,51,0.1
Natural Language Processing Techniques,50,0.1
Cell Image Analysis Techniques,50,0.1
Healthcare professionals’ stress and burnout,50,0.1
Chronic Kidney Disease and Diabetes,49,0.1
Carbon Dioxide Capture Technologies,49,0.1
Advanced Breast Cancer Therapies,49,0.1
Microgrid Control and Optimization,49,0.1
Gold and Silver Nanoparticles Synthesis and Applications,49,0.1
Prostate Cancer Diagnosis and Treatment,49,0.1
Multiple Sclerosis Research Studies,49,0.1
Market Dynamics and Volatility,49,0.1
UAV Applications and Optimization,49,0.1
Neural Networks and Reservoir Computing,49,0.1
Protein Degradation and Inhibitors,48,0.1
Plant Water Relations and Carbon Dynamics,48,0.1
Luminescence and Fluorescent Materials,48,0.1
"Neutrophil, Myeloperoxidase and Oxidative Mechanisms",48,0.1
Chronic Obstructive Pulmonary Disease (COPD) Research,48,0.1
Lung Cancer Diagnosis and Treatment,48,0.1
3D Shape Modeling and Analysis,48,0.1
Gastric Cancer Management and Outcomes,48,0.1
Colorectal Cancer Treatments and Studies,48,0.1
Respiratory Support and Mechanisms,48,0.1
Artificial Intelligence in Healthcare,48,0.1
Colorectal Cancer Screening and Detection,47,0.09
Energy Load and Power Forecasting,47,0.09
Cardiovascular Function and Risk Factors,47,0.09
Imbalanced Data Classification Techniques,47,0.09
Traffic Prediction and Management Techniques,47,0.09
Renal cell carcinoma treatment,47,0.09
"Adipokines, Inflammation, and Metabolic Diseases",47,0.09
RNA and protein synthesis mechanisms,46,0.09
Child and Adolescent Psychosocial and Emotional Development,46,0.09
Concrete and Cement Materials Research,45,0.09
Advanced Image Fusion Techniques,45,0.09
Multiple Myeloma Research and Treatments,45,0.09
Magnetic properties of thin films,45,0.09
Respiratory viral infections research,45,0.09
Antifungal resistance and susceptibility,45,0.09
Bone Tissue Engineering Materials,44,0.09
Catalytic C–H Functionalization Methods,44,0.09
Brain Tumor Detection and Classification,44,0.09
COVID-19 Pandemic Impacts,44,0.09
Organic Light-Emitting Diodes Research,43,0.09
Environmental Impact and Sustainability,43,0.09
Interstitial Lung Diseases and Idiopathic Pulmonary Fibrosis,43,0.09
Esophageal Cancer Research and Treatment,43,0.09
Advanced Proteomics Techniques and Applications,43,0.09
Chromosomal and Genetic Variations,43,0.09
Sentiment Analysis and Opinion Mining,43,0.09
Reinforcement Learning in Robotics,43,0.09
scientometrics and bibliometrics research,42,0.08
Adipose Tissue and Metabolism,42,0.08
Qualitative Research Methods and Ethics,42,0.08
Visual Attention and Saliency Detection,42,0.08
"Genomics, phytochemicals, and oxidative stress",41,0.08
Virus-based gene therapy research,41,0.08
Catalysts for Methane Reforming,41,0.08
Thermal Radiation and Cooling Technologies,41,0.08
Urban Green Space and Health,40,0.08
Particle physics theoretical and experimental studies,40,0.08
Mental Health Treatment and Access,40,0.08
Fire effects on ecosystems,40,0.08
Time Series Analysis and Forecasting,40,0.08
Polymer composites and self-healing,40,0.08
Opioid Use Disorder Treatment,40,0.08
Rheumatoid Arthritis Research and Therapies,40,0.08
Endometrial and Cervical Cancer Treatments,39,0.08
Retinal Diseases and Treatments,39,0.08
Amyotrophic Lateral Sclerosis Research,39,0.08
Infection Control and Ventilation,39,0.08
Complex Network Analysis Techniques,39,0.08
Advanced Cellulose Research Studies,39,0.08
Probiotics and Fermented Foods,39,0.08
Advanced Materials and Mechanics,39,0.08
Global Public Health Policies and Epidemiology,39,0.08
Per- and polyfluoroalkyl substances research,39,0.08
Cervical Cancer and HPV Research,38,0.08
Plant and animal studies,38,0.08
Cardiac Arrest and Resuscitation,38,0.08
PI3K/AKT/mTOR signaling in cancer,38,0.08
Global Maternal and Child Health,38,0.08
Barrier Structure and Function Studies,38,0.08
Gamma-ray bursts and supernovae,38,0.08
Venous Thromboembolism Diagnosis and Management,37,0.07
Political Economy and Marxism,37,0.07
Smoking Behavior and Cessation,37,0.07
Customer Service Quality and Loyalty,37,0.07
Essential Oils and Antimicrobial Activity,37,0.07
Pregnancy and preeclampsia studies,37,0.07
Gas Sensing Nanomaterials and Sensors,37,0.07
"Genetics, Bioinformatics, and Biomedical Research",37,0.07
Head and Neck Cancer Studies,37,0.07
Drug Transport and Resistance Mechanisms,37,0.07
Schizophrenia research and treatment,36,0.07
Ecology and Vegetation Dynamics Studies,36,0.07
Cryospheric studies and observations,36,0.07
Asthma and respiratory diseases,36,0.07
Urban Heat Island Mitigation,36,0.07
Biofuel production and bioconversion,35,0.07
Musculoskeletal pain and rehabilitation,35,0.07
Acute Myocardial Infarction Research,35,0.07
Microbial Natural Products and Biosynthesis,35,0.07
Frailty in Older Adults,35,0.07
PARP inhibition in cancer therapy,35,0.07
Speech Recognition and Synthesis,34,0.07
Endoplasmic Reticulum Stress and Disease,34,0.07
Neuroscience and Neuropharmacology Research,34,0.07
Quantum Mechanics and Non-Hermitian Physics,34,0.07
Photonic and Optical Devices,34,0.07
Quantum many-body systems,34,0.07
Cardiovascular Health and Risk Factors,34,0.07
Advanced Chemical Physics Studies,34,0.07
Infrastructure Maintenance and Monitoring,34,0.07
Pluripotent Stem Cells Research,33,0.07
Diabetes and associated disorders,33,0.07
Global Energy and Sustainability Research,33,0.07
Cell death mechanisms and regulation,33,0.07
Phase Change Materials Research,33,0.07
Online and Blended Learning,33,0.07
Cutaneous Melanoma Detection and Management,33,0.07
Diabetes Management and Research,33,0.07
Financial Markets and Investment Strategies,33,0.07
Fuel Cells and Related Materials,33,0.07
COVID-19 Impact on Reproduction,33,0.07
Melanoma and MAPK Pathways,32,0.06
Thyroid Cancer Diagnosis and Treatment,32,0.06
Innovation and Knowledge Management,32,0.06
Cancer survivorship and care,32,0.06
Energy and Environment Impacts,32,0.06
Ferroelectric and Piezoelectric Materials,32,0.06
Surface Modification and Superhydrophobicity,32,0.06
Telemedicine and Telehealth Implementation,32,0.06
Antimicrobial Peptides and Activities,32,0.06
Flood Risk Assessment and Management,32,0.06
Bone health and osteoporosis research,32,0.06
Retinal Imaging and Analysis,32,0.06
Gene expression and cancer classification,31,0.06
Circadian rhythm and melatonin,31,0.06
Dermatology and Skin Diseases,31,0.06
Integrated Energy Systems Optimization,31,0.06
Scientific Computing and Data Management,31,0.06
"IL-33, ST2, and ILC Pathways",31,0.06
Advanced Electron Microscopy Techniques and Applications,31,0.06
Ionic liquids properties and applications,31,0.06
Atherosclerosis and Cardiovascular Diseases,31,0.06
Cytokine Signaling Pathways and Interactions,31,0.06
Ovarian cancer diagnosis and treatment,31,0.06
"Metabolism, Diabetes, and Cancer",31,0.06
Sustainable Development and Environmental Policy,30,0.06
Natural Fiber Reinforced Composites,30,0.06
Job Satisfaction and Organizational Behavior,30,0.06
Colorectal Cancer Surgical Treatments,30,0.06
Conducting polymers and applications,30,0.06
Data Analysis with R,30,0.06
Cardiac Imaging and Diagnostics,30,0.06
Mobile Health and mHealth Applications,30,0.06
Climate change impacts on agriculture,30,0.06
"Cardiac, Anesthesia and Surgical Outcomes",30,0.06
Mycorrhizal Fungi and Plant Interactions,29,0.06
Receptor Mechanisms and Signaling,29,0.06
Vitamin C and Antioxidants Research,29,0.06
Helicobacter pylori-related gastroenterology studies,29,0.06
Social Media and Politics,29,0.06
Lignin and Wood Chemistry,29,0.06
"Genetics, Aging, and Longevity in Model Organisms",29,0.06
Child Abuse and Trauma,29,0.06
Cellular Mechanics and Interactions,29,0.06
Quantum Dots Synthesis And Properties,29,0.06
Advanced Glycation End Products research,29,0.06
Mesenchymal stem cell research,29,0.06
Autonomous Vehicle Technology and Safety,29,0.06
Zoonotic diseases and public health,29,0.06
Cellular and Composite Structures,29,0.06
Poxvirus research and outbreaks,29,0.06
Behavioral Health and Interventions,28,0.06
"Conservation, Biodiversity, and Resource Management",28,0.06
Psoriasis: Treatment and Pathogenesis,28,0.06
Acute Kidney Injury Research,28,0.06
Machine Learning in Bioinformatics,28,0.06
Memory and Neural Mechanisms,28,0.06
Bariatric Surgery and Outcomes,28,0.06
Luminescence Properties of Advanced Materials,28,0.06
Innovative Microfluidic and Catalytic Techniques Innovation,28,0.06
Clostridium difficile and Clostridium perfringens research,28,0.06
Smart Cities and Technologies,28,0.06
Influenza Virus Research Studies,28,0.06
Multi-Criteria Decision Making,27,0.05
Educational Games and Gamification,27,0.05
Genetic factors in colorectal cancer,27,0.05
Neurogenesis and neuroplasticity mechanisms,27,0.05
Trace Elements in Health,27,0.05
Spectroscopy and Chemometric Analyses,27,0.05
Digital Economy and Work Transformation,27,0.05
Pulmonary Hypertension Research and Treatments,27,0.05
Cancer-related Molecular Pathways,27,0.05
Lung Cancer Research Studies,27,0.05
Micro and Nano Robotics,27,0.05
Dark Matter and Cosmic Phenomena,27,0.05
Legume Nitrogen Fixing Symbiosis,27,0.05
Genetic Mapping and Diversity in Plants and Animals,27,0.05
Electrochemical Analysis and Applications,27,0.05
Tuberculosis Research and Epidemiology,27,0.05
Statistical Methods in Clinical Trials,27,0.05
Algal biology and biofuel production,27,0.05
Advanced MIMO Systems Optimization,27,0.05
Climate Change Communication and Perception,27,0.05
Delphi Technique in Research,27,0.05
Advanced Drug Delivery Systems,27,0.05
Image and Signal Denoising Methods,27,0.05
Computer Graphics and Visualization Techniques,27,0.05
Statistical Methods and Inference,26,0.05
Cerebrospinal fluid and hydrocephalus,26,0.05
Suicide and Self-Harm Studies,26,0.05
Geology and Paleoclimatology Research,26,0.05
Stress Responses and Cortisol,26,0.05
Epilepsy research and treatment,26,0.05
Cholangiocarcinoma and Gallbladder Cancer Studies,26,0.05
Angiogenesis and VEGF in Cancer,26,0.05
Obstructive Sleep Apnea Research,26,0.05
Plant nutrient uptake and metabolism,26,0.05
Migraine and Headache Studies,26,0.05
Hydrology and Watershed Management Studies,26,0.05
Coral and Marine Ecosystems Studies,26,0.05
Monoclonal and Polyclonal Antibodies Research,26,0.05
"Cancer, Lipids, and Metabolism",26,0.05
Psychedelics and Drug Studies,26,0.05
Statistical Methods and Bayesian Inference,26,0.05
"Health, Environment, Cognitive Aging",26,0.05
Digital Media Forensic Detection,26,0.05
Computational Physics and Python Applications,26,0.05
Smart Grid Energy Management,25,0.05
Vitamin D Research Studies,25,0.05
Child Nutrition and Water Access,25,0.05
Eating Disorders and Behaviors,25,0.05
DNA Repair Mechanisms,25,0.05
Global trade and economics,25,0.05
Coronary Interventions and Diagnostics,25,0.05
Attention Deficit Hyperactivity Disorder,25,0.05
Microbial Metabolic Engineering and Bioproduction,25,0.05
Enzyme Structure and Function,25,0.05
Ovarian function and disorders,25,0.05
Nanomaterials for catalytic reactions,25,0.05
Pain Mechanisms and Treatments,25,0.05
Lymphoma Diagnosis and Treatment,25,0.05
Plant Molecular Biology Research,25,0.05
Heavy Metal Exposure and Toxicity,25,0.05
Stock Market Forecasting Methods,25,0.05
Forest Management and Policy,24,0.05
Pancreatic function and diabetes,24,0.05
Thermal properties of materials,24,0.05
Advanced Fiber Laser Technologies,24,0.05
Mindfulness and Compassion Interventions,24,0.05
Neonatal Respiratory Health Research,24,0.05
Chronic Disease Management Strategies,24,0.05
Free Radicals and Antioxidants,24,0.05
Intelligent Tutoring Systems and Adaptive Learning,24,0.05
Gestational Diabetes Research and Management,24,0.05
Enzyme Catalysis and Immobilization,24,0.05
Motivation and Self-Concept in Sports,24,0.05
Treatment of Major Depression,24,0.05
Ubiquitin and proteasome pathways,24,0.05
Emotion and Mood Recognition,24,0.05
Industrial Vision Systems and Defect Detection,24,0.05
Hydrological Forecasting Using AI,24,0.05
HIV/AIDS Research and Interventions,23,0.05
Posttraumatic Stress Disorder Research,23,0.05
Geophysics and Gravity Measurements,23,0.05
Entrepreneurship Studies and Influences,23,0.05
Chalcogenide Semiconductor Thin Films,23,0.05
Advanced Fluorescence Microscopy Techniques,23,0.05
Plant Gene Expression Analysis,23,0.05
Chemistry and Chemical Engineering,23,0.05
Social and Intergroup Psychology,23,0.05
Water-Energy-Food Nexus Studies,23,0.05
Psychometric Methodologies and Testing,23,0.05
Sirtuins and Resveratrol in Medicine,23,0.05
Electric Vehicles and Infrastructure,23,0.05
Liver Disease and Transplantation,23,0.05
Biosensors and Analytical Detection,23,0.05
Advanced Statistical Methods and Models,23,0.05
Dialysis and Renal Disease Management,23,0.05
Antiplatelet Therapy and Cardiovascular Diseases,23,0.05
"FinTech, Crowdfunding, Digital Finance",23,0.05
Corporate Finance and Governance,23,0.05
Mechanical Circulatory Support Devices,23,0.05
Electrospun Nanofibers in Biomedical Applications,23,0.05
Robotic Path Planning Algorithms,23,0.05
Intracerebral and Subarachnoid Hemorrhage Research,23,0.05
Dielectric materials and actuators,23,0.05
Vasculitis and related conditions,23,0.05
Psychotherapy Techniques and Applications,22,0.04
Meteorological Phenomena and Simulations,22,0.04
Phagocytosis and Immune Regulation,22,0.04
Food Security and Health in Diverse Populations,22,0.04
Evaluation and Performance Assessment,22,0.04
Recycling and Waste Management Techniques,22,0.04
"Income, Poverty, and Inequality",22,0.04
vaccines and immunoinformatics approaches,22,0.04
Immune responses and vaccinations,22,0.04
Spinal Cord Injury Research,22,0.04
Chronic Lymphocytic Leukemia Research,21,0.04
Immune Response and Inflammation,21,0.04
Millimeter-Wave Propagation and Modeling,21,0.04
TiO2 Photocatalysis and Solar Cells,21,0.04
Service and Product Innovation,21,0.04
Astrophysics and Cosmic Phenomena,21,0.04
Software Engineering Research,21,0.04
Peripheral Artery Disease Management,21,0.04
Plant responses to elevated CO2,21,0.04
Chemotherapy-induced cardiotoxicity and mitigation,21,0.04
"LGBTQ Health, Identity, and Policy",21,0.04
Cell Adhesion Molecules Research,21,0.04
Municipal Solid Waste Management,21,0.04
Cardiac Fibrosis and Remodeling,21,0.04
Microstructure and mechanical properties,21,0.04
Advanced Chemical Sensor Technologies,21,0.04
Building Energy and Comfort Optimization,20,0.04
Diverse Aspects of Tourism Research,20,0.04
Face and Expression Recognition,20,0.04
Iron Metabolism and Disorders,20,0.04
"Birth, Development, and Health",20,0.04
Cystic Fibrosis Research Advances,20,0.04
"Gout, Hyperuricemia, Uric Acid",20,0.04
Gastrointestinal motility and disorders,20,0.04
Hepatitis B Virus Studies,20,0.04
Monetary Policy and Economic Impact,20,0.04
Nerve injury and regeneration,20,0.04
Cannabis and Cannabinoid Research,20,0.04
Physics of Superconductivity and Magnetism,20,0.04
Biomedical Text Mining and Ontologies,20,0.04
Coastal wetland ecosystem dynamics,20,0.04
Image and Video Quality Assessment,20,0.04
Redox biology and oxidative stress,20,0.04
Molecular Sensors and Ion Detection,20,0.04
Environmental Education and Sustainability,20,0.04
Curcumin's Biomedical Applications,20,0.04
Maternal Mental Health During Pregnancy and Postpartum,20,0.04
Speech and Audio Processing,20,0.04
Economic Theory and Institutions,20,0.04
Consumer Attitudes and Food Labeling,20,0.04
Diabetic Foot Ulcer Assessment and Management,20,0.04
Wnt/β-catenin signaling in development and cancer,20,0.04
Air Quality Monitoring and Forecasting,20,0.04
Substance Abuse Treatment and Outcomes,19,0.04
Soft Robotics and Applications,19,0.04
Digital Platforms and Economics,19,0.04
Quantum Mechanics and Applications,19,0.04
Cardiomyopathy and Myosin Studies,19,0.04
Catalysis for Biomass Conversion,19,0.04
Forecasting Techniques and Applications,19,0.04
Handwritten Text Recognition Techniques,19,0.04
Economic Growth and Productivity,19,0.04
Electron and X-Ray Spectroscopy Techniques,19,0.04
Intensive Care Unit Cognitive Disorders,19,0.04
"Amyloidosis: Diagnosis, Treatment, Outcomes",19,0.04
Liver physiology and pathology,19,0.04
Nanocluster Synthesis and Applications,19,0.04
Magnesium Alloys: Properties and Applications,19,0.04
COVID-19 impact on air quality,19,0.04
Graphene and Nanomaterials Applications,18,0.04
Robot Manipulation and Learning,18,0.04
Click Chemistry and Applications,18,0.04
Hydrology and Drought Analysis,18,0.04
Methane Hydrates and Related Phenomena,18,0.04
Food composition and properties,18,0.04
Soil Geostatistics and Mapping,18,0.04
Environmental DNA in Biodiversity Studies,18,0.04
Sarcoma Diagnosis and Treatment,18,0.04
Sustainability and Climate Change Governance,18,0.04
Effects and risks of endocrine disrupting chemicals,18,0.04
Advanced Multi-Objective Optimization Algorithms,18,0.04
Smart Grid Security and Resilience,18,0.04
Spectroscopy and Quantum Chemical Studies,18,0.04
Evolution and Genetic Dynamics,18,0.04
Fatty Acid Research and Health,18,0.04
Advancements in Transdermal Drug Delivery,18,0.04
Hepatitis C virus research,18,0.04
Psychological Well-being and Life Satisfaction,18,0.04
Endometriosis Research and Treatment,18,0.04
Astrophysical Phenomena and Observations,18,0.04
Inflammatory Biomarkers in Disease Prognosis,18,0.04
Medical Image Segmentation Techniques,17,0.03
"Race, History, and American Society",17,0.03
Photosynthetic Processes and Mechanisms,17,0.03
Management and Organizational Studies,17,0.03
Teaching and Learning Programming,17,0.03
Animal testing and alternatives,17,0.03
Nitric Oxide and Endothelin Effects,17,0.03
Ecosystem dynamics and resilience,17,0.03
BRCA gene mutations in cancer,17,0.03
Indoor and Outdoor Localization Technologies,17,0.03
Advanced Neuroimaging Techniques and Applications,17,0.03
Crystallography and molecular interactions,17,0.03
Landslides and related hazards,17,0.03
Cardiac Health and Mental Health,17,0.03
Wastewater Treatment and Nitrogen Removal,17,0.03
Alcohol Consumption and Health Effects,17,0.03
Non-Invasive Vital Sign Monitoring,17,0.03
Education and Critical Thinking Development,17,0.03
Pharmacology and Obesity Treatment,17,0.03
Lipid Membrane Structure and Behavior,17,0.03
Racial and Ethnic Identity Research,17,0.03
Neurological disorders and treatments,17,0.03
Advanced Condensed Matter Physics,17,0.03
NF-κB Signaling Pathways,17,0.03
Pancreatitis Pathology and Treatment,17,0.03
BIM and Construction Integration,17,0.03
Pesticide and Herbicide Environmental Studies,17,0.03
Sports Performance and Training,17,0.03
Solar Radiation and Photovoltaics,17,0.03
Photoreceptor and optogenetics research,16,0.03
Glycosylation and Glycoproteins Research,16,0.03
Plasmonic and Surface Plasmon Research,16,0.03
Forensic and Genetic Research,16,0.03
Soil erosion and sediment transport,16,0.03
Distributed Control Multi-Agent Systems,16,0.03
Sharing Economy and Platforms,16,0.03
Marine and coastal ecosystems,16,0.03
Healthcare Policy and Management,16,0.03
Neural and Behavioral Psychology Studies,16,0.03
Magnetism in coordination complexes,16,0.03
Acute Lymphoblastic Leukemia research,16,0.03
Antimicrobial Resistance in Staphylococcus,16,0.03
Data Mining Algorithms and Applications,16,0.03
Maternal and Perinatal Health Interventions,16,0.03
Advancements in Solid Oxide Fuel Cells,16,0.03
Genetic diversity and population structure,16,0.03
Music and Audio Processing,16,0.03
Geochemistry and Geologic Mapping,16,0.03
Black Holes and Theoretical Physics,16,0.03
Innovations in Concrete and Construction Materials,16,0.03
Viral gastroenteritis research and epidemiology,16,0.03
Work-Family Balance Challenges,16,0.03
Electoral Systems and Political Participation,16,0.03
Cognitive Abilities and Testing,16,0.03
Radioactive element chemistry and processing,16,0.03
Proteins in Food Systems,16,0.03
Cancer Risks and Factors,16,0.03
Antenna Design and Analysis,16,0.03
Gaussian Processes and Bayesian Inference,15,0.03
Hormonal Regulation and Hypertension,15,0.03
Ophthalmology and Visual Impairment Studies,15,0.03
Polymer Surface Interaction Studies,15,0.03
Evolution and Paleontology Studies,15,0.03
Zeolite Catalysis and Synthesis,15,0.03
Cloud Computing and Resource Management,15,0.03
Pneumonia and Respiratory Infections,15,0.03
Complex Systems and Decision Making,15,0.03
Climate change and permafrost,15,0.03
Skin Protection and Aging,15,0.03
Impact of Light on Environment and Health,15,0.03
Neuroscience and Neural Engineering,15,0.03
Aluminum Alloys Composites Properties,15,0.03
Synthesis and Properties of Aromatic Compounds,15,0.03
Data Stream Mining Techniques,15,0.03
Employment and Welfare Studies,15,0.03
Cold Atom Physics and Bose-Einstein Condensates,15,0.03
Food Allergy and Anaphylaxis Research,15,0.03
Brain Metastases and Treatment,15,0.03
Qualitative Comparative Analysis Research,15,0.03
Innovative concrete reinforcement materials,15,0.03
Neuroendocrine Tumor Research Advances,15,0.03
ECG Monitoring and Analysis,15,0.03
Housing Market and Economics,15,0.03
"Populism, Right-Wing Movements",15,0.03
Educational Methods and Media Use,15,0.03
Education Systems and Policy,15,0.03
Transplantation: Methods and Outcomes,15,0.03
Quantum Chromodynamics and Particle Interactions,15,0.03
Remote Sensing and LiDAR Applications,15,0.03
Early Childhood Education and Development,15,0.03
Sex and Gender in Healthcare,15,0.03
Nanopore and Nanochannel Transport Studies,15,0.03
Photovoltaic Systems and Sustainability,15,0.03
Arctic and Antarctic ice dynamics,15,0.03
Enzyme-mediated dye degradation,15,0.03
Cancer Research and Treatments,15,0.03
Advanced Clustering Algorithms Research,14,0.03
Recycled Aggregate Concrete Performance,14,0.03
Drug Solubulity and Delivery Systems,14,0.03
Renal and related cancers,14,0.03
Membrane Separation and Gas Transport,14,0.03
Neurotransmitter Receptor Influence on Behavior,14,0.03
Food Waste Reduction and Sustainability,14,0.03
Energy Harvesting in Wireless Networks,14,0.03
"Anxiety, Depression, Psychometrics, Treatment, Cognitive Processes",14,0.03
Obesity and Health Practices,14,0.03
Electronic Health Records Systems,14,0.03
Reproductive tract infections research,14,0.03
X-ray Diffraction in Crystallography,14,0.03
Adaptive Control of Nonlinear Systems,14,0.03
Sparse and Compressive Sensing Techniques,14,0.03
Hippo pathway signaling and YAP/TAZ,14,0.03
Atmospheric aerosols and clouds,14,0.03
Hate Speech and Cyberbullying Detection,14,0.03
Economic and Environmental Valuation,14,0.03
Tissue Engineering and Regenerative Medicine,14,0.03
Lipid metabolism and biosynthesis,14,0.03
Complex Systems and Time Series Analysis,14,0.03
"Energy, Environment, and Transportation Policies",14,0.03
Urban Transport and Accessibility,14,0.03
Health Literacy and Information Accessibility,14,0.03
Carbon dioxide utilization in catalysis,14,0.03
Dietary Effects on Health,14,0.03
Clinical Reasoning and Diagnostic Skills,14,0.03
Spondyloarthritis Studies and Treatments,14,0.03
Transportation and Mobility Innovations,14,0.03
Palliative Care and End-of-Life Issues,14,0.03
Transcranial Magnetic Stimulation Studies,14,0.03
"Trauma, Hemostasis, Coagulopathy, Resuscitation",14,0.03
Spatial and Panel Data Analysis,14,0.03
Polysaccharides and Plant Cell Walls,14,0.03
Cardiac pacing and defibrillation studies,14,0.03
Ga2O3 and related materials,14,0.03
Sleep and Wakefulness Research,14,0.03
Traumatic Brain Injury Research,14,0.03
Context-Aware Activity Recognition Systems,14,0.03
Economic theories and models,14,0.03
Global Health Care Issues,14,0.03
Electrochemical sensors and biosensors,14,0.03
Magnetic and transport properties of perovskites and related materials,14,0.03
TGF-β signaling in diseases,14,0.03
Protein Kinase Regulation and GTPase Signaling,14,0.03
CO2 Sequestration and Geologic Interactions,14,0.03
Peptidase Inhibition and Analysis,14,0.03
Bayesian Modeling and Causal Inference,14,0.03
"Insurance, Mortality, Demography, Risk Management",14,0.03
Kawasaki Disease and Coronary Complications,14,0.03
Fish Ecology and Management Studies,14,0.03
"Cancer, Stress, Anesthesia, and Immune Response",14,0.03
Immunodeficiency and Autoimmune Disorders,13,0.03
Antioxidant Activity and Oxidative Stress,13,0.03
Autoimmune and Inflammatory Disorders Research,13,0.03
Public Policy and Administration Research,13,0.03
High-pressure geophysics and materials,13,0.03
"Auditing, Earnings Management, Governance",13,0.03
Microbial bioremediation and biosurfactants,13,0.03
Bone Metabolism and Diseases,13,0.03
Fault Detection and Control Systems,13,0.03
Parallel Computing and Optimization Techniques,13,0.03
Dental Health and Care Utilization,13,0.03
3D Surveying and Cultural Heritage,13,0.03
Consumer Behavior in Brand Consumption and Identification,13,0.03
Multilingual Education and Policy,13,0.03
Acoustic Wave Phenomena Research,13,0.03
"Climate Change, Adaptation, Migration",13,0.03
Quantum and electron transport phenomena,13,0.03
Salmonella and Campylobacter epidemiology,13,0.03
Teacher Education and Leadership Studies,13,0.03
Mobile Crowdsensing and Crowdsourcing,13,0.03
Patient-Provider Communication in Healthcare,13,0.03
Genetic and phenotypic traits in livestock,13,0.03
Aquaculture Nutrition and Growth,13,0.03
Consumer Retail Behavior Studies,13,0.03
Water resources management and optimization,13,0.03
Resilience and Mental Health,13,0.03
"Education, Achievement, and Giftedness",13,0.03
Traumatic Brain Injury and Neurovascular Disturbances,13,0.03
Total Knee Arthroplasty Outcomes,13,0.03
Astronomy and Astrophysical Research,13,0.03
Aquatic Ecosystems and Phytoplankton Dynamics,13,0.03
Electronic and Structural Properties of Oxides,13,0.03
"Neuroscience, Education and Cognitive Function",13,0.03
Fractional Differential Equations Solutions,13,0.03
Brazilian Legal Issues,13,0.03
Medical Imaging Techniques and Applications,13,0.03
Media Influence and Politics,13,0.03
Advanced Malware Detection Techniques,13,0.03
Labor market dynamics and wage inequality,13,0.03
Structural Health Monitoring Techniques,13,0.03
Advanced Combustion Engine Technologies,13,0.03
Chromium effects and bioremediation,13,0.03
Water Quality and Pollution Assessment,13,0.03
Muscle Physiology and Disorders,13,0.03
Technology-Enhanced Education Studies,13,0.03
Cardiovascular Disease and Adiposity,13,0.03
Viral Infections and Immunology Research,13,0.03
Geological and Geochemical Analysis,12,0.02
E-Government and Public Services,12,0.02
EFL/ESL Teaching and Learning,12,0.02
Cultural Differences and Values,12,0.02
Malaria Research and Control,12,0.02
Microfinance and Financial Inclusion,12,0.02
Pharmacogenetics and Drug Metabolism,12,0.02
Membrane-based Ion Separation Techniques,12,0.02
Cognitive Science and Mapping,12,0.02
Innovative Teaching and Learning Methods,12,0.02
Supramolecular Self-Assembly in Materials,12,0.02
Ferroelectric and Negative Capacitance Devices,12,0.02
"Privacy, Security, and Data Protection",12,0.02
Anaerobic Digestion and Biogas Production,12,0.02
Spectroscopy Techniques in Biomedical and Chemical Research,12,0.02
Asymmetric Hydrogenation and Catalysis,12,0.02
Bipolar Disorder and Treatment,12,0.02
Wildlife Ecology and Conservation,12,0.02
International Business and FDI,12,0.02
Child Development and Digital Technology,12,0.02
Experimental Behavioral Economics Studies,12,0.02
Neurobiology of Language and Bilingualism,12,0.02
Psychology of Moral and Emotional Judgment,12,0.02
Data Visualization and Analytics,12,0.02
Liver Diseases and Immunity,12,0.02
Evolutionary Algorithms and Applications,12,0.02
Orbital Angular Momentum in Optics,12,0.02
Hemoglobinopathies and Related Disorders,12,0.02
"Language, Discourse, Communication Strategies",12,0.02
Bayesian Methods and Mixture Models,12,0.02
"Diet, Metabolism, and Disease",12,0.02
Heat Transfer and Optimization,12,0.02
Wireless Signal Modulation Classification,12,0.02
Muscle metabolism and nutrition,12,0.02
Analytical chemistry methods development,12,0.02
Selenium in Biological Systems,12,0.02
Software Testing and Debugging Techniques,12,0.02
Chaos-based Image/Signal Encryption,12,0.02
Cytomegalovirus and herpesvirus research,12,0.02
Advanced Control Systems Optimization,12,0.02
Enhanced Recovery After Surgery,12,0.02
Digital literacy in education,12,0.02
Histone Deacetylase Inhibitors Research,12,0.02
Classical Philosophy and Thought,12,0.02
Heart Rate Variability and Autonomic Control,11,0.02
DNA and Nucleic Acid Chemistry,11,0.02
Congenital heart defects research,11,0.02
Bacterial Identification and Susceptibility Testing,11,0.02
Psychosomatic Disorders and Their Treatments,11,0.02
Robotic Locomotion and Control,11,0.02
Plant Growth Enhancement Techniques,11,0.02
Astrophysics and Star Formation Studies,11,0.02
Carbon Nanotubes in Composites,11,0.02
Disaster Management and Resilience,11,0.02
Plant Parasitism and Resistance,11,0.02
Innovative Teaching Methods,11,0.02
"Gender, Feminism, and Media",11,0.02
Pharmaceutical Practices and Patient Outcomes,11,0.02
Corrosion Behavior and Inhibition,11,0.02
Sulfur Compounds in Biology,11,0.02
Multiferroics and related materials,11,0.02
Urinary Tract Infections Management,11,0.02
Plant Virus Research Studies,11,0.02
Renal Diseases and Glomerulopathies,11,0.02
Advanced Thermodynamics and Statistical Mechanics,11,0.02
Disaster Response and Management,11,0.02
Advanced MRI Techniques and Applications,11,0.02
Menopause: Health Impacts and Treatments,11,0.02
ZnO doping and properties,11,0.02
Sinusitis and nasal conditions,11,0.02
Cerebrovascular and Carotid Artery Diseases,11,0.02
Sperm and Testicular Function,11,0.02
Olfactory and Sensory Function Studies,11,0.02
Chemical Synthesis and Analysis,11,0.02
Healthcare Systems and Reforms,11,0.02
Economic Theory and Policy,11,0.02
Manufacturing Process and Optimization,11,0.02
Orthopedic Infections and Treatments,11,0.02
Nonlinear Waves and Solitons,11,0.02
Astro and Planetary Science,11,0.02
Political Philosophy and Ethics,11,0.02
Chronic Myeloid Leukemia Treatments,11,0.02
solar cell performance optimization,11,0.02
Clinical practice guidelines implementation,11,0.02
Advanced Polymer Synthesis and Characterization,11,0.02
Semiconductor materials and devices,11,0.02
"Computability, Logic, AI Algorithms",11,0.02
Catalysis and Oxidation Reactions,11,0.02
Visual and Cognitive Learning Processes,11,0.02
Contemporary Sociological Theory and Practice,11,0.02
"Healthcare cost, quality, practices",11,0.02
Radar Systems and Signal Processing,11,0.02
Chemokine receptors and signaling,11,0.02
Peatlands and Wetlands Ecology,11,0.02
Neurobiology and Insect Physiology Research,11,0.02
Educational Curriculum and Learning Methods,11,0.02
Sustainable Finance and Green Bonds,11,0.02
Titanium Alloys Microstructure and Properties,11,0.02
Kidney Stones and Urolithiasis Treatments,10,0.02
Bacterial Infections and Vaccines,10,0.02
Nanofluid Flow and Heat Transfer,10,0.02
History and advancements in chemistry,10,0.02
Cardiovascular and exercise physiology,10,0.02
Analytical Chemistry and Sensors,10,0.02
Hematopoietic Stem Cell Transplantation,10,0.02
Eicosanoids and Hypertension Pharmacology,10,0.02
Arsenic contamination and mitigation,10,0.02
Myasthenia Gravis and Thymoma,10,0.02
Marine and fisheries research,10,0.02
Plant Diversity and Evolution,10,0.02
Innovations in Medical Education,10,0.02
Economic and Technological Innovation,10,0.02
Natural Antidiabetic Agents Studies,10,0.02
Molecular Biology Techniques and Applications,10,0.02
Silk-based biomaterials and applications,10,0.02
Green IT and Sustainability,10,0.02
Software-Defined Networks and 5G,10,0.02
Clay minerals and soil interactions,10,0.02
Second Language Learning and Teaching,10,0.02
Folate and B Vitamins Research,10,0.02
Plant responses to water stress,10,0.02
Technology Use by Older Adults,10,0.02
Plant Pathogens and Fungal Diseases,10,0.02
Microbial Fuel Cells and Bioremediation,10,0.02
Congenital Heart Disease Studies,10,0.02
Educational Research and Methods,10,0.02
Systemic Sclerosis and Related Diseases,10,0.02
American Constitutional Law and Politics,10,0.02
Coastal and Marine Management,10,0.02
Adrenal Hormones and Disorders,10,0.02
Text and Document Classification Technologies,10,0.02
Reproductive System and Pregnancy,10,0.02
Terahertz technology and applications,10,0.02
Quality and Supply Management,10,0.02
Decision-Making and Behavioral Economics,10,0.02
Child and Adolescent Health,10,0.02
"Balance, Gait, and Falls Prevention",10,0.02
Galectins and Cancer Biology,10,0.02
"Housing, Finance, and Neoliberalism",10,0.02
Plant tissue culture and regeneration,10,0.02
Global Peace and Security Dynamics,10,0.02
Gallbladder and Bile Duct Disorders,10,0.02
Water Quality Monitoring Technologies,10,0.02
Diamond and Carbon-based Materials Research,10,0.02
Mycotoxins in Agriculture and Food,10,0.02
Neurogenetic and Muscular Disorders Research,10,0.02
Celiac Disease Research and Management,10,0.02
Evolutionary Game Theory and Cooperation,10,0.02
Photodynamic Therapy Research Studies,10,0.02
Ethics in Clinical Research,10,0.02
Data-Driven Disease Surveillance,10,0.02
Transition Metal Oxide Nanomaterials,10,0.02
Ocular Surface and Contact Lens,10,0.02
Computational and Text Analysis Methods,10,0.02
"Language, Metaphor, and Cognition",10,0.02
Educational Innovations and Technology,10,0.02
Infrared Target Detection Methodologies,10,0.02
Healthcare and Environmental Waste Management,10,0.02
Neuroendocrine regulation and behavior,9,0.02
Complement system in diseases,9,0.02
Mechanical and Optical Resonators,9,0.02
Laser-Plasma Interactions and Diagnostics,9,0.02
Advanced X-ray and CT Imaging,9,0.02
Human-Automation Interaction and Safety,9,0.02
Proteoglycans and glycosaminoglycans research,9,0.02
Vagus Nerve Stimulation Research,9,0.02
Children's Physical and Motor Development,9,0.02
Breastfeeding Practices and Influences,9,0.02
Vehicular Ad Hoc Networks (VANETs),9,0.02
Solar Thermal and Photovoltaic Systems,9,0.02
Bee Products Chemical Analysis,9,0.02
"Agriculture, Land Use, Rural Development",9,0.02
Infective Endocarditis Diagnosis and Management,9,0.02
"Migration, Health and Trauma",9,0.02
Fibroblast Growth Factor Research,9,0.02
Economic and Financial Impacts of Cancer,9,0.02
Spectroscopy and Laser Applications,9,0.02
Cryptography and Data Security,9,0.02
Supramolecular Chemistry and Complexes,9,0.02
Thyroid Disorders and Treatments,9,0.02
Insect Utilization and Effects,9,0.02
Protease and Inhibitor Mechanisms,9,0.02
Reproductive Health and Technologies,9,0.02
Nonmelanoma Skin Cancer Studies,9,0.02
Fluorine in Organic Chemistry,9,0.02
GaN-based semiconductor devices and materials,9,0.02
Radio Astronomy Observations and Technology,9,0.02
Spine and Intervertebral Disc Pathology,9,0.02
Cardiac Ischemia and Reperfusion,9,0.02
Primary Care and Health Outcomes,9,0.02
Microtubule and mitosis dynamics,9,0.02
Mass Spectrometry Techniques and Applications,9,0.02
Creativity in Education and Neuroscience,9,0.02
Retinal Development and Disorders,9,0.02
Cerebral Palsy and Movement Disorders,9,0.02
Insect Resistance and Genetics,9,0.02
Airway Management and Intubation Techniques,9,0.02
Photoacoustic and Ultrasonic Imaging,9,0.02
Diabetes Management and Education,9,0.02
Platelet Disorders and Treatments,9,0.02
Viral Infections and Outbreaks Research,9,0.02
Toxic Organic Pollutants Impact,9,0.02
Knowledge Management and Sharing,9,0.02
Distributed systems and fault tolerance,9,0.02
Molecular spectroscopy and chirality,9,0.02
Embodied and Extended Cognition,9,0.02
"Banking stability, regulation, efficiency",9,0.02
Genetic Neurodegenerative Diseases,9,0.02
Innovative Human-Technology Interaction,9,0.02
Fiscal Policy and Economic Growth,9,0.02
Clinical Nutrition and Gastroenterology,9,0.02
Polymer-Based Agricultural Enhancements,9,0.02
Protein Hydrolysis and Bioactive Peptides,9,0.02
Human Mobility and Location-Based Analysis,9,0.02
Strong Light-Matter Interactions,9,0.02
Insect Pest Control Strategies,9,0.02
Precipitation Measurement and Analysis,9,0.02
Education and Vocational Training,9,0.02
Social Policy and Reform Studies,9,0.02
Health Sciences Research and Education,9,0.02
Insect-Plant Interactions and Control,9,0.02
Adenosine and Purinergic Signaling,9,0.02
Wheat and Barley Genetics and Pathology,9,0.02
Layered Double Hydroxides Synthesis and Applications,9,0.02
Reproductive Biology and Fertility,9,0.02
Renal Transplantation Outcomes and Treatments,9,0.02
Advanced Physical and Chemical Molecular Interactions,9,0.02
Satellite Communication Systems,9,0.02
Mental Health via Writing,9,0.02
Groundwater and Isotope Geochemistry,9,0.02
Hyperglycemia and glycemic control in critically ill and hospitalized patients,9,0.02
Advanced Statistical Modeling Techniques,8,0.02
Interprofessional Education and Collaboration,8,0.02
ICT Impact and Policies,8,0.02
Intimate Partner and Family Violence,8,0.02
Critical Theory and Philosophy,8,0.02
Photochromic and Fluorescence Chemistry,8,0.02
"Grit, Self-Efficacy, and Motivation",8,0.02
Protist diversity and phylogeny,8,0.02
Microfluidic and Bio-sensing Technologies,8,0.02
Probabilistic and Robust Engineering Design,8,0.02
Firm Innovation and Growth,8,0.02
Sports injuries and prevention,8,0.02
Metabolism and Genetic Disorders,8,0.02
Coastal and Marine Dynamics,8,0.02
Optical Wireless Communication Technologies,8,0.02
Hydrogen embrittlement and corrosion behaviors in metals,8,0.02
Photovoltaic System Optimization Techniques,8,0.02
Fiber-reinforced polymer composites,8,0.02
Image Retrieval and Classification Techniques,8,0.02
Cholesterol and Lipid Metabolism,8,0.02
Genomic variations and chromosomal abnormalities,8,0.02
Environmental remediation with nanomaterials,8,0.02
Political Conflict and Governance,8,0.02
Optical measurement and interference techniques,8,0.02
Wireless Communication Security Techniques,8,0.02
Pituitary Gland Disorders and Treatments,8,0.02
Light effects on plants,8,0.02
Pesticide Exposure and Toxicity,8,0.02
Stroke Rehabilitation and Recovery,8,0.02
Vibrio bacteria research studies,8,0.02
Nuclear physics research studies,8,0.02
Personality Traits and Psychology,8,0.02
Machine Learning and Algorithms,8,0.02
Ethics in medical practice,8,0.02
Digital Games and Media,8,0.02
Migration and Labor Dynamics,8,0.02
Augmented Reality Applications,8,0.02
Viral-associated cancers and disorders,8,0.02
Regulation of Appetite and Obesity,8,0.02
Hemodynamic Monitoring and Therapy,8,0.02
Data Quality and Management,8,0.02
Glutathione Transferases and Polymorphisms,8,0.02
Blood transfusion and management,8,0.02
Innovation Diffusion and Forecasting,8,0.02
Glaucoma and retinal disorders,8,0.02
IoT Networks and Protocols,8,0.02
Artificial Intelligence in Games,8,0.02
Cholinesterase and Neurodegenerative Diseases,8,0.02
Surgical Simulation and Training,8,0.02
Photochemistry and Electron Transfer Studies,8,0.02
Knee injuries and reconstruction techniques,8,0.02
Peripheral Neuropathies and Disorders,8,0.02
Mental Health and Patient Involvement,8,0.02
Cardiovascular Issues in Pregnancy,8,0.02
Gastroesophageal reflux and treatments,8,0.02
Innovation Policy and R&D,8,0.02
Maternal and fetal healthcare,8,0.02
Marine and coastal plant biology,8,0.02
Nosocomial Infections in ICU,8,0.02
Fibromyalgia and Chronic Fatigue Syndrome Research,8,0.02
Health Promotion and Cardiovascular Prevention,8,0.02
Dye analysis and toxicity,8,0.02
Aortic aneurysm repair treatments,8,0.02
Advanced ceramic materials synthesis,8,0.02
Surgical site infection prevention,8,0.02
Cancer Treatment and Pharmacology,8,0.02
Algorithms and Data Compression,8,0.02
Advanced Optimization Algorithms Research,8,0.02
International Relations and Foreign Policy,8,0.02
Soil and Water Nutrient Dynamics,8,0.02
Laser-Ablation Synthesis of Nanoparticles,8,0.02
Dental Research and COVID-19,8,0.02
Genetic and Kidney Cyst Diseases,8,0.02
Organizational and Employee Performance,8,0.02
Lipid metabolism and disorders,8,0.02
Aquaculture disease management and microbiota,8,0.02
Regional Development and Policy,8,0.02
Mercury impact and mitigation studies,8,0.02
Iron and Steelmaking Processes,8,0.02
Reservoir Engineering and Simulation Methods,8,0.02
Water Quality Monitoring and Analysis,8,0.02
Sodium Intake and Health,8,0.02
Cardiovascular Effects of Exercise,8,0.02
Rangeland Management and Livestock Ecology,8,0.02
Relativity and Gravitational Theory,8,0.02
Xenotransplantation and immune response,8,0.02
Health and Medical Research Impacts,7,0.01
Cyclopropane Reaction Mechanisms,7,0.01
Occupational Health and Safety Research,7,0.01
Molecular Junctions and Nanostructures,7,0.01
"Nutrition, Genetics, and Disease",7,0.01
Semantic Web and Ontologies,7,0.01
Marine animal studies overview,7,0.01
Philosophy and Theoretical Science,7,0.01
Agricultural Innovations and Practices,7,0.01
Zebrafish Biomedical Research Applications,7,0.01
Calcium Carbonate Crystallization and Inhibition,7,0.01
Global Health Workforce Issues,7,0.01
Animal Behavior and Reproduction,7,0.01
Ruminant Nutrition and Digestive Physiology,7,0.01
Preterm Birth and Chorioamnionitis,7,0.01
Insect and Arachnid Ecology and Behavior,7,0.01
Dental Implant Techniques and Outcomes,7,0.01
Water Treatment and Disinfection,7,0.01
Education and Technology Integration,7,0.01
Cellular transport and secretion,7,0.01
Insect and Pesticide Research,7,0.01
Global Energy Security and Policy,7,0.01
Vestibular and auditory disorders,7,0.01
Space Science and Extraterrestrial Life,7,0.01
Tea Polyphenols and Effects,7,0.01
Calcium signaling and nucleotide metabolism,7,0.01
Asymmetric Synthesis and Catalysis,7,0.01
Crystallization and Solubility Studies,7,0.01
Ocean Acidification Effects and Responses,7,0.01
Advanced Aircraft Design and Technologies,7,0.01
Statistical Methods and Applications,7,0.01
Sport Psychology and Performance,7,0.01
Cardiovascular Health and Disease Prevention,7,0.01
Workplace Health and Well-being,7,0.01
Reflective Practices in Education,7,0.01
Numerical methods for differential equations,7,0.01
Surgical Sutures and Adhesives,7,0.01
"Gender, Labor, and Family Dynamics",7,0.01
Information Technology Governance and Strategy,7,0.01
Stochastic Gradient Optimization Techniques,7,0.01
Agricultural Economics and Policy,7,0.01
Food Safety and Hygiene,7,0.01
University-Industry-Government Innovation Models,7,0.01
Organ Transplantation Techniques and Outcomes,7,0.01
N-Heterocyclic Carbenes in Organic and Inorganic Chemistry,7,0.01
Advanced Text Analysis Techniques,7,0.01
Wireless Power Transfer Systems,7,0.01
Ethnobotanical and Medicinal Plants Studies,7,0.01
Focus Groups and Qualitative Methods,7,0.01
Microbial Metabolites in Food Biotechnology,7,0.01
Philosophy and History of Science,7,0.01
Spam and Phishing Detection,7,0.01
Meat and Animal Product Quality,7,0.01
Metal complexes synthesis and properties,7,0.01
Research on Leishmaniasis Studies,7,0.01
Underwater Vehicles and Communication Systems,7,0.01
Animal Behavior and Welfare Studies,7,0.01
Biotin and Related Studies,7,0.01
Reliability and Agreement in Measurement,7,0.01
Inflammatory mediators and NSAID effects,7,0.01
Gender Roles and Identity Studies,7,0.01
Environmental Justice and Health Disparities,7,0.01
Cardiac electrophysiology and arrhythmias,7,0.01
Salivary Gland Disorders and Functions,7,0.01
Multi-Agent Systems and Negotiation,7,0.01
Language and cultural evolution,7,0.01
Distributed and Parallel Computing Systems,7,0.01
Business Process Modeling and Analysis,7,0.01
Sociology and Education Studies,7,0.01
Cultural Industries and Urban Development,7,0.01
Matrix Theory and Algorithms,7,0.01
Global Financial Crisis and Policies,7,0.01
Philosophical Ethics and Theory,7,0.01
Soil Moisture and Remote Sensing,7,0.01
Personality Disorders and Psychopathology,7,0.01
Seismology and Earthquake Studies,7,0.01
Medicinal Plants and Bioactive Compounds,7,0.01
Advanced Optical Imaging Technologies,7,0.01
Pharmacovigilance and Adverse Drug Reactions,7,0.01
Opinion Dynamics and Social Influence,7,0.01
Design Education and Practice,7,0.01
Educational and Psychological Assessments,7,0.01
"Science, Research, and Medicine",7,0.01
Flame retardant materials and properties,7,0.01
Human Rights and Development,7,0.01
Aerogels and thermal insulation,7,0.01
Heparin-Induced Thrombocytopenia and Thrombosis,7,0.01
Neutrino Physics Research,7,0.01
Phosphorus and nutrient management,7,0.01
Biomedical and Engineering Education,7,0.01
Artificial Intelligence in Law,7,0.01
Seed Germination and Physiology,6,0.01
Crime Patterns and Interventions,6,0.01
RNA regulation and disease,6,0.01
Optical Imaging and Spectroscopy Techniques,6,0.01
Lattice Boltzmann Simulation Studies,6,0.01
Diagnosis and Treatment of Venous Diseases,6,0.01
Scheduling and Optimization Algorithms,6,0.01
Organoboron and organosilicon chemistry,6,0.01
Contact Dermatitis and Allergies,6,0.01
Dental materials and restorations,6,0.01
Magnesium in Health and Disease,6,0.01
Streptococcal Infections and Treatments,6,0.01
Survey Methodology and Nonresponse,6,0.01
Gender Diversity and Inequality,6,0.01
Peroxisome Proliferator-Activated Receptors,6,0.01
Wastewater Treatment and Reuse,6,0.01
Aluminum Alloy Microstructure Properties,6,0.01
Bacterial Genetics and Biotechnology,6,0.01
Herpesvirus Infections and Treatments,6,0.01
Urinary Bladder and Prostate Research,6,0.01
Estrogen and related hormone effects,6,0.01
Bioeconomy and Sustainability Development,6,0.01
Prenatal Screening and Diagnostics,6,0.01
Drug-Induced Hepatotoxicity and Protection,6,0.01
Axial and Atropisomeric Chirality Synthesis,6,0.01
Infant Development and Preterm Care,6,0.01
Solar and Space Plasma Dynamics,6,0.01
HIV-related health complications and treatments,6,0.01
Geographies of human-animal interactions,6,0.01
Takotsubo Cardiomyopathy and Associated Phenomena,6,0.01
Forest Insect Ecology and Management,6,0.01
Viral Infections and Vectors,6,0.01
Financial Distress and Bankruptcy Prediction,6,0.01
Software System Performance and Reliability,6,0.01
Medication Adherence and Compliance,6,0.01
Biochemical Analysis and Sensing Techniques,6,0.01
"Financial Literacy, Pension, Retirement Analysis",6,0.01
Advancements in Semiconductor Devices and Circuit Design,6,0.01
Radiation Therapy and Dosimetry,6,0.01
Visual perception and processing mechanisms,6,0.01
Synthesis and Catalytic Reactions,6,0.01
Hydrocarbon exploration and reservoir analysis,6,0.01
Optical Network Technologies,6,0.01
Simulation-Based Education in Healthcare,6,0.01
Geographic Information Systems Studies,6,0.01
Advanced Data Processing Techniques,6,0.01
Employee Performance and Motivation,6,0.01
International Development and Aid,6,0.01
Dyeing and Modifying Textile Fibers,6,0.01
"Urban, Neighborhood, and Segregation Studies",6,0.01
Aging and Gerontology Research,6,0.01
Cognitive Science and Education Research,6,0.01
Economic and Social Issues,6,0.01
Translation Studies and Practices,6,0.01
Technostress in Professional Settings,6,0.01
Geochemistry and Elemental Analysis,6,0.01
Discourse Analysis in Language Studies,6,0.01
Silicon and Solar Cell Technologies,6,0.01
Organic Food and Agriculture,6,0.01
Autoimmune Neurological Disorders and Treatments,6,0.01
Collagen: Extraction and Characterization,6,0.01
Advanced Radiotherapy Techniques,6,0.01
Nuclear Structure and Function,6,0.01
Hormonal and reproductive studies,6,0.01
Sulfur-Based Synthesis Techniques,6,0.01
Student Assessment and Feedback,6,0.01
High-Temperature Coating Behaviors,6,0.01
Adrenal and Paraganglionic Tumors,6,0.01
Scientific Measurement and Uncertainty Evaluation,6,0.01
Developmental Biology and Gene Regulation,6,0.01
Prenatal Substance Exposure Effects,6,0.01
Parathyroid Disorders and Treatments,6,0.01
Coffee research and impacts,6,0.01
Modular Robots and Swarm Intelligence,6,0.01
Impact of AI and Big Data on Business and Society,6,0.01
Robotic Mechanisms and Dynamics,6,0.01
Biomedical Ethics and Regulation,6,0.01
Biblical Studies and Interpretation,6,0.01
Social Capital and Networks,6,0.01
"Bullying, Victimization, and Aggression",6,0.01
Innovative Energy Harvesting Technologies,6,0.01
Crystal Structures and Properties,6,0.01
Heat shock proteins research,6,0.01
Microbial Inactivation Methods,6,0.01
"HIV, Drug Use, Sexual Risk",6,0.01
Allergic Rhinitis and Sensitization,6,0.01
Genetics and Plant Breeding,6,0.01
Sustainability in Higher Education,6,0.01
AI and HR Technologies,6,0.01
Education and Character Development,6,0.01
Various Chemistry Research Topics,6,0.01
Nuclear reactor physics and engineering,6,0.01
Management and Optimization Techniques,6,0.01
Higher Education Learning Practices,6,0.01
Diversity and Career in Medicine,6,0.01
Nematode management and characterization studies,6,0.01
Allelopathy and phytotoxic interactions,6,0.01
Cancer Mechanisms and Therapy,6,0.01
earthquake and tectonic studies,6,0.01
Human Resource Development and Performance Evaluation,6,0.01
Advanced Data Compression Techniques,6,0.01
Radiopharmaceutical Chemistry and Applications,6,0.01
Biodiesel Production and Applications,6,0.01
Dermatological and COVID-19 studies,6,0.01
COVID-19 Digital Contact Tracing,6,0.01
Higher Education Governance and Development,6,0.01
Advanced Welding Techniques Analysis,6,0.01
Gear and Bearing Dynamics Analysis,6,0.01
Bauxite Residue and Utilization,6,0.01
Plant biochemistry and biosynthesis,5,0.01
Crop Yield and Soil Fertility,5,0.01
Transboundary Water Resource Management,5,0.01
Sensory Analysis and Statistical Methods,5,0.01
Community Health and Development,5,0.01
Plant Pathogens and Resistance,5,0.01
French Urban and Social Studies,5,0.01
GNSS positioning and interference,5,0.01
Plant Micronutrient Interactions and Effects,5,0.01
Diverse Education Studies and Reforms,5,0.01
Health Education and Validation,5,0.01
Body Composition Measurement Techniques,5,0.01
Thermoregulation and physiological responses,5,0.01
High-Energy Particle Collisions Research,5,0.01
Infrastructure Resilience and Vulnerability Analysis,5,0.01
"Syntax, Semantics, Linguistic Variation",5,0.01
Tree-ring climate responses,5,0.01
Edcuational Technology Systems,5,0.01
Intracranial Aneurysms: Treatment and Complications,5,0.01
Aortic Disease and Treatment Approaches,5,0.01
Ichthyology and Marine Biology,5,0.01
Anesthesia and Sedative Agents,5,0.01
Corneal surgery and disorders,5,0.01
Behavioral and Psychological Studies,5,0.01
Multilevel Inverters and Converters,5,0.01
Family Business Performance and Succession,5,0.01
Environmental and Social Impact Assessments,5,0.01
S100 Proteins and Annexins,5,0.01
"Philosophy, Science, and History",5,0.01
Global Health and Surgery,5,0.01
Advanced X-ray Imaging Techniques,5,0.01
Signaling Pathways in Disease,5,0.01
Topology Optimization in Engineering,5,0.01
Research in Cotton Cultivation,5,0.01
Plasma Applications and Diagnostics,5,0.01
Random lasers and scattering media,5,0.01
Risk Perception and Management,5,0.01
Career Development and Diversity,5,0.01
GABA and Rice Research,5,0.01
Robotics and Automated Systems,5,0.01
Photonic Crystals and Applications,5,0.01
Silicon Carbide Semiconductor Technologies,5,0.01
CCD and CMOS Imaging Sensors,5,0.01
Neuroblastoma Research and Treatments,5,0.01
Risk and Safety Analysis,5,0.01
Cardiovascular Syncope and Autonomic Disorders,5,0.01
Public Relations and Crisis Communication,5,0.01
Radiology practices and education,5,0.01
Lanthanide and Transition Metal Complexes,5,0.01
Tree Root and Stability Studies,5,0.01
Pain Management and Opioid Use,5,0.01
Advances in Oncology and Radiotherapy,5,0.01
Physiological and biochemical adaptations,5,0.01
Microencapsulation and Drying Processes,5,0.01
Sexual Differentiation and Disorders,5,0.01
Pharmaceutical Economics and Policy,5,0.01
Political and Economic history of UK and US,5,0.01
Oxidative Organic Chemistry Reactions,5,0.01
Plant Physiology and Cultivation Studies,5,0.01
Machine Learning and ELM,5,0.01
"Linguistics, Language Diversity, and Identity",5,0.01
European and International Law Studies,5,0.01
African cultural and philosophical studies,5,0.01
Fluid Dynamics and Turbulent Flows,5,0.01
Corporate Taxation and Avoidance,5,0.01
Policy Transfer and Learning,5,0.01
melanin and skin pigmentation,5,0.01
"Migration, Refugees, and Integration",5,0.01
Childhood Cancer Survivors' Quality of Life,5,0.01
Magnetic confinement fusion research,5,0.01
Hygrothermal properties of building materials,5,0.01
Biosimilars and Bioanalytical Methods,5,0.01
Education Discipline and Inequality,5,0.01
Private Equity and Venture Capital,5,0.01
Globalization and Cultural Identity,5,0.01
Reproductive Health and Contraception,5,0.01
Academic and Historical Perspectives in Psychology,5,0.01
demographic modeling and climate adaptation,5,0.01
Anesthesia and Pain Management,5,0.01
Insurance and Financial Risk Management,5,0.01
Environmental Toxicology and Ecotoxicology,5,0.01
Anatomy and Medical Technology,5,0.01
Cancer therapeutics and mechanisms,5,0.01
Cultural Competency in Health Care,5,0.01
Gene Regulatory Network Analysis,5,0.01
Internet Traffic Analysis and Secure E-voting,5,0.01
Problem and Project Based Learning,5,0.01
Advanced DC-DC Converters,5,0.01
Renal and Vascular Pathologies,5,0.01
Advanced Fiber Optic Sensors,5,0.01
Laser Applications in Dentistry and Medicine,5,0.01
Child and Animal Learning Development,5,0.01
Soil and Unsaturated Flow,5,0.01
Seismic Imaging and Inversion Techniques,5,0.01
Advanced NMR Techniques and Applications,5,0.01
Traffic control and management,5,0.01
Agricultural risk and resilience,5,0.01
Social Media in Health Education,5,0.01
Catalytic Cross-Coupling Reactions,5,0.01
Wind Energy Research and Development,5,0.01
Radiation Dose and Imaging,5,0.01
Ultrasound in Clinical Applications,5,0.01
Mesoporous Materials and Catalysis,5,0.01
Innovation and Socioeconomic Development,5,0.01
"Environmental, Ecological, and Cultural Studies",5,0.01
Education Pedagogy and Practices,5,0.01
Material Properties and Applications,5,0.01
Regional Economics and Spatial Analysis,5,0.01
Phenomenology and Existential Philosophy,5,0.01
Genetic and Clinical Aspects of Sex Determination and Chromosomal Abnormalities,5,0.01
Medical Coding and Health Information,5,0.01
Eosinophilic Esophagitis,5,0.01
PAPR reduction in OFDM,5,0.01
Food Supply Chain Traceability,5,0.01
Erythrocyte Function and Pathophysiology,5,0.01
Maritime Transport Emissions and Efficiency,5,0.01
Tactile and Sensory Interactions,5,0.01
Higher Education Research Studies,5,0.01
Hemophilia Treatment and Research,5,0.01
Ocular Oncology and Treatments,5,0.01
Pharmacological Effects of Natural Compounds,5,0.01
Organizational Leadership and Management Strategies,5,0.01
Mycobacterium research and diagnosis,5,0.01
Homelessness and Social Issues,5,0.01
Gender Politics and Representation,5,0.01
Composting and Vermicomposting Techniques,5,0.01
Outsourcing and Supply Chain Management,5,0.01
Metal and Thin Film Mechanics,5,0.01
Online Learning Methods and Innovations,5,0.01
Advanced Frequency and Time Standards,5,0.01
Central Venous Catheters and Hemodialysis,5,0.01
Fermentation and Sensory Analysis,5,0.01
Critical Race Theory in Education,5,0.01
Amino Acid Enzymes and Metabolism,5,0.01
Fluoride Effects and Removal,5,0.01
Temporomandibular Joint Disorders,5,0.01
Insect symbiosis and bacterial influences,5,0.01
Flavonoids in Medical Research,5,0.01
E-Learning and Knowledge Management,5,0.01
Experimental and Theoretical Physics Studies,5,0.01
Economic Development and Digital Transformation,5,0.01
Combustion and Detonation Processes,5,0.01
Social Work Education and Practice,5,0.01
Gas Dynamics and Kinetic Theory,5,0.01
GDF15 and Related Biomarkers,5,0.01
Diverse Scientific Research Studies,5,0.01
COVID-19 Prevention and Impact,5,0.01
Advanced Technologies in Various Fields,5,0.01
Educational Innovations and Challenges,5,0.01
Internet of Things and AI,5,0.01
Analytical Methods in Pharmaceuticals,5,0.01
Engineering Education and Technology,5,0.01
Innovative Approaches in Technology and Social Development,4,0.01
Bone fractures and treatments,4,0.01
Urbanization and City Planning,4,0.01
Laser-Matter Interactions and Applications,4,0.01
Pain Management and Placebo Effect,4,0.01
Advanced Mathematical Theories,4,0.01
Avian ecology and behavior,4,0.01
Pleistocene-Era Hominins and Archaeology,4,0.01
Coal and Its By-products,4,0.01
Autopsy Techniques and Outcomes,4,0.01
Prion Diseases and Protein Misfolding,4,0.01
Phonetics and Phonology Research,4,0.01
Ion Channels and Receptors,4,0.01
Health and Well-being Studies,4,0.01
Speech and dialogue systems,4,0.01
Postcolonial and Cultural Literary Studies,4,0.01
Critical Realism in Sociology,4,0.01
Epoxy Resin Curing Processes,4,0.01
Hidradenitis Suppurativa and Treatments,4,0.01
Game Theory and Applications,4,0.01
Gastrointestinal Bleeding Diagnosis and Treatment,4,0.01
Global Educational Policies and Reforms,4,0.01
Land Rights and Reforms,4,0.01
Forest ecology and management,4,0.01
Prosthetics and Rehabilitation Robotics,4,0.01
Fungal Biology and Applications,4,0.01
Ultrasound Imaging and Elastography,4,0.01
Cognitive and developmental aspects of mathematical skills,4,0.01
Appendicitis Diagnosis and Management,4,0.01
Hip and Femur Fractures,4,0.01
Architecture and Computational Design,4,0.01
Educational Research and Analysis,4,0.01
Tensor decomposition and applications,4,0.01
Infant Nutrition and Health,4,0.01
Pain Management and Treatment,4,0.01
Tropical and Extratropical Cyclones Research,4,0.01
Inflammatory Myopathies and Dermatomyositis,4,0.01
Muscle activation and electromyography studies,4,0.01
Markov Chains and Monte Carlo Methods,4,0.01
Gastrointestinal Tumor Research and Treatment,4,0.01
Porphyrin and Phthalocyanine Chemistry,4,0.01
Attachment and Relationship Dynamics,4,0.01
Advanced Bandit Algorithms Research,4,0.01
Ionosphere and magnetosphere dynamics,4,0.01
Optimal Experimental Design Methods,4,0.01
Occupational and environmental lung diseases,4,0.01
3D Modeling in Geospatial Applications,4,0.01
Emergency and Acute Care Studies,4,0.01
Colorectal and Anal Carcinomas,4,0.01
bioluminescence and chemiluminescence research,4,0.01
Optical Coherence Tomography Applications,4,0.01
Oral Health Pathology and Treatment,4,0.01
Liquid Crystal Research Advancements,4,0.01
Fatigue and fracture mechanics,4,0.01
Business Strategy and Innovation,4,0.01
Urban Stormwater Management Solutions,4,0.01
Public Administration and Political Analysis,4,0.01
Mobile Learning in Education,4,0.01
"Culture, Economy, and Development Studies",4,0.01
Business and Management Studies,4,0.01
Geothermal Energy Systems and Applications,4,0.01
Animal Virus Infections Studies,4,0.01
Physical Education and Pedagogy,4,0.01
Statistics Education and Methodologies,4,0.01
"Anthropology: Ethics, History, Culture",4,0.01
Chemical and Physical Properties in Aqueous Solutions,4,0.01
European Union Policy and Governance,4,0.01
Mathematical and Theoretical Epidemiology and Ecology Models,4,0.01
Polynomial and algebraic computation,4,0.01
Agriculture and Rural Development Research,4,0.01
Psychoanalysis and Social Critique,4,0.01
Intergenerational and Educational Inequality Studies,4,0.01
Aesthetic Perception and Analysis,4,0.01
Security in Wireless Sensor Networks,4,0.01
Linguistic Variation and Morphology,4,0.01
Action Observation and Synchronization,4,0.01
Interdisciplinary Research and Collaboration,4,0.01
Simulation Techniques and Applications,4,0.01
Molecular Communication and Nanonetworks,4,0.01
"Hydropower, Displacement, Environmental Impact",4,0.01
Counseling Practices and Supervision,4,0.01
Periodontal Regeneration and Treatments,4,0.01
Experimental Learning in Engineering,4,0.01
Posthumanist Ethics and Activism,4,0.01
Environmental Philosophy and Ethics,4,0.01
Peanut Plant Research Studies,4,0.01
Digital Radiography and Breast Imaging,4,0.01
Media Studies and Communication,4,0.01
Big Data Technologies and Applications,4,0.01
HIV Research and Treatment,4,0.01
Escherichia coli research studies,4,0.01
Ginseng Biological Effects and Applications,4,0.01
Morphological variations and asymmetry,4,0.01
Language Development and Disorders,4,0.01
Renin-Angiotensin System Studies,4,0.01
Superconductivity in MgB2 and Alloys,4,0.01
Nonlinear Optical Materials Studies,4,0.01
Animal Vocal Communication and Behavior,4,0.01
Patient Safety and Medication Errors,4,0.01
nanoparticles nucleation surface interactions,4,0.01
Isotope Analysis in Ecology,4,0.01
Material Dynamics and Properties,4,0.01
Pickering emulsions and particle stabilization,4,0.01
Evaluation of Teaching Practices,4,0.01
Hand Gesture Recognition Systems,4,0.01
Cancer Diagnosis and Treatment,4,0.01
Ultrasound and Cavitation Phenomena,4,0.01
Animal Ecology and Behavior Studies,4,0.01
Hearing Loss and Rehabilitation,4,0.01
"Poverty, Education, and Child Welfare",4,0.01
European history and politics,4,0.01
Open Source Software Innovations,4,0.01
Advanced Optical Sensing Technologies,4,0.01
Animal and Plant Science Education,4,0.01
Biochemical effects in animals,4,0.01
Advanced Materials Characterization Techniques,4,0.01
Lysosomal Storage Disorders Research,4,0.01
Vector-borne infectious diseases,4,0.01
Family and Patient Care in Intensive Care Units,4,0.01
Information Systems Theories and Implementation,4,0.01
Adolescent and Pediatric Healthcare,4,0.01
Environmental Conservation and Management,4,0.01
Target Tracking and Data Fusion in Sensor Networks,4,0.01
Corruption and Economic Development,4,0.01
Advanced Biosensing Techniques and Applications,4,0.01
"Neuroethics, Human Enhancement, Biomedical Innovations",4,0.01
Religion and Society Interactions,4,0.01
Management Theory and Practice,4,0.01
Earth Systems and Cosmic Evolution,4,0.01
"Caribbean history, culture, and politics",4,0.01
History and Developments in Astronomy,4,0.01
Social and Cultural Dynamics,4,0.01
Evolutionary Psychology and Human Behavior,4,0.01
Control Systems and Identification,4,0.01
Urban Design and Spatial Analysis,4,0.01
Agronomic Practices and Intercropping Systems,4,0.01
Erythropoietin and Anemia Treatment,4,0.01
Cognitive and psychological constructs research,4,0.01
DNA and Biological Computing,4,0.01
Catalysis and Hydrodesulfurization Studies,4,0.01
Criminal Justice and Corrections Analysis,4,0.01
Soil and Land Suitability Analysis,4,0.01
Multidisciplinary Science and Engineering Research,4,0.01
Fungal Infections and Studies,4,0.01
Digital Holography and Microscopy,4,0.01
Synthesis and biological activity,4,0.01
Animal Nutrition and Physiology,4,0.01
Data Mining and Machine Learning Applications,4,0.01
Global Education and Multiculturalism,4,0.01
Tribology and Wear Analysis,4,0.01
Parasites and Host Interactions,4,0.01
Chemical Reactions and Isotopes,4,0.01
Sphingolipid Metabolism and Signaling,4,0.01
Adaptive Dynamic Programming Control,4,0.01
E-Learning and COVID-19,4,0.01
Health and Lifestyle Studies,4,0.01
Human auditory perception and evaluation,4,0.01
Agricultural Development and Policies,4,0.01
Remote Sensing and Land Use,4,0.01
Reading and Literacy Development,4,0.01
History and Theory of Mathematics,4,0.01
Amphibian and Reptile Biology,4,0.01
Plant Reproductive Biology,4,0.01
Polyamine Metabolism and Applications,4,0.01
Sustainable Building Design and Assessment,4,0.01
Digital Education and Society,4,0.01
Natural product bioactivities and synthesis,4,0.01
Climate Change and Geoengineering,4,0.01
Ultrasound and Hyperthermia Applications,4,0.01
Urticaria and Related Conditions,4,0.01
"Religion, Ecology, and Ethics",4,0.01
Phytase and its Applications,4,0.01
Magnetic Properties of Alloys,4,0.01
Sarcoidosis and Beryllium Toxicity Research,4,0.01
Dynamics and Control of Mechanical Systems,4,0.01
Lexicography and Language Studies,4,0.01
Process Optimization and Integration,4,0.01
Education and Teacher Training,4,0.01
Drug-Induced Adverse Reactions,4,0.01
Nursing education and management,4,0.01
Synthesis and Biological Evaluation,4,0.01
Social Acceptance of Renewable Energy,4,0.01
Academic integrity and plagiarism,4,0.01
Iron-based superconductors research,4,0.01
Radiation Shielding Materials Analysis,4,0.01
Cancer-related cognitive impairment studies,4,0.01
Climate Change and Environmental Impact,4,0.01
Non-Destructive Testing Techniques,4,0.01
Diverse Approaches in Healthcare and Education Studies,4,0.01
Berberine and alkaloids research,4,0.01
Retinal and Optic Conditions,4,0.01
Advanced machining processes and optimization,4,0.01
Research Data Management Practices,4,0.01
Quantum and Classical Electrodynamics,4,0.01
Noise Effects and Management,4,0.01
Copper-based nanomaterials and applications,4,0.01
"Religion, Society, and Development",4,0.01
Labor Movements and Unions,4,0.01
Environmental and Biological Research in Conflict Zones,4,0.01
Psychology of Development and Education,4,0.01
Advanced Antenna and Metasurface Technologies,4,0.01
Mechanical Behavior of Composites,4,0.01
Phase Equilibria and Thermodynamics,3,0.01
Religious Education and Schools,3,0.01
Child Therapy and Development,3,0.01
Seismic Waves and Analysis,3,0.01
Blind Source Separation Techniques,3,0.01
Participatory Visual Research Methods,3,0.01
Macrophage Migration Inhibitory Factor,3,0.01
Genetics and Neurodevelopmental Disorders,3,0.01
"Grief, Bereavement, and Mental Health",3,0.01
Weed Control and Herbicide Applications,3,0.01
"Psychology, Coaching, and Therapy",3,0.01
Political theory and Gramsci,3,0.01
Pesticide Residue Analysis and Safety,3,0.01
Ion channel regulation and function,3,0.01
Neonatal and fetal brain pathology,3,0.01
"Health, psychology, and well-being",3,0.01
Social Representations and Identity,3,0.01
Vehicle Routing Optimization Methods,3,0.01
Uterine Myomas and Treatments,3,0.01
Semiconductor Quantum Structures and Devices,3,0.01
Graph theory and applications,3,0.01
Adolescent Sexual and Reproductive Health,3,0.01
IgG4-Related and Inflammatory Diseases,3,0.01
Parental Involvement in Education,3,0.01
Stochastic processes and statistical mechanics,3,0.01
Advanced Database Systems and Queries,3,0.01
Iron oxide chemistry and applications,3,0.01
Planetary Science and Exploration,3,0.01
Microstructure and Mechanical Properties of Steels,3,0.01
Origins and Evolution of Life,3,0.01
Complementary and Alternative Medicine Studies,3,0.01
Wind and Air Flow Studies,3,0.01
Pediatric health and respiratory diseases,3,0.01
Intergenerational Family Dynamics and Caregiving,3,0.01
Chromatin Remodeling and Cancer,3,0.01
Computational Geometry and Mesh Generation,3,0.01
Themes in Literature Analysis,3,0.01
Data Management and Algorithms,3,0.01
Multisensory perception and integration,3,0.01
Plant and Biological Electrophysiology Studies,3,0.01
Horticultural and Viticultural Research,3,0.01
Advanced Numerical Methods in Computational Mathematics,3,0.01
Media Influence and Health,3,0.01
Demographic Trends and Gender Preferences,3,0.01
Geomagnetism and Paleomagnetism Studies,3,0.01
Nonlinear Dynamics and Pattern Formation,3,0.01
Gambling Behavior and Treatments,3,0.01
Anesthesia and Neurotoxicity Research,3,0.01
Fluid Dynamics and Heat Transfer,3,0.01
Plant Pathogenic Bacteria Studies,3,0.01
Pericarditis and Cardiac Tamponade,3,0.01
University Challenges and Reforms,3,0.01
Ion Transport and Channel Regulation,3,0.01
Traffic and Road Safety,3,0.01
Injury Epidemiology and Prevention,3,0.01
Inhalation and Respiratory Drug Delivery,3,0.01
Power System Optimization and Stability,3,0.01
Linguistics and Education Research,3,0.01
Australian History and Society,3,0.01
Polyoxometalates: Synthesis and Applications,3,0.01
Indoor Air Quality and Microbial Exposure,3,0.01
Energy Efficient Wireless Sensor Networks,3,0.01
Legal Cases and Commentary,3,0.01
Potato Plant Research,3,0.01
Management and Marketing Education,3,0.01
Radiative Heat Transfer Studies,3,0.01
Cooperative Communication and Network Coding,3,0.01
"Migration, Ethnicity, and Economy",3,0.01
Silicon Effects in Agriculture,3,0.01
Connective tissue disorders research,3,0.01
"Crafts, Textile, and Design",3,0.01
Facilities and Workplace Management,3,0.01
Ecocriticism and Environmental Literature,3,0.01
Cerebrovascular and genetic disorders,3,0.01
"Identity, Memory, and Therapy",3,0.01
American and British Literature Analysis,3,0.01
Differential Equations and Boundary Problems,3,0.01
Optimal Power Flow Distribution,3,0.01
Theoretical and Computational Physics,3,0.01
Nursing Diagnosis and Documentation,3,0.01
Microbial infections and disease research,3,0.01
"Crime, Illicit Activities, and Governance",3,0.01
Ear Surgery and Otitis Media,3,0.01
Vehicle emissions and performance,3,0.01
International Maritime Law Issues,3,0.01
Acne and Rosacea Treatments and Effects,3,0.01
Exercise and Physiological Responses,3,0.01
Regional resilience and development,3,0.01
Genetically Modified Organisms Research,3,0.01
Axon Guidance and Neuronal Signaling,3,0.01
Ophthalmology and Eye Disorders,3,0.01
Thermodynamic and Exergetic Analyses of Power and Cooling Systems,3,0.01
"Indigenous Health, Education, and Rights",3,0.01
"Epistemology, Ethics, and Metaphysics",3,0.01
Pregnancy and Medication Impact,3,0.01
Elder Abuse and Neglect,3,0.01
Image Processing and 3D Reconstruction,3,0.01
Advanced Steganography and Watermarking Techniques,3,0.01
Moringa oleifera research and applications,3,0.01
Coagulation and Flocculation Studies,3,0.01
Nanofabrication and Lithography Techniques,3,0.01
Statistical Methods in Epidemiology,3,0.01
School Health and Nursing Education,3,0.01
Water Governance and Infrastructure,3,0.01
HIV/AIDS drug development and treatment,3,0.01
Advanced SAR Imaging Techniques,3,0.01
Ginger and Zingiberaceae research,3,0.01
Protein Tyrosine Phosphatases,3,0.01
"Psychopathy, Forensic Psychiatry, Sexual Offending",3,0.01
Coenzyme Q10 studies and effects,3,0.01
Laser Material Processing Techniques,3,0.01
Ethics in Business and Education,3,0.01
Collaboration in agile enterprises,3,0.01
Geriatric Care and Nursing Homes,3,0.01
Emotional Intelligence and Performance,3,0.01
Meningioma and schwannoma management,3,0.01
Wildlife-Road Interactions and Conservation,3,0.01
Botany and Plant Ecology Studies,3,0.01
Heme Oxygenase-1 and Carbon Monoxide,3,0.01
Interpreting and Communication in Healthcare,3,0.01
Seaweed-derived Bioactive Compounds,3,0.01
Tuberous Sclerosis Complex Research,3,0.01
Multiple and Secondary Primary Cancers,3,0.01
Indian Economic and Social Development,3,0.01
SMEs Development and Digital Marketing,3,0.01
"Law, AI, and Intellectual Property",3,0.01
Network Traffic and Congestion Control,3,0.01
Teacher Professional Development and Motivation,3,0.01
Latin American and Latino Studies,3,0.01
Urban and Freight Transport Logistics,3,0.01
Anthropological Studies and Insights,3,0.01
Accounting and Organizational Management,3,0.01
Educational Leadership and Practices,3,0.01
Emotions and Moral Behavior,3,0.01
Model-Driven Software Engineering Techniques,3,0.01
Historical and Contemporary Political Dynamics,3,0.01
Renaissance Literature and Culture,3,0.01
Optimization and Variational Analysis,3,0.01
Law in Society and Culture,3,0.01
"Law, Economics, and Judicial Systems",3,0.01
Parasitic infections in humans and animals,3,0.01
Fungal and yeast genetics research,3,0.01
Higher Education and Employability,3,0.01
Mine drainage and remediation techniques,3,0.01
Caching and Content Delivery,3,0.01
Art Therapy and Mental Health,3,0.01
Force Microscopy Techniques and Applications,3,0.01
"Historical Studies on Reproduction, Gender, Health, and Societal Changes",3,0.01
Plasma Diagnostics and Applications,3,0.01
Concrete Corrosion and Durability,3,0.01
Biochemical and Structural Characterization,3,0.01
Reliability and Maintenance Optimization,3,0.01
Strategic Planning and Analysis,3,0.01
Rural development and sustainability,3,0.01
Cardiovascular and Diving-Related Complications,3,0.01
"Names, Identity, and Discrimination Research",3,0.01
Jewish and Middle Eastern Studies,3,0.01
Linguistic research and analysis,3,0.01
Acupuncture Treatment Research Studies,3,0.01
Automated Road and Building Extraction,3,0.01
Conflict of Laws and Jurisdiction,3,0.01
Risk and Portfolio Optimization,3,0.01
Employee Performance and Management,3,0.01
Educational Methods and Impacts,3,0.01
Antenna Design and Optimization,3,0.01
Mechanical Engineering and Vibrations Research,3,0.01
Formal Methods in Verification,3,0.01
Seed and Plant Biochemistry,3,0.01
Statistical Mechanics and Entropy,3,0.01
Education and Islamic Studies,3,0.01
"Quantum, superfluid, helium dynamics",3,0.01
Diverse Topics in Contemporary Research,3,0.01
"Psychoanalysis, Philosophy, and Politics",3,0.01
Italian Fascism and Post-war Society,3,0.01
Plant and Fungal Interactions Research,3,0.01
Pediatric Pain Management Techniques,3,0.01
Neurological diseases and metabolism,3,0.01
Nuclear Materials and Properties,3,0.01
Optimization and Mathematical Programming,3,0.01
Electrokinetic Soil Remediation Techniques,3,0.01
Atomic and Subatomic Physics Research,3,0.01
Enzyme Production and Characterization,3,0.01
Chemotherapy-induced organ toxicity mitigation,3,0.01
Customer churn and segmentation,3,0.01
Microbial Applications in Construction Materials,3,0.01
Mental Health and Psychiatry,3,0.01
Currency Recognition and Detection,3,0.01
Neurological Disease Mechanisms and Treatments,3,0.01
Colonial History and Postcolonial Studies,3,0.01
Rock Mechanics and Modeling,3,0.01
Economic and Technological Developments in Russia,3,0.01
Global and Cross-Cultural Management,3,0.01
Advanced materials and composites,3,0.01
Business Strategies and Management Research,3,0.01
Team Dynamics and Performance,3,0.01
Inorganic Fluorides and Related Compounds,3,0.01
"Communism, Protests, Social Movements",3,0.01
Biotechnology and Related Fields,3,0.01
"Literacy, Media, and Education",3,0.01
Family and Disability Support Research,3,0.01
Global Maritime and Colonial Histories,3,0.01
African history and culture studies,3,0.01
Modernist Literature and Criticism,3,0.01
Mathematics and Applications,3,0.01
Sensor Technology and Measurement Systems,3,0.01
Acoustic Wave Resonator Technologies,3,0.01
Quality and Management Systems,3,0.01
Transportation Planning and Optimization,3,0.01
Healthcare Systems and Challenges,3,0.01
"Race, Genetics, and Society",3,0.01
Musculoskeletal Disorders and Rehabilitation,3,0.01
Surface Chemistry and Catalysis,3,0.01
Nanotechnology research and applications,3,0.01
Numerical methods in inverse problems,3,0.01
School Leadership and Teacher Performance,3,0.01
Irrigation Practices and Water Management,3,0.01
Atmospheric Ozone and Climate,3,0.01
Cybercrime and Law Enforcement Studies,3,0.01
Antibiotics Pharmacokinetics and Efficacy,3,0.01
Advanced Surface Polishing Techniques,3,0.01
Cultural Heritage Management and Preservation,3,0.01
Noncommutative and Quantum Gravity Theories,3,0.01
Theatre and Performance Studies,3,0.01
"Optimism, Hope, and Well-being",3,0.01
Medical and Biological Ozone Research,3,0.01
Thermal and Kinetic Analysis,3,0.01
Animal Genetics and Reproduction,3,0.01
Second Language Acquisition and Learning,3,0.01
Polysaccharides Composition and Applications,3,0.01
Soil Mechanics and Vehicle Dynamics,3,0.01
Electric and Hybrid Vehicle Technologies,3,0.01
Critical and Liberation Pedagogy,3,0.01
Wittgensteinian philosophy and applications,3,0.01
Information and Cyber Security,3,0.01
Electric Motor Design and Analysis,3,0.01
Rice Cultivation and Yield Improvement,3,0.01
Advanced Manufacturing and Logistics Optimization,3,0.01
Traditional Chinese Medicine Studies,3,0.01
Planarian Biology and Electrostimulation,3,0.01
Video Analysis and Summarization,3,0.01
"Categorization, perception, and language",3,0.01
Marine Biology and Environmental Chemistry,3,0.01
Enhanced Oil Recovery Techniques,3,0.01
Magnetic Properties and Synthesis of Ferrites,3,0.01
Atomic and Molecular Physics,3,0.01
Elasticity and Wave Propagation,3,0.01
Education Methods and Practices,3,0.01
Community Development and Social Impact,3,0.01
"Coagulation, Bradykinin, Polyphosphates, and Angioedema",3,0.01
Nonlinear Optical Materials Research,3,0.01
Hair Growth and Disorders,3,0.01
Icing and De-icing Technologies,3,0.01
Biocrusts and Microbial Ecology,3,0.01
"Religion, Spirituality, and Psychology",3,0.01
"Hearing, Cochlea, Tinnitus, Genetics",3,0.01
Quality and Safety in Healthcare,3,0.01
Advanced Semiconductor Detectors and Materials,3,0.01
Plant-Derived Bioactive Compounds,3,0.01
Structural Behavior of Reinforced Concrete,3,0.01
Text Readability and Simplification,3,0.01
"Business, Innovation, and Economy",3,0.01
Chemical Synthesis and Characterization,3,0.01
Topological and Geometric Data Analysis,3,0.01
Digital Imaging for Blood Diseases,3,0.01
Polymer Nanocomposites and Properties,3,0.01
Human Resource and Talent Management,3,0.01
Neurosurgical Procedures and Complications,3,0.01
Food Industry and Aquatic Biology,3,0.01
Law and Political Science,3,0.01
Spectral Theory in Mathematical Physics,2,0.0
"Rabbits: Nutrition, Reproduction, Health",2,0.0
Induction Heating and Inverter Technology,2,0.0
Geotechnical and Geomechanical Engineering,2,0.0
advanced mathematical theories,2,0.0
Geological Modeling and Analysis,2,0.0
Radio Frequency Integrated Circuit Design,2,0.0
Vascular Malformations and Hemangiomas,2,0.0
Family Dynamics and Relationships,2,0.0
Toxoplasma gondii Research Studies,2,0.0
Characterization and Applications of Magnetic Nanoparticles,2,0.0
Heart rate and cardiovascular health,2,0.0
Byzantine Studies and History,2,0.0
T-cell and Retrovirus Studies,2,0.0
Insect behavior and control techniques,2,0.0
Glass properties and applications,2,0.0
Wave and Wind Energy Systems,2,0.0
Leptospirosis research and findings,2,0.0
graph theory and CDMA systems,2,0.0
Antimicrobial agents and applications,2,0.0
Biochemical and Molecular Research,2,0.0
Legal Education and Practice Innovations,2,0.0
Adaptive optics and wavefront sensing,2,0.0
Digital Communication and Language,2,0.0
Direction-of-Arrival Estimation Techniques,2,0.0
American Political and Social Dynamics,2,0.0
Numerical methods in engineering,2,0.0
Urban Planning and Governance,2,0.0
Hedgehog Signaling Pathway Studies,2,0.0
Construction Project Management and Performance,2,0.0
Mathematical Biology Tumor Growth,2,0.0
Catalytic Alkyne Reactions,2,0.0
Radiation Detection and Scintillator Technologies,2,0.0
Vietnamese History and Culture Studies,2,0.0
Hypothalamic control of reproductive hormones,2,0.0
Cloud Data Security Solutions,2,0.0
Error Correcting Code Techniques,2,0.0
Cancer Research and Treatment,2,0.0
Vascular Procedures and Complications,2,0.0
Myeloproliferative Neoplasms: Diagnosis and Treatment,2,0.0
Educational Methods and Outcomes,2,0.0
Aluminum toxicity and tolerance in plants and animals,2,0.0
HIV/AIDS Impact and Responses,2,0.0
Menstrual Health and Disorders,2,0.0
Autoimmune and Inflammatory Disorders,2,0.0
Sport and Mega-Event Impacts,2,0.0
Polymer Science and PVC,2,0.0
Aerodynamics and Fluid Dynamics Research,2,0.0
Phase-change materials and chalcogenides,2,0.0
Synthetic Aperture Radar (SAR) Applications and Techniques,2,0.0
Boron and Carbon Nanomaterials Research,2,0.0
Numerical Methods and Algorithms,2,0.0
Computational Fluid Dynamics and Aerodynamics,2,0.0
"Perfectionism, Procrastination, Anxiety Studies",2,0.0
Health and Wellbeing Research,2,0.0
History of Computing Technologies,2,0.0
Medical Imaging and Pathology Studies,2,0.0
Trypanosoma species research and implications,2,0.0
Educational Assessment and Pedagogy,2,0.0
Coding theory and cryptography,2,0.0
Hematological disorders and diagnostics,2,0.0
Social and Economic Solidarity,2,0.0
"Retirement, Disability, and Employment",2,0.0
Consumer Market Behavior and Pricing,2,0.0
Globalization and political ideologies,2,0.0
Soybean genetics and cultivation,2,0.0
Educational Practices and Policies,2,0.0
Advanced Mathematical Modeling in Engineering,2,0.0
Digestive system and related health,2,0.0
Auction Theory and Applications,2,0.0
Cognitive Computing and Networks,2,0.0
Metallurgical and Alloy Processes,2,0.0
Digital Media and Visual Art,2,0.0
Disability Rights and Representation,2,0.0
International Arbitration and Investment Law,2,0.0
Power Systems and Renewable Energy,2,0.0
"Religion, Theology, and Education",2,0.0
Infant Health and Development,2,0.0
Museums and Cultural Heritage,2,0.0
"Management, Economics, and Public Policy",2,0.0
Wood Treatment and Properties,2,0.0
Photopolymerization techniques and applications,2,0.0
3D IC and TSV technologies,2,0.0
Medical and Biological Sciences,2,0.0
Testicular diseases and treatments,2,0.0
High-Velocity Impact and Material Behavior,2,0.0
Diverse Educational Innovations Studies,2,0.0
Ultrasonics and Acoustic Wave Propagation,2,0.0
Microfluidic and Capillary Electrophoresis Applications,2,0.0
Patient Satisfaction in Healthcare,2,0.0
Polyomavirus and related diseases,2,0.0
Plant-based Medicinal Research,2,0.0
Place Attachment and Urban Studies,2,0.0
Cardiac Arrhythmias and Treatments,2,0.0
Oceanographic and Atmospheric Processes,2,0.0
Metallurgical Processes and Thermodynamics,2,0.0
Software Engineering Techniques and Practices,2,0.0
Electrostatics and Colloid Interactions,2,0.0
Gaze Tracking and Assistive Technology,2,0.0
Science Education and Pedagogy,2,0.0
Plant Disease Resistance and Genetics,2,0.0
High Temperature Alloys and Creep,2,0.0
Flexible and Reconfigurable Manufacturing Systems,2,0.0
Hydrology and Sediment Transport Processes,2,0.0
Digital Imaging in Medicine,2,0.0
Metallurgy and Material Forming,2,0.0
Hospital Admissions and Outcomes,2,0.0
Shape Memory Alloy Transformations,2,0.0
Evacuation and Crowd Dynamics,2,0.0
Mind wandering and attention,2,0.0
Soil Management and Crop Yield,2,0.0
Diverse Philosophical and Cultural Studies,2,0.0
Optimization and Search Problems,2,0.0
Sleep and Work-Related Fatigue,2,0.0
"Utopian, Dystopian, and Speculative Fiction",2,0.0
Blood Coagulation and Thrombosis Mechanisms,2,0.0
Dysphagia Assessment and Management,2,0.0
Cognitive Radio Networks and Spectrum Sensing,2,0.0
Listeria monocytogenes in Food Safety,2,0.0
Libraries and Information Services,2,0.0
European Political History Analysis,2,0.0
American Environmental and Regional History,2,0.0
Economic and Social Development,2,0.0
Social Sciences and Policies,2,0.0
Global Trade and Competitiveness,2,0.0
Educational Technology and Assessment,2,0.0
Economic Growth and Development,2,0.0
Persona Design and Applications,2,0.0
Hermeneutics and Narrative Identity,2,0.0
Advanced Data Storage Technologies,2,0.0
Oral and Maxillofacial Pathology,2,0.0
Graph Labeling and Dimension Problems,2,0.0
Efficiency Analysis Using DEA,2,0.0
Diatoms and Algae Research,2,0.0
Digital Storytelling and Education,2,0.0
Personal Information Management and User Behavior,2,0.0
Digital Innovation in Industries,2,0.0
Jury Decision Making Processes,2,0.0
Music Therapy and Health,2,0.0
Wildlife Conservation and Criminology Analyses,2,0.0
Asian Geopolitics and Ethnography,2,0.0
Organizational Learning and Leadership,2,0.0
Information Retrieval and Search Behavior,2,0.0
Biofield Effects and Biophysics,2,0.0
Religious Studies and Spiritual Practices,2,0.0
African history and culture analysis,2,0.0
Wireless Communication Networks Research,2,0.0
"Sexuality, Behavior, and Technology",2,0.0
Graph Theory and Algorithms,2,0.0
Usability and User Interface Design,2,0.0
Motor Control and Adaptation,2,0.0
Neurofibromatosis and Schwannoma Cases,2,0.0
Plant Taxonomy and Phylogenetics,2,0.0
Oral health in cancer treatment,2,0.0
Free Will and Agency,2,0.0
Dermatologic Treatments and Research,2,0.0
Entomopathogenic Microorganisms in Pest Control,2,0.0
Network Time Synchronization Technologies,2,0.0
Synthetic Organic Chemistry Methods,2,0.0
Orthopaedic implants and arthroplasty,2,0.0
Youth Development and Social Support,2,0.0
Age of Information Optimization,2,0.0
Effects of Environmental Stressors on Livestock,2,0.0
Color perception and design,2,0.0
"Workaholism, burnout, and well-being",2,0.0
Trauma and Emergency Care Studies,2,0.0
Photorefractive and Nonlinear Optics,2,0.0
Policing Practices and Perceptions,2,0.0
Photography and Visual Culture,2,0.0
"Foucault, Power, and Ethics",2,0.0
Legal Systems and Judicial Processes,2,0.0
Seismic and Structural Analysis of Tall Buildings,2,0.0
Neurology and Historical Studies,2,0.0
Venomous Animal Envenomation and Studies,2,0.0
Pharmacy and Medical Practices,2,0.0
Water Systems and Optimization,2,0.0
Educational Methods and Analysis,2,0.0
Neonatal and Maternal Infections,2,0.0
Heat and Mass Transfer in Porous Media,2,0.0
Geometric and Algebraic Topology,2,0.0
Christian Theology and Mission,2,0.0
Homotopy and Cohomology in Algebraic Topology,2,0.0
"Language, Linguistics, Cultural Analysis",2,0.0
Psychoanalysis and Psychopathology Research,2,0.0
Advanced Numerical Analysis Techniques,2,0.0
Microwave Engineering and Waveguides,2,0.0
Educator Training and Historical Pedagogy,2,0.0
Psychology of Social Influence,2,0.0
Algebraic Geometry and Number Theory,2,0.0
"Rings, Modules, and Algebras",2,0.0
Nuclear Physics and Applications,2,0.0
Mobile Ad Hoc Networks,2,0.0
Nuclear and radioactivity studies,2,0.0
"Global trade, sustainability, and social impact",2,0.0
Cryptographic Implementations and Security,2,0.0
Retinopathy of Prematurity Studies,2,0.0
Thermodynamic and Structural Properties of Metals and Alloys,2,0.0
Fractal and DNA sequence analysis,2,0.0
Intraperitoneal and Appendiceal Malignancies,2,0.0
Mediterranean and Iberian flora and fauna,2,0.0
Phytoplasmas and Hemiptera pathogens,2,0.0
"Gender, Security, and Conflict",2,0.0
Historical Geopolitical and Social Dynamics,2,0.0
Human Motion and Animation,2,0.0
"Innovation, Sustainability, Human-Machine Systems",2,0.0
Political Theology and Sovereignty,2,0.0
Superconducting Materials and Applications,2,0.0
Educational Challenges and Innovations,2,0.0
Sexual function and dysfunction studies,2,0.0
World Systems and Global Transformations,2,0.0
Thin-Film Transistor Technologies,2,0.0
Hernia repair and management,2,0.0
Voice and Speech Disorders,2,0.0
Hemostasis and retained surgical items,2,0.0
Dental Radiography and Imaging,2,0.0
Identification and Quantification in Food,2,0.0
Muscle and Compartmental Disorders,2,0.0
Sugarcane Cultivation and Processing,2,0.0
Animal Disease Management and Epidemiology,2,0.0
Particle Accelerators and Free-Electron Lasers,2,0.0
Intermetallics and Advanced Alloy Properties,2,0.0
Otolaryngology and Infectious Diseases,2,0.0
Effects of Radiation Exposure,2,0.0
Access Control and Trust,2,0.0
Blockchain Technology in Education and Learning,2,0.0
Political Theory and Influence,2,0.0
Marine Sponges and Natural Products,2,0.0
Structural Analysis and Optimization,2,0.0
Gender Studies in Language,2,0.0
Constraint Satisfaction and Optimization,2,0.0
Particle Dynamics in Fluid Flows,2,0.0
Landfill Environmental Impact Studies,2,0.0
Reformation and Early Modern Christianity,2,0.0
Science Education and Perceptions,2,0.0
Walter Benjamin Studies Compilation,2,0.0
Dental Trauma and Treatments,2,0.0
Electromagnetic Fields and Biological Effects,2,0.0
Human-Animal Interaction Studies,2,0.0
Bone health and treatments,2,0.0
"Crime, Deviance, and Social Control",2,0.0
Historical Legal Studies and Society,2,0.0
Recycling and utilization of industrial and municipal waste in materials production,2,0.0
Historical Linguistics and Language Studies,2,0.0
Mathematics Education and Pedagogy,2,0.0
"Nietzsche, Schopenhauer, and Hegel",2,0.0
Geotechnical Engineering and Soil Mechanics,2,0.0
Endodontics and Root Canal Treatments,2,0.0
Silicone and Siloxane Chemistry,2,0.0
Retinoids in leukemia and cellular processes,2,0.0
Statistical and numerical algorithms,2,0.0
Management of metastatic bone disease,2,0.0
Data Analysis and Archiving,2,0.0
Plant Genetic and Mutation Studies,2,0.0
Garlic and Onion Studies,2,0.0
"Health, Nursing, Elderly Care",2,0.0
Death Anxiety and Social Exclusion,2,0.0
MRI in cancer diagnosis,2,0.0
Obsessive-Compulsive Spectrum Disorders,2,0.0
Banana Cultivation and Research,2,0.0
Historical Art and Culture Studies,2,0.0
Phytoestrogen effects and research,2,0.0
Benford’s Law and Fraud Detection,2,0.0
Academic Writing and Publishing,2,0.0
Discrimination and Equality Law,2,0.0
Historical Gender and Feminism Studies,2,0.0
Color Science and Applications,2,0.0
Islamic Studies and History,2,0.0
Mathematical Dynamics and Fractals,2,0.0
Hydraulic Fracturing and Reservoir Analysis,2,0.0
Urban Planning and Landscape Design,2,0.0
Nitrogen and Sulfur Effects on Brassica,2,0.0
Viral Infectious Diseases and Gene Expression in Insects,2,0.0
Dam Engineering and Safety,2,0.0
Apelin-related biomedical research,2,0.0
Higher Education Practises and Engagement,2,0.0
Cyberloafing and Workplace Behavior,2,0.0
Business and Economic Development,2,0.0
14-3-3 protein interactions,2,0.0
Transgenic Plants and Applications,2,0.0
Face Recognition and Perception,2,0.0
Burn Injury Management and Outcomes,2,0.0
Linguistic Education and Pedagogy,2,0.0
"Dental Education, Practice, Research",2,0.0
Occupational Therapy Practice and Research,2,0.0
Stress and Burnout Research,2,0.0
Historical Economic and Social Studies,2,0.0
Ergonomics and Human Factors,2,0.0
Nuclear Issues and Defense,2,0.0
Inertial Sensor and Navigation,2,0.0
Advanced Statistical Process Monitoring,2,0.0
Probability and Statistical Research,2,0.0
History of Science and Medicine,2,0.0
Educational Reforms and Innovations,2,0.0
Hydraulic and Pneumatic Systems,2,0.0
Ocular Infections and Treatments,2,0.0
Fire Detection and Safety Systems,2,0.0
Artificial Intelligence Applications,2,0.0
Marine Toxins and Detection Methods,2,0.0
Generational Differences and Trends,2,0.0
Historical Geography and Geographical Thought,2,0.0
Advanced Machining and Optimization Techniques,2,0.0
Big Data and Digital Economy,2,0.0
Environmental Sustainability and Education,2,0.0
Analytical Chemistry and Chromatography,2,0.0
Healthcare Systems and Technology,2,0.0
ATP Synthase and ATPases Research,2,0.0
Fuzzy Logic and Control Systems,2,0.0
Drilling and Well Engineering,2,0.0
Tendon Structure and Treatment,2,0.0
Statistical Distribution Estimation and Applications,2,0.0
Algebraic and Geometric Analysis,2,0.0
Advanced Differential Equations and Dynamical Systems,2,0.0
Advanced Combinatorial Mathematics,2,0.0
Electromagnetic Simulation and Numerical Methods,2,0.0
Marine Biology and Ecology Research,2,0.0
Plant chemical constituents analysis,2,0.0
Spacecraft and Cryogenic Technologies,2,0.0
Natural Compounds in Disease Treatment,2,0.0
Human Health and Disease,2,0.0
"Agriculture, Water, and Health",2,0.0
Neonatal Health and Biochemistry,2,0.0
Medical Malpractice and Liability Issues,2,0.0
Edible Oils Quality and Analysis,2,0.0
Oral and gingival health research,2,0.0
Surface and Thin Film Phenomena,2,0.0
Heat Transfer and Numerical Methods,2,0.0
Distributed Sensor Networks and Detection Algorithms,2,0.0
Women's cancer prevention and management,2,0.0
Inflammation biomarkers and pathways,2,0.0
Sports Analytics and Performance,2,0.0
Working Capital and Financial Performance,2,0.0
Deception detection and forensic psychology,2,0.0
Coal Properties and Utilization,2,0.0
Expert finding and Q&A systems,2,0.0
Infections and bacterial resistance,2,0.0
Surface Treatment and Residual Stress,2,0.0
"Brucella: diagnosis, epidemiology, treatment",2,0.0
Culinary Culture and Tourism,2,0.0
Underwater Acoustics Research,2,0.0
Neuropeptides and Animal Physiology,2,0.0
Sports and Physical Education Research,2,0.0
Historical and Architectural Studies,2,0.0
Coaching Methods and Impact,2,0.0
Mathematics Education and Teaching Techniques,2,0.0
Oil and Gas Production Techniques,2,0.0
Syphilis Diagnosis and Treatment,2,0.0
China's Socioeconomic Reforms and Governance,2,0.0
International Law and Aviation,2,0.0
Pharmaceutical Quality and Counterfeiting,2,0.0
Mineral Processing and Grinding,2,0.0
Aerospace Engineering and Energy Systems,2,0.0
Engineering Diagnostics and Reliability,2,0.0
Vehicle License Plate Recognition,2,0.0
Energetic Materials and Combustion,2,0.0
Power Systems Fault Detection,2,0.0
Intraoperative Neuromonitoring and Anesthetic Effects,2,0.0
Health and Conflict Studies,2,0.0
Education and Learning Interventions,2,0.0
Advanced Algorithms and Applications,2,0.0
Diverse Scientific and Economic Studies,2,0.0
Virology and Viral Diseases,2,0.0
Open Education and E-Learning,2,0.0
Marketing and Advertising Strategies,2,0.0
Irish and British Studies,2,0.0
Satellite Image Processing and Photogrammetry,2,0.0
Electronic Packaging and Soldering Technologies,2,0.0
Photonic Crystal and Fiber Optics,2,0.0
"Weber, Simmel, Sociological Theory",1,0.0
Microwave Dielectric Ceramics Synthesis,1,0.0
Fire dynamics and safety research,1,0.0
Geotechnical and construction materials studies,1,0.0
Wood and Agarwood Research,1,0.0
Historical Psychiatry and Medical Practices,1,0.0
Tribology and Lubrication Engineering,1,0.0
Fusion and Plasma Physics Studies,1,0.0
Software Reliability and Analysis Research,1,0.0
Botanical Research and Chemistry,1,0.0
Paleontology and Evolutionary Biology,1,0.0
Web Data Mining and Analysis,1,0.0
Security and Verification in Computing,1,0.0
Image and Object Detection Techniques,1,0.0
Stability and Control of Uncertain Systems,1,0.0
Nonlocal and gradient elasticity in micro/nano structures,1,0.0
Coordination Chemistry and Organometallics,1,0.0
"Counseling, Therapy, and Family Dynamics",1,0.0
Pragmatism in Philosophy and Education,1,0.0
Biometric Identification and Security,1,0.0
Mathematical Approximation and Integration,1,0.0
Cervical and Thoracic Myelopathy,1,0.0
Aerosol Filtration and Electrostatic Precipitation,1,0.0
Physical Unclonable Functions (PUFs) and Hardware Security,1,0.0
Rabies epidemiology and control,1,0.0
Capital Investment and Risk Analysis,1,0.0
Geotourism and Geoheritage Conservation,1,0.0
Neutropenia and Cancer Infections,1,0.0
Infectious Diseases and Tuberculosis,1,0.0
Psychological and Educational Research Studies,1,0.0
Neurological Complications and Syndromes,1,0.0
Microwave-Assisted Synthesis and Applications,1,0.0
Space Satellite Systems and Control,1,0.0
Carbohydrate Chemistry and Synthesis,1,0.0
Pigment Synthesis and Properties,1,0.0
Cuban History and Society,1,0.0
Crystallography and Radiation Phenomena,1,0.0
Healthcare Quality and Management,1,0.0
Biochemical and biochemical processes,1,0.0
Opportunistic and Delay-Tolerant Networks,1,0.0
Family Support in Illness,1,0.0
Blood properties and coagulation,1,0.0
Advancements in Photolithography Techniques,1,0.0
Psychiatric care and mental health services,1,0.0
Minerals Flotation and Separation Techniques,1,0.0
"Economic, financial, and policy analysis",1,0.0
Electrical and Electromagnetic Research,1,0.0
Cellular Automata and Applications,1,0.0
Appreciative Inquiry and Organizational Change,1,0.0
Congenital Diaphragmatic Hernia Studies,1,0.0
Pharmaceutical studies and practices,1,0.0
Aerospace and Aviation Technology,1,0.0
Conflict Management and Negotiation,1,0.0
Kruppel-like factors research,1,0.0
Advanced Mathematical Identities,1,0.0
Ginkgo biloba and Cashew Applications,1,0.0
Natural Resources and Economic Development,1,0.0
Geography Education and Pedagogy,1,0.0
Diagnosis and treatment of tuberculosis,1,0.0
"Diaspora, migration, transnational identity",1,0.0
Contemporary Cultural and Social Studies,1,0.0
"Balkans: History, Politics, Society",1,0.0
Social Policies and Family,1,0.0
Educational and Organizational Development,1,0.0
Jewish Identity and Society,1,0.0
Underground infrastructure and sustainability,1,0.0
Fire effects on concrete materials,1,0.0
Combustion and flame dynamics,1,0.0
Corneal Surgery and Treatments,1,0.0
Linguistics and Language Analysis,1,0.0
Ideological and Political Education,1,0.0
Library Science and Administration,1,0.0
Medical Case Reports and Studies,1,0.0
Veterinary Oncology Research,1,0.0
Ethics and Legal Issues in Pediatric Healthcare,1,0.0
Finite Group Theory Research,1,0.0
History of Medical Practice,1,0.0
Global Urban Networks and Dynamics,1,0.0
Kantian Philosophy and Modern Interpretations,1,0.0
"Multiculturalism, Politics, Migration, Gender",1,0.0
Social and Economic Development in India,1,0.0
Congenital gastrointestinal and neural anomalies,1,0.0
Plant and Fungal Species Descriptions,1,0.0
Iterative Learning Control Systems,1,0.0
Nanowire Synthesis and Applications,1,0.0
Mast cells and histamine,1,0.0
Economics of Agriculture and Food Markets,1,0.0
Subcritical and Supercritical Water Processes,1,0.0
Pediatric Urology and Nephrology Studies,1,0.0
Organic and Molecular Conductors Research,1,0.0
Copper Interconnects and Reliability,1,0.0
Clusterin in disease pathology,1,0.0
Educational Assessment and Improvement,1,0.0
Occupational and Professional Licensing Regulation,1,0.0
Histiocytic Disorders and Treatments,1,0.0
Heavy Metals in Plants,1,0.0
Drug-Induced Ocular Toxicity,1,0.0
"Adhesion, Friction, and Surface Interactions",1,0.0
Sustainable Industrial Ecology,1,0.0
Family Caregiving in Mental Illness,1,0.0
Magnesium Oxide Properties and Applications,1,0.0
Indigenous Health and Education,1,0.0
Maritime Navigation and Safety,1,0.0
Burkholderia infections and melioidosis,1,0.0
Oil Spill Detection and Mitigation,1,0.0
Enzyme function and inhibition,1,0.0
Accounting Education and Careers,1,0.0
Local Government Finance and Decentralization,1,0.0
Anorectal Disease Treatments and Outcomes,1,0.0
Agriculture and Farm Safety,1,0.0
Nonlinear Photonic Systems,1,0.0
Fish Biology and Ecology Studies,1,0.0
Electrical and Bioimpedance Tomography,1,0.0
Food and Agricultural Sciences,1,0.0
Fetal and Pediatric Neurological Disorders,1,0.0
Older Adults Driving Studies,1,0.0
Botany and Geology in Latin America and Caribbean,1,0.0
Geophysical Methods and Applications,1,0.0
Hip disorders and treatments,1,0.0
Information Systems and Technology Applications,1,0.0
Odor and Emission Control Technologies,1,0.0
Pressure Ulcer Prevention and Management,1,0.0
Medicinal plant effects and applications,1,0.0
Peripheral Nerve Disorders,1,0.0
Fern and Epiphyte Biology,1,0.0
Studies on Chitinases and Chitosanases,1,0.0
Phonocardiography and Auscultation Techniques,1,0.0
Ureteral procedures and complications,1,0.0
Socio-political and Technological Issues,1,0.0
"Law, logistics, and international trade",1,0.0
Electric Power System Optimization,1,0.0
Urologic and reproductive health conditions,1,0.0
Engineering Applied Research,1,0.0
Cephalopods and Marine Biology,1,0.0
Legal Studies and Policies,1,0.0
Astronomical and nuclear sciences,1,0.0
Healthcare Facilities Design and Sustainability,1,0.0
Historical and Literary Analyses,1,0.0
Engineering Structural Analysis Methods,1,0.0
Aquatic Invertebrate Ecology and Behavior,1,0.0
Financial Analysis and Corporate Governance,1,0.0
Engineering and Technology Innovations,1,0.0
Writing and Handwriting Education,1,0.0
Fisheries and Aquaculture Studies,1,0.0
Composite Material Mechanics,1,0.0
Legal and Regulatory Analysis,1,0.0
Technology and Data Analysis,1,0.0
Structural mechanics and materials,1,0.0
Assisted Reproductive Technology and Twin Pregnancy,1,0.0
Rheology and Fluid Dynamics Studies,1,0.0
Geophysics and Sensor Technology,1,0.0
Pharmaceutical industry and healthcare,1,0.0
Approximation Theory and Sequence Spaces,1,0.0
Decision Support System Applications,1,0.0
Parasitic Infections and Diagnostics,1,0.0
Rhetoric and Communication Studies,1,0.0
Economic Policies and Impacts,1,0.0
Lightning and Electromagnetic Phenomena,1,0.0
Cybersecurity and Cyber Warfare Studies,1,0.0
Human Behavior and Motivation,1,0.0
Marine and environmental studies,1,0.0
Islamic Finance and Communication,1,0.0
French Literature and Poetry,1,0.0
Cancer-related gene regulation,1,0.0
Advanced Photonic Communication Systems,1,0.0
Primate Behavior and Ecology,1,0.0
Microscopic Colitis,1,0.0
Bone and Dental Protein Studies,1,0.0
Paleontology and Stratigraphy of Fossils,1,0.0
Linguistics and language evolution,1,0.0
Indigenous Studies and Ecology,1,0.0
Fecal contamination and water quality,1,0.0
Disability Education and Employment,1,0.0
Agricultural and Food Production Studies,1,0.0
English Language Learning and Teaching,1,0.0
Sunflower and Safflower Cultivation,1,0.0
Teacher Education and Assessments,1,0.0
Leadership and Management in Organizations,1,0.0
Intravenous Infusion Technology and Safety,1,0.0
Cyclization and Aryne Chemistry,1,0.0
Healthcare Systems and Practices,1,0.0
European Criminal Justice and Data Protection,1,0.0
"History, Culture, and Society",1,0.0
Social Development and Education Research,1,0.0
Leaf Properties and Growth Measurement,1,0.0
Powder Metallurgy Techniques and Materials,1,0.0
Optical Coatings and Gratings,1,0.0
Psychological Testing and Assessment,1,0.0
Environmental Sustainability and Technology,1,0.0
Milk Quality and Mastitis in Dairy Cows,1,0.0
Archaeology and ancient environmental studies,1,0.0
Renal function and acid-base balance,1,0.0
FOXO transcription factor regulation,1,0.0
"Oil, Gas, and Environmental Issues",1,0.0
Pelvic and Acetabular Injuries,1,0.0
Metal-Catalyzed Oxygenation Mechanisms,1,0.0
Legionella and Acanthamoeba research,1,0.0
Genome Rearrangement Algorithms,1,0.0
Education and Communication Studies,1,0.0
Political Science Research and Education,1,0.0
"Cultural, Media, and Literary Studies",1,0.0
Digital Humanities and Scholarship,1,0.0
Russia and Soviet political economy,1,0.0
Competency Development and Evaluation,1,0.0
Medical Research and Practices,1,0.0
Coal Combustion and Slurry Processing,1,0.0
Intraocular Surgery and Lenses,1,0.0
Education Practices and Challenges,1,0.0
"Aging, Elder Care, and Social Issues",1,0.0
Analog and Mixed-Signal Circuit Design,1,0.0
Innovative Teaching Methodologies in Social Sciences,1,0.0
"Educational, Social, and Political Issues",1,0.0
Organizational Strategy and Culture,1,0.0
Surfactants and Colloidal Systems,1,0.0
Nonlinear Partial Differential Equations,1,0.0
African Education and Politics,1,0.0
NMR spectroscopy and applications,1,0.0
Infrared Thermography in Medicine,1,0.0
Youth Education and Societal Dynamics,1,0.0
Optics and Image Analysis,1,0.0
Pelvic floor disorders treatments,1,0.0
Asian American and Pacific Histories,1,0.0
Advanced Mathematical Theories and Applications,1,0.0
Property Rights and Legal Doctrine,1,0.0
Maritime and Coastal Archaeology,1,0.0
Plant Ecology and Soil Science,1,0.0
Minimally Invasive Surgical Techniques,1,0.0
Financial Risk and Volatility Modeling,1,0.0
Greenhouse Technology and Climate Control,1,0.0
Healthcare Operations and Scheduling Optimization,1,0.0
Granular flow and fluidized beds,1,0.0
"Yersinia bacterium, plague, ectoparasites research",1,0.0
Inorganic Chemistry and Materials,1,0.0
Refrigeration and Air Conditioning Technologies,1,0.0
Agricultural safety and regulations,1,0.0
Ocular Diseases and Behçet’s Syndrome,1,0.0
Aerospace Engineering and Control Systems,1,0.0
Geometric Analysis and Curvature Flows,1,0.0
Fungal Plant Pathogen Control,1,0.0
Statistical and Computational Modeling,1,0.0
Social Robot Interaction and HRI,1,0.0
Aviation Industry Analysis and Trends,1,0.0
Cambodian History and Society,1,0.0
Global socioeconomic and cultural dynamics,1,0.0
Astronomical Observations and Instrumentation,1,0.0
Embedded Systems Design Techniques,1,0.0
Infection Control in Healthcare,1,0.0
Arts and Performance Studies,1,0.0
Particle accelerators and beam dynamics,1,0.0
Lichen and fungal ecology,1,0.0
Healthcare Decision-Making and Restraints,1,0.0
Scoliosis diagnosis and treatment,1,0.0
Diverse Education and Engineering Focus,1,0.0
Diverse academic and cultural studies,1,0.0
Laser-induced spectroscopy and plasma,1,0.0
Taxation and Compliance Studies,1,0.0
"Leadership, Behavior, and Decision-Making Studies",1,0.0
Urban and Rural Development Challenges,1,0.0
Palliative and Oncologic Care,1,0.0
Autoimmune Bullous Skin Diseases,1,0.0
Electrical and Thermal Properties of Materials,1,0.0
"Agriculture, Soil, Plant Science",1,0.0
"Colonialism, slavery, and trade",1,0.0
Paranormal Experiences and Beliefs,1,0.0
Feminist Theory and Gender Studies,1,0.0
Early Modern Women Writers,1,0.0
Post-Communist Economic and Political Transition,1,0.0
Chaos control and synchronization,1,0.0
"Art, Technology, and Culture",1,0.0
Information Science and Libraries,1,0.0
Magneto-Optical Properties and Applications,1,0.0
Infectious Diseases and Mycology,1,0.0
"Leadership, Courage, and Heroism Studies",1,0.0
Environmental and Air Quality Management,1,0.0
"Terrorism, Counterterrorism, and Political Violence",1,0.0
Animal health and immunology,1,0.0
Economic Zones and Regional Development,1,0.0
Historical Philosophy and Science,1,0.0
Geotechnical Engineering and Underground Structures,1,0.0
Feminist Epistemology and Gender Studies,1,0.0
Aquatic Ecosystems and Biodiversity,1,0.0
Giambattista Vico and Joyce,1,0.0
Inorganic and Organometallic Chemistry,1,0.0
Space Exploration and Technology,1,0.0
Comparative International Legal Studies,1,0.0
Political Influence and Corporate Strategies,1,0.0
Point processes and geometric inequalities,1,0.0
Educational Research and Pedagogy,1,0.0
Cutaneous lymphoproliferative disorders research,1,0.0
Pomegranate: compositions and health benefits,1,0.0
Groundwater and Watershed Analysis,1,0.0
Berry genetics and cultivation research,1,0.0
Fiscal Policies and Political Economy,1,0.0
Semiotics and Representation Studies,1,0.0
Lubricants and Their Additives,1,0.0
Spacecraft Design and Technology,1,0.0
International Science and Diplomacy,1,0.0
Cultural Heritage Materials Analysis,1,0.0
Spaceflight effects on biology,1,0.0
Cardiovascular Conditions and Treatments,1,0.0
Employee Performance and Leadership,1,0.0
Foot and Ankle Surgery,1,0.0
ICT in Developing Communities,1,0.0
Herbal Medicine Research Studies,1,0.0
Synthesis and characterization of novel inorganic/organometallic compounds,1,0.0
Microbial Metabolism and Applications,1,0.0
Diverse Applied Research Studies,1,0.0
Experience-Based Knowledge Management,1,0.0
Respiratory and Cough-Related Research,1,0.0
Arctic and Russian Policy Studies,1,0.0
Workplace Violence and Bullying,1,0.0
"Ecology, Conservation, and Geographical Studies",1,0.0
Biomimetic flight and propulsion mechanisms,1,0.0
Phytochemistry and Bioactivity Studies,1,0.0
Environmental Engineering and Cultural Studies,1,0.0
Educational Theory and Curriculum Studies,1,0.0
Sensorless Control of Electric Motors,1,0.0
Cold Fusion and Nuclear Reactions,1,0.0
Public Health and Nutrition,1,0.0
"Technology, Environment, Urban Planning",1,0.0
Regional Socio-Economic Development Trends,1,0.0
"Homicide, Infanticide, and Child Abuse",1,0.0
Material Selection and Properties,1,0.0
Interdisciplinary Cultural and Social Studies,1,0.0
Biomedical and Chemical Research,1,0.0
New Zealand Economic and Social Studies,1,0.0
"Memory, violence, and history",1,0.0
Global Healthcare and Medical Tourism,1,0.0
Transportation Systems and Logistics,1,0.0
Consumer behavior in food and health,1,0.0
Advanced Research in Systems and Signal Processing,1,0.0
Meromorphic and Entire Functions,1,0.0
Aquatic and Environmental Studies,1,0.0
Innovations in Educational Methods,1,0.0
Asian Industrial and Economic Development,1,0.0
Doctoral Education Challenges and Solutions,1,0.0
French Historical and Cultural Studies,1,0.0
Narrative Theory and Analysis,1,0.0
Veterinary Practice and Education Studies,1,0.0
Geotechnical Engineering and Soil Stabilization,1,0.0
"Dietetics, Nutrition, and Education",1,0.0
Evolution and Science Education,1,0.0
Digital and Cyber Forensics,1,0.0
Skin and Cellular Biology Research,1,0.0
Breast Lesions and Carcinomas,1,0.0
Connective Tissue Growth Factor Research,1,0.0
Historical and Cultural Archaeology Studies,1,0.0
Wine Industry and Tourism,1,0.0
Infectious Encephalopathies and Encephalitis,1,0.0
Postmodernism in Literature and Education,1,0.0
Parasitic Diseases Research and Treatment,1,0.0
Slime Mold and Myxomycetes Research,1,0.0
X-ray Spectroscopy and Fluorescence Analysis,1,0.0
Public Health Policies and Education,1,0.0
Karst Systems and Hydrogeology,1,0.0
Freshwater macroinvertebrate diversity and ecology,1,0.0
Global Security and Public Health,1,0.0
Biological Research and Disease Studies,1,0.0
Nausea and vomiting management,1,0.0
Korean Urban and Social Studies,1,0.0
Alkaline Phosphatase Research Studies,1,0.0
Blood groups and transfusion,1,0.0
Advanced Control Systems Design,1,0.0
Marine Bivalve and Aquaculture Studies,1,0.0
Chemotherapy-related skin toxicity,1,0.0
Humor Studies and Applications,1,0.0
Otitis Media and Relapsing Polychondritis,1,0.0
Soft tissue tumor case studies,1,0.0
Comparative Animal Anatomy Studies,1,0.0
Educational Management and Quality,1,0.0
Philippine History and Culture,1,0.0
Down syndrome and intellectual disability research,1,0.0
Chemical and Physical Properties of Materials,1,0.0
Pregnancy-related medical research,1,0.0
Trigeminal Neuralgia and Treatments,1,0.0
Visual Culture and Art Theory,1,0.0
Digital Accessibility for Disabilities,1,0.0
Economic Growth and Fiscal Policies,1,0.0
Vector-Borne Animal Diseases,1,0.0
EU Law and Policy Analysis,1,0.0
Petri Nets in System Modeling,1,0.0
Authorship Attribution and Profiling,1,0.0
Educational Environments and Student Outcomes,1,0.0
Regulation and Compliance Studies,1,0.0
Geometry and complex manifolds,1,0.0
Pharmacology and Nanomedicine Research,1,0.0
Bioactive Compounds and Antitumor Agents,1,0.0
Phenothiazines and Benzothiazines Synthesis and Activities,1,0.0
Academic Publishing and Open Access,1,0.0
Mineralogy and Gemology Studies,1,0.0
Conservation Techniques and Studies,1,0.0
Military and Defense Studies,1,0.0
Ectopic Pregnancy Diagnosis and Management,1,0.0
Music Education and Analysis,1,0.0
VLSI and FPGA Design Techniques,1,0.0
Air Traffic Management and Optimization,1,0.0
semigroups and automata theory,1,0.0
Radioactive Decay and Measurement Techniques,1,0.0
Educational Leadership and Administration,1,0.0
"Nursing Education, Practice, and Leadership",1,0.0
Optical Polarization and Ellipsometry,1,0.0
AI-based Problem Solving and Planning,1,0.0
Urban Agriculture and Sustainability,1,0.0
Video Coding and Compression Technologies,1,0.0
Evasion and Academic Success Factors,1,0.0
Social Power and Status Dynamics,1,0.0
Psychology Research and Bibliometrics,1,0.0
Polar Research and Ecology,1,0.0
Geodetic Measurements and Engineering Structures,1,0.0
Supply Chain and Inventory Management,1,0.0
Microwave and Dielectric Measurement Techniques,1,0.0
"IPv6, Mobility, Handover, Networks, Security",1,0.0
Wireless Body Area Networks,1,0.0
Cardiac and Coronary Surgery Techniques,1,0.0
Innovations in Aquaponics and Hydroponics Systems,1,0.0
Esophageal and GI Pathology,1,0.0
Potassium and Related Disorders,1,0.0
Travel-related health issues,1,0.0
Scientific Research and Philosophical Inquiry,1,0.0
Quality of Life Measurement,1,0.0
Sociopolitical Dynamics in Nepal,1,0.0
Public Administration in Developing Nations,1,0.0
Advanced Adaptive Filtering Techniques,1,0.0
Contact Mechanics and Variational Inequalities,1,0.0
"Philosophy, Ethics, and Existentialism",1,0.0
Music Technology and Sound Studies,1,0.0
Advanced Graph Theory Research,1,0.0
"Security, Politics, and Digital Transformation",1,0.0
Invertebrate Taxonomy and Ecology,1,0.0
Island Studies and Pacific Affairs,1,0.0
Mathematical functions and polynomials,1,0.0
Credit Risk and Financial Regulations,1,0.0
Corporate Management and Leadership,1,0.0
Advanced Scientific Research Methods,1,0.0
Bioactive Compounds in Plants,1,0.0
Organometallic Compounds Synthesis and Characterization,1,0.0
Seventeenth-Century Political and Philosophical Thought,1,0.0
Phytochemistry and biological activities of Ficus species,1,0.0
Salivary Gland Tumors Diagnosis and Treatment,1,0.0
Neuroscience and Music Perception,1,0.0
Geotechnical Engineering and Analysis,1,0.0
Organ Donation and Transplantation,1,0.0
Economic Sanctions and International Relations,1,0.0
Gun Ownership and Violence Research,1,0.0
Botulinum Toxin and Related Neurological Disorders,1,0.0
Advanced Data and IoT Technologies,1,0.0
Moyamoya disease diagnosis and treatment,1,0.0
Biomarkers in Disease Mechanisms,1,0.0
Geophysical and Geoelectrical Methods,1,0.0
Dendrimers and Hyperbranched Polymers,1,0.0
Latin American Cultural Politics,1,0.0
Rural Development and Agriculture,1,0.0
Art History and Market Analysis,1,0.0
Student Stress and Coping,1,0.0
Paraoxonase enzyme and polymorphisms,1,0.0
Chemical Reactions and Mechanisms,1,0.0
Intellectual Capital and Performance Analysis,1,0.0
Synthesis and Characterization of Heterocyclic Compounds,1,0.0
Polymer Nanocomposite Synthesis and Irradiation,1,0.0
Agroforestry and silvopastoral systems,1,0.0
Sustainable Agricultural Systems Analysis,1,0.0
Competitive and Knowledge Intelligence,1,0.0
Education and Art Integration,1,0.0
Groundwater flow and contamination studies,1,0.0
Biopolymer Synthesis and Applications,1,0.0
Communication Studies and Media,1,0.0
Geological formations and processes,1,0.0
International Labor and Employment Law,1,0.0
Digital Filter Design and Implementation,1,0.0
Sports Dynamics and Biomechanics,1,0.0
Gothic Literature and Media Analysis,1,0.0
Advanced Measurement and Detection Methods,1,0.0
"Media, Gender, and Advertising",1,0.0
Medieval Literature and History,1,0.0
Medical History and Research,1,0.0
Outdoor and Experiential Education,1,0.0
Chinese history and philosophy,1,0.0
Social and Political Issues,1,0.0
Corporate Governance and Management,1,0.0
Intellectual Property and Patents,1,0.0
Medicine and Dermatology Studies History,1,0.0
Political Systems and Governance,1,0.0
Seismic Performance and Analysis,1,0.0
Toxin Mechanisms and Immunotoxins,1,0.0
Academic Freedom and Politics,1,0.0
Carcinogens and Genotoxicity Assessment,1,0.0
Public-Private Partnership Projects,1,0.0
Clinical Laboratory Practices and Quality Control,1,0.0
Nuclear Receptors and Signaling,1,0.0
Hydrogen's biological and therapeutic effects,1,0.0
Polymer crystallization and properties,1,0.0
Bone and Joint Diseases,1,0.0
Image Processing Techniques and Applications,1,0.0
Artificial Intelligence in Education,1,0.0
Phytochemicals and Medicinal Plants,1,0.0
Constructed Wetlands for Wastewater Treatment,1,0.0
Education and Digital Technologies,1,0.0
Cryptography and Residue Arithmetic,1,0.0
Islamic Studies and Radicalism,1,0.0
Environmental Chemistry and Analysis,1,0.0
Marine Invertebrate Physiology and Ecology,1,0.0
Structural Analysis of Composite Materials,1,0.0
Social Issues and Policies in Latin America,1,0.0
Aldose Reductase and Taurine,1,0.0
Adult and Continuing Education Topics,1,0.0
Pleural and Pulmonary Diseases,1,0.0
Forest Ecology and Biodiversity Studies,1,0.0
Spatial and Cultural Studies,1,0.0
Educational Leadership and Innovation,1,0.0
Rough Sets and Fuzzy Logic,1,0.0
Sustainability and Ecological Systems Analysis,1,0.0
Economic Issues in Ukraine,1,0.0
Education in Diverse Contexts,1,0.0
Health and Medical Education,1,0.0
Power Transformer Diagnostics and Insulation,1,0.0
Lower Extremity Biomechanics and Pathologies,1,0.0
Child Development and Education,1,0.0
Earthquake and Disaster Impact Studies,1,0.0
Advanced Computational Techniques in Science and Engineering,1,0.0
European and International Contract Law,1,0.0
Global Socioeconomic and Political Dynamics,1,0.0
Agriculture and Agroindustry Studies,1,0.0
Asphalt Pavement Performance Evaluation,1,0.0
Sociopolitical Dynamics in Russia,1,0.0
Metal Forming Simulation Techniques,1,0.0
"Media, Communication, and Education",1,0.0
South Asian Studies and Conflicts,1,0.0
Body Image and Dysmorphia Studies,1,0.0
Memory Processes and Influences,1,0.0
Vascular Malformations Diagnosis and Treatment,1,0.0
Ancient Mediterranean Archaeology and History,1,0.0
Historical Studies and Socio-cultural Analysis,1,0.0
Stochastic processes and financial applications,1,0.0
Archaeological Research and Protection,1,0.0
South Asian Studies and Diaspora,1,0.0
Spinal Fractures and Fixation Techniques,1,0.0
Australian Indigenous Culture and History,1,0.0
Spinal Dysraphism and Malformations,1,0.0
Soil and Environmental Studies,1,0.0
Values and Moral Education,1,0.0
Flowering Plant Growth and Cultivation,1,0.0
Nursing Roles and Practices,1,0.0
Industrial Automation and Control Systems,1,0.0
Quinazolinone synthesis and applications,1,0.0
Facial Nerve Paralysis Treatment and Research,1,0.0
"Logic, programming, and type systems",1,0.0
Cerebral Venous Sinus Thrombosis,1,0.0
Adsorption and Cooling Systems,1,0.0
Shoulder Injury and Treatment,1,0.0
Hospitality and Tourism Education,1,0.0
Survey Sampling and Estimation Techniques,1,0.0
Boron Compounds in Chemistry,1,0.0
Lepidoptera: Biology and Taxonomy,1,0.0
Census and Population Estimation,1,0.0
Medical History and Innovations,1,0.0
Mining Techniques and Economics,1,0.0
Composite Structure Analysis and Optimization,1,0.0
Optimization and Packing Problems,1,0.0
Cardiac tumors and thrombi,1,0.0
Fashion and Cultural Textiles,1,0.0
Medical Imaging and Analysis,1,0.0
Advanced Wireless Network Optimization,1,0.0
Cancer and Skin Lesions,1,0.0
Coconut Research and Applications,1,0.0
Cyclone Separators and Fluid Dynamics,1,0.0
Smart Materials for Construction,1,0.0
Real-Time Systems Scheduling,1,0.0
Health and Medical Studies,1,0.0
Corporate Identity and Reputation,1,0.0
Diverse Industrial Engineering Technologies,1,0.0
Metal Alloys Wear and Properties,1,0.0
Biological Control of Invasive Species,1,0.0
Electrostatic Discharge in Electronics,1,0.0
Natural Compound Pharmacology Studies,1,0.0
Physics and Engineering Research Articles,1,0.0
Islamic Finance and Banking Studies,1,0.0
Chromatography in Natural Products,1,0.0
Chemical Reaction Mechanisms,1,0.0
Classical Antiquity Studies,1,0.0
Sesame and Sesamin Research,1,0.0
"Graphite, nuclear technology, radiation studies",1,0.0
Politics and Society in Latin America,1,0.0
Educational Strategies and Epistemologies,1,0.0
Water Resource Management and Quality,1,0.0
Conferences and Exhibitions Management,1,0.0
Maritime Ports and Logistics,1,0.0
Safety Systems Engineering in Autonomy,1,0.0
Structural Response to Dynamic Loads,1,0.0
Psidium guajava Extracts and Applications,1,0.0
Teleoperation and Haptic Systems,1,0.0
Theology and Philosophy of Evil,1,0.0
Critical Theory and Political Philosophy,1,0.0
Environmental Science and Technology,1,0.0
Sesquiterpenes and Asteraceae Studies,1,0.0
Vehicle Dynamics and Control Systems,1,0.0
"Swearing, Euphemism, Multilingualism",1,0.0
Elasticity and Material Modeling,1,0.0
Chemical and Environmental Engineering Research,1,0.0
Fluid Dynamics and Mixing,1,0.0
Rangeland and Wildlife Management,1,0.0
Heusler alloys: electronic and magnetic properties,1,0.0
Legal Issues in South Africa,1,0.0
Chemical synthesis and alkaloids,1,0.0
"Migration, Aging, and Tourism Studies",1,0.0
Differential Equations and Numerical Methods,1,0.0
Beetle Biology and Toxicology Studies,1,0.0
Indian and Buddhist Studies,1,0.0
Education Methods and Technologies,1,0.0
Metallurgy and Material Science,1,0.0
"Politics and Conflicts in Afghanistan, Pakistan, and Middle East",1,0.0
Ancient Near East History,1,0.0
Scottish History and National Identity,1,0.0
Diverse Research and Applications,1,0.0
Asian Culture and Media Studies,1,0.0
Cinema and Media Studies,1,0.0
Historical and Religious Studies of Rome,1,0.0
Classical Studies and Legal History,1,0.0
Political and Social Issues,1,0.0
Field-Flow Fractionation Techniques,1,0.0
Soviet and Russian History,1,0.0
Dispute Resolution and Class Actions,1,0.0
"Shakespeare, Adaptation, and Literary Criticism",1,0.0
European Politics and Security,1,0.0
Agriculture and Biological Studies,1,0.0
"Historical, Religious, and Philosophical Studies",1,0.0
Lymphatic System and Diseases,1,0.0
Welding Techniques and Residual Stresses,1,0.0
Sexual Assault and Victimization Studies,1,0.0
Chemical Synthesis and Reactions,1,0.0
Mathematical and Theoretical Analysis,1,0.0
Innovations and Analysis in Business and Education,1,0.0
Science and Science Education,1,0.0
Service-Oriented Architecture and Web Services,1,0.0
Agricultural Systems and Practices,1,0.0
Sports and Physical Education Studies,1,0.0
E-commerce and Technology Innovations,1,0.0
Surface Roughness and Optical Measurements,1,0.0
Materials Engineering and Processing,1,0.0
Engineering Education and Curriculum Development,1,0.0
Growth Hormone and Insulin-like Growth Factors,1,0.0
Near-Field Optical Microscopy,1,0.0
Patient Dignity and Privacy,1,0.0
Tailings Management and Properties,1,0.0
Legal case studies and regulations,1,0.0
"Grouting, Rheology, and Soil Mechanics",1,0.0
Geological and Geophysical Studies Worldwide,1,0.0
Thermal Analysis in Power Transmission,1,0.0
Digitalization and Economic Development in Agriculture,1,0.0
Agricultural Development and Management,1,0.0
Heat Transfer and Boiling Studies,1,0.0
Electron Spin Resonance Studies,1,0.0
Myofascial pain diagnosis and treatment,1,0.0
Telecommunications and Broadcasting Technologies,1,0.0
Building materials and conservation,1,0.0
High voltage insulation and dielectric phenomena,1,0.0
Electromagnetic Effects on Materials,1,0.0
Advanced Measurement and Metrology Techniques,1,0.0
Magnetic and Electromagnetic Effects,1,0.0
Literacy and Educational Practices,1,0.0
IoT and GPS-based Vehicle Safety Systems,1,0.0
Molecular Spectroscopy and Structure,1,0.0
Medical and Health Sciences Research,1,0.0
Phosphodiesterase function and regulation,1,0.0
Space exploration and regulation,1,0.0
Ergonomics and Musculoskeletal Disorders,1,0.0
Electrical Contact Performance and Analysis,1,0.0
Architectural and Urban Studies,1,0.0
Abdominal vascular conditions and treatments,1,0.0
Developmental and Educational Neuropsychology,1,0.0
Engineering Technology and Methodologies,1,0.0
International Relations in Latin America,1,0.0
Education for Peace and Conflict Resolution,1,0.0
Knowledge Societies in the 21st Century,1,0.0
Mathematics Education and Programs,1,0.0
Fusion materials and technologies,1,0.0
Subtitles and Audiovisual Media,1,0.0
Service-Learning and Community Engagement,1,0.0
Advanced Computational Techniques and Applications,1,0.0
Peer-to-Peer Network Technologies,1,0.0
Augustinian Studies and Theology,1,0.0
German Literature and Culture Studies,1,0.0
German Social Sciences and History,1,0.0
Diptera species taxonomy and behavior,1,0.0
Romani and Gypsy Studies,1,0.0
Algebraic structures and combinatorial models,1,0.0
Healthcare during COVID-19 Pandemic,1,0.0
Concrete Properties and Behavior,1,0.0
"Logic, Reasoning, and Knowledge",1,0.0
