source,publication_count,percentage
Unknown,3037,6.07
Nature,1873,3.75
Science,1245,2.49
Nature Communications,1203,2.41
New England Journal of Medicine,1144,2.29
The Lancet,838,1.68
Advanced Materials,654,1.31
Cell,651,1.3
Chemical Reviews,597,1.19
Nature Medicine,456,0.91
Chemical Society Reviews,429,0.86
Nucleic Acids Research,419,0.84
Journal of the American Chemical Society,398,0.8
JAMA,385,0.77
Proceedings of the National Academy of Sciences,288,0.58
Angewandte Chemie International Edition,272,0.54
Signal Transduction and Targeted Therapy,272,0.54
International Journal of Molecular Sciences,252,0.5
Nature Energy,229,0.46
Energy & Environmental Science,228,0.46
Nature Reviews Molecular Cell Biology,204,0.41
Lecture notes in computer science,204,0.41
The Science of The Total Environment,197,0.39
Nature Biotechnology,196,0.39
Scientific Reports,191,0.38
ACS Nano,189,0.38
Nature Materials,189,0.38
Nature Methods,189,0.38
Journal of Clinical Oncology,185,0.37
Nature Genetics,183,0.37
IEEE Access,182,0.36
Nature Reviews Materials,177,0.35
Advanced Functional Materials,174,0.35
Nature Reviews Microbiology,173,0.35
Renewable and Sustainable Energy Reviews,171,0.34
BMJ,169,0.34
The Lancet Oncology,167,0.33
Science Advances,164,0.33
Nature Reviews Disease Primers,162,0.32
Nature reviews. Immunology,161,0.32
Circulation,159,0.32
Nature Nanotechnology,155,0.31
Advanced Energy Materials,155,0.31
Nature reviews. Cancer,151,0.3
Cambridge University Press eBooks,148,0.3
Nature Reviews Drug Discovery,143,0.29
IEEE Transactions on Pattern Analysis and Machine Intelligence,137,0.27
Immunity,130,0.26
Nature Reviews Clinical Oncology,125,0.25
Cancer Cell,124,0.25
Molecular Cancer,124,0.25
PLoS ONE,123,0.25
Environmental Science & Technology,119,0.24
Physical Review Letters,117,0.23
Bioinformatics,117,0.23
Proceedings of the AAAI Conference on Artificial Intelligence,117,0.23
Nature Photonics,115,0.23
European Heart Journal,115,0.23
Journal of the American College of Cardiology,115,0.23
Journal of Cleaner Production,113,0.23
Molecules,109,0.22
Nature Catalysis,109,0.22
Annals of Oncology,108,0.22
IEEE Communications Surveys & Tutorials,107,0.21
Nature Neuroscience,103,0.21
Nature Reviews Genetics,103,0.21
Cell Metabolism,101,0.2
Frontiers in Immunology,99,0.2
2022 IEEE/CVF Conference on Computer Vision and Pattern Recognition (CVPR),97,0.19
Chemical Engineering Journal,94,0.19
The Lancet Neurology,94,0.19
Elsevier eBooks,92,0.18
Journal of Hepatology,92,0.18
The Lancet Infectious Diseases,91,0.18
Gastroenterology,90,0.18
International Journal of Hydrogen Energy,88,0.18
Sustainability,87,0.17
Nature Reviews Gastroenterology & Hepatology,86,0.17
International Journal of Innovative Science and Research Technology (IJISRT),86,0.17
Nature Climate Change,84,0.17
MMWR Morbidity and Mortality Weekly Report,84,0.17
Genome biology,83,0.17
Journal of Business Research,81,0.16
Neuron,81,0.16
Joule,81,0.16
Progress in Materials Science,80,0.16
Nutrients,80,0.16
Frontiers in Microbiology,78,0.16
Diabetes Care,78,0.16
ACM Computing Surveys,78,0.16
ACS Catalysis,77,0.15
Circulation Research,75,0.15
Nature Reviews Earth & Environment,75,0.15
Nature reviews. Neuroscience,73,0.15
Sensors,73,0.15
Artificial Intelligence Review,73,0.15
Reviews of Modern Physics,70,0.14
Nano-Micro Letters,70,0.14
Heliyon,70,0.14
JAMA Network Open,70,0.14
International Journal of Environmental Research and Public Health,69,0.14
Frontiers in Plant Science,68,0.14
Gut,68,0.14
Water Research,68,0.14
Journal of Hematology & Oncology,67,0.13
PubMed,66,0.13
Nature Reviews Cardiology,66,0.13
Accounts of Chemical Research,66,0.13
Advanced Science,65,0.13
The Lancet Global Health,64,0.13
CA A Cancer Journal for Clinicians,64,0.13
Nature Immunology,64,0.13
Expert Systems with Applications,63,0.13
Molecular Cell,62,0.12
RSC Advances,62,0.12
Cancer Discovery,62,0.12
Information Fusion,62,0.12
Princeton University Press eBooks,61,0.12
Clinical Infectious Diseases,61,0.12
American Economic Review,61,0.12
Nature Protocols,60,0.12
Nature Microbiology,59,0.12
IEEE Transactions on Image Processing,58,0.12
Journal of Energy Storage,58,0.12
Nature Sustainability,58,0.12
npj Digital Medicine,58,0.12
Physiological Reviews,57,0.11
Cell Host & Microbe,57,0.11
Polymers,57,0.11
Nature Physics,56,0.11
Journal of Medical Internet Research,56,0.11
The Astrophysical Journal Letters,56,0.11
The Lancet Respiratory Medicine,56,0.11
Neurocomputing,55,0.11
Nature Reviews Neurology,55,0.11
Annals of the Rheumatic Diseases,55,0.11
Technological Forecasting and Social Change,54,0.11
Nature Chemistry,54,0.11
IEEE Internet of Things Journal,54,0.11
The Lancet Psychiatry,53,0.11
The Lancet Diabetes & Endocrinology,53,0.11
Coordination Chemistry Reviews,53,0.11
Journal of the National Comprehensive Cancer Network,52,0.1
IEEE Transactions on Geoscience and Remote Sensing,52,0.1
Applied Energy,51,0.1
Chemosphere,51,0.1
European Urology,50,0.1
Computers in Human Behavior,50,0.1
Cochrane Database of Systematic Reviews,50,0.1
Journal of Clinical Investigation,50,0.1
Astronomy and Astrophysics,50,0.1
eLife,50,0.1
Nature Reviews Chemistry,50,0.1
Environmental Pollution,49,0.1
Nature Reviews Endocrinology,49,0.1
Radiology,49,0.1
Nature Cell Biology,48,0.1
Frontiers in Psychology,48,0.1
Nano Energy,48,0.1
Cells,48,0.1
JAMA Oncology,47,0.09
Antioxidants,47,0.09
Applied Catalysis B: Environmental,46,0.09
Science Translational Medicine,46,0.09
Medical Image Analysis,46,0.09
Nature Electronics,46,0.09
Annals of Internal Medicine,44,0.09
Environment International,44,0.09
Nature Reviews Methods Primers,44,0.09
Remote Sensing,43,0.09
Journal of Hazardous Materials,43,0.09
Energy,43,0.09
Journal of Material Science and Technology,43,0.09
European Respiratory Journal,42,0.08
Physics Reports,42,0.08
ACS Energy Letters,42,0.08
Applied Sciences,42,0.08
Nature Geoscience,41,0.08
Cell Research,41,0.08
Blood,41,0.08
Hepatology,41,0.08
IEEE Transactions on Knowledge and Data Engineering,41,0.08
Alzheimer s & Dementia,40,0.08
Nature Reviews Nephrology,40,0.08
Oxford University Press eBooks,40,0.08
Nature Machine Intelligence,40,0.08
Journal of Materials Chemistry A,39,0.08
JAMA Psychiatry,39,0.08
British Journal of Sports Medicine,39,0.08
American Journal of Respiratory and Critical Care Medicine,39,0.08
Global Change Biology,39,0.08
Nature Human Behaviour,39,0.08
Small,38,0.08
The Lancet. Gastroenterology & hepatology,38,0.08
The Lancet Public Health,38,0.08
Figshare,38,0.08
Environmental Chemistry Letters,38,0.08
World Psychiatry,37,0.07
International Journal of Computer Vision,37,0.07
Remote Sensing of Environment,37,0.07
IEEE Transactions on Medical Imaging,37,0.07
Journal of Financial Economics,37,0.07
Journal of Environmental Management,37,0.07
Chem,37,0.07
Foods,37,0.07
Advanced Drug Delivery Reviews,36,0.07
Acta Materialia,36,0.07
JAMA Internal Medicine,36,0.07
Chemical Science,36,0.07
The Astrophysical Journal,36,0.07
Experimental & Molecular Medicine,36,0.07
Cellular and Molecular Immunology,36,0.07
EClinicalMedicine,36,0.07
Computers and Education Artificial Intelligence,36,0.07
Proceedings of the IEEE,35,0.07
Cell Reports,35,0.07
Energy Economics,35,0.07
IEEE Transactions on Wireless Communications,34,0.07
International Journal of Information Management,34,0.07
Plants,34,0.07
Pharmaceutics,34,0.07
The Journal of Chemical Physics,34,0.07
Earth system science data,34,0.07
Nature Biomedical Engineering,34,0.07
Redox Biology,33,0.07
Cell Death and Disease,33,0.07
IEEE Journal on Selected Areas in Communications,33,0.07
Journal Of Big Data,33,0.07
Renewable Energy,33,0.07
Frontiers in Pharmacology,33,0.07
International Journal of Educational Technology in Higher Education,33,0.07
Environmental Research,33,0.07
Journal of Controlled Release,32,0.06
PLoS Medicine,32,0.06
International Journal of Production Research,32,0.06
Journal of Power Sources,32,0.06
Theranostics,32,0.06
Frontiers in Public Health,32,0.06
Computers in Biology and Medicine,32,0.06
Biomedicine & Pharmacotherapy,31,0.06
Molecular Psychiatry,31,0.06
Monthly Notices of the Royal Astronomical Society,31,0.06
Knowledge-Based Systems,31,0.06
Molecular Biology and Evolution,31,0.06
IEEE Transactions on Neural Networks and Learning Systems,31,0.06
Light Science & Applications,31,0.06
Journal of Nanobiotechnology,31,0.06
ACS Omega,31,0.06
Journal of Medical Virology,31,0.06
Kidney International,30,0.06
Green Chemistry,30,0.06
Materials Today,30,0.06
Intensive Care Medicine,30,0.06
Composites Part B Engineering,30,0.06
Physical review. D/Physical review. D.,30,0.06
Science Robotics,30,0.06
Microbiome,30,0.06
Cancers,30,0.06
Education and Information Technologies,30,0.06
Cardiovascular Diabetology,30,0.06
Journal of Chemical Theory and Computation,29,0.06
NeuroImage,29,0.06
PLoS Computational Biology,29,0.06
ACM Transactions on Graphics,29,0.06
The Quarterly Journal of Economics,29,0.06
Electronics,28,0.06
PEDIATRICS,28,0.06
Environmental Science and Pollution Research,28,0.06
IEEE Communications Magazine,28,0.06
Nano Letters,28,0.06
Implementation Science,28,0.06
Biomolecules,28,0.06
New Phytologist,28,0.06
Chemistry of Materials,28,0.06
Resources Conservation and Recycling,28,0.06
Cell Death and Differentiation,28,0.06
Carbon,28,0.06
Nature Reviews Physics,28,0.06
2021 IEEE/CVF International Conference on Computer Vision (ICCV),28,0.06
Ageing Research Reviews,27,0.05
Archives of Pediatrics and Adolescent Medicine,27,0.05
BMC Medicine,27,0.05
Progress in Polymer Science,27,0.05
Journal of Medicinal Chemistry,27,0.05
Materials & Design,27,0.05
Energy Conversion and Management,27,0.05
Healthcare,27,0.05
Nature Metabolism,27,0.05
Construction and Building Materials,26,0.05
The MIT Press eBooks,26,0.05
Clinical Microbiology Reviews,26,0.05
Clinical Cancer Research,26,0.05
Pattern Recognition,26,0.05
Review of Financial Studies,26,0.05
BMJ Open,26,0.05
Energy storage materials,26,0.05
Energies,26,0.05
Microorganisms,26,0.05
IEEE Transactions on Industrial Electronics,25,0.05
Reviews of Geophysics,25,0.05
The Astrophysical Journal Supplement Series,25,0.05
International Journal of Production Economics,25,0.05
International Journal of Epidemiology,25,0.05
JAMA Neurology,25,0.05
Computers & Education,25,0.05
Frontiers in Endocrinology,25,0.05
Advances in Colloid and Interface Science,25,0.05
EBioMedicine,25,0.05
International Journal of Biological Macromolecules,25,0.05
Biomaterials,24,0.05
Bioresource Technology,24,0.05
Trends in Cognitive Sciences,24,0.05
Cell stem cell,24,0.05
Progress in Energy and Combustion Science,24,0.05
Trends in Plant Science,24,0.05
Brain Behavior and Immunity,24,0.05
Materials,24,0.05
Current Biology,24,0.05
The American Journal of Gastroenterology,24,0.05
Environmental Research Letters,24,0.05
Nature Reviews Rheumatology,24,0.05
ISPRS Journal of Photogrammetry and Remote Sensing,24,0.05
ACS Central Science,24,0.05
Nanomaterials,24,0.05
The ISME Journal,23,0.05
American Psychologist,23,0.05
Journal of the Academy of Marketing Science,23,0.05
Journal of Affective Disorders,23,0.05
Future Generation Computer Systems,23,0.05
Geoscientific model development,23,0.05
Methods in Ecology and Evolution,23,0.05
PLoS Biology,23,0.05
BMC Medical Research Methodology,23,0.05
Neural Computing and Applications,23,0.05
Annual Review of Immunology,23,0.05
BMC Public Health,23,0.05
Mechanical Systems and Signal Processing,23,0.05
npj Computational Materials,23,0.05
WORLD SCIENTIFIC eBooks,23,0.05
Antibiotics,23,0.05
Journal of Statistical Software,22,0.04
Stroke,22,0.04
The Journal of Experimental Medicine,22,0.04
F1000Research,22,0.04
Trends in Food Science & Technology,22,0.04
IEEE Transactions on Intelligent Transportation Systems,22,0.04
ACS Applied Materials & Interfaces,22,0.04
The Journal of Urology,22,0.04
Computer Methods in Applied Mechanics and Engineering,22,0.04
Energy Reports,22,0.04
Nature Cancer,22,0.04
Results in Engineering,22,0.04
Cement and Concrete Research,21,0.04
Trends in Cell Biology,21,0.04
Business Strategy and the Environment,21,0.04
Psychological Bulletin,21,0.04
Frontiers in Cellular and Infection Microbiology,21,0.04
Carbohydrate Polymers,21,0.04
Computers and Electronics in Agriculture,21,0.04
Oxidative Medicine and Cellular Longevity,21,0.04
Genome Medicine,21,0.04
The Lancet Planetary Health,21,0.04
Humanities and Social Sciences Communications,21,0.04
Engineering Applications of Artificial Intelligence,21,0.04
Psychological Medicine,20,0.04
Marine Pollution Bulletin,20,0.04
Finance research letters,20,0.04
EFSA Journal,20,0.04
Gut Microbes,20,0.04
National Science Review,20,0.04
Protein Science,20,0.04
Cureus,20,0.04
The Journal of Open Source Software,20,0.04
Psychiatry Research,20,0.04
The Lancet Digital Health,20,0.04
Nature Aging,20,0.04
Reliability Engineering & System Safety,19,0.04
Molecular Plant,19,0.04
Nature Chemical Biology,19,0.04
PeerJ,19,0.04
Journal of Chemical Information and Modeling,19,0.04
Cancer Research,19,0.04
Journal of Clinical Epidemiology,19,0.04
Clinical Nutrition,19,0.04
Materials Science and Engineering R Reports,19,0.04
Annual Review of Pathology Mechanisms of Disease,19,0.04
Annual Review of Plant Biology,19,0.04
Physical Review X,19,0.04
Perspectives on Psychological Science,19,0.04
Journal of the American Medical Informatics Association,19,0.04
The Journal of Finance,19,0.04
Ecotoxicology and Environmental Safety,19,0.04
Journal of environmental chemical engineering,19,0.04
Neuro-Oncology,19,0.04
Briefings in Bioinformatics,19,0.04
Science Immunology,19,0.04
Journal of Molecular Liquids,19,0.04
Agronomy,19,0.04
International Review of Financial Analysis,19,0.04
Journal of Clinical Medicine,19,0.04
Processes,19,0.04
iMeta,19,0.04
Neuroscience & Biobehavioral Reviews,18,0.04
Acta Pharmaceutica Sinica B,18,0.04
The American Journal of Human Genetics,18,0.04
Atmospheric chemistry and physics,18,0.04
Arthritis & Rheumatology,18,0.04
Trends in Immunology,18,0.04
Journal of Manufacturing Systems,18,0.04
European Journal of Epidemiology,18,0.04
Neurology,18,0.04
Annual Review of Biochemistry,18,0.04
Energy Policy,18,0.04
Clinical Microbiology and Infection,18,0.04
Communications of the ACM,18,0.04
Brain,18,0.04
Trends in Microbiology,18,0.04
HAL (Le Centre pour la Communication Scientifique Directe),18,0.04
Sustainable Cities and Society,18,0.04
Technology in Society,18,0.04
The Lancet Microbe,18,0.04
Mohr Siebeck eBooks,18,0.04
Applied Surface Science,17,0.03
The Journal of Physical Chemistry Letters,17,0.03
Medical Entomology and Zoology,17,0.03
BMC Bioinformatics,17,0.03
Computer Physics Communications,17,0.03
Computational and Structural Biotechnology Journal,17,0.03
Behavior Research Methods,17,0.03
Clinical Psychology Review,17,0.03
Analytical Chemistry,17,0.03
Journal of Retailing and Consumer Services,17,0.03
IEEE Transactions on Vehicular Technology,17,0.03
The Astronomical Journal,17,0.03
TrAC Trends in Analytical Chemistry,17,0.03
Edward Elgar Publishing eBooks,17,0.03
Proceedings of the International AAAI Conference on Web and Social Media,17,0.03
Nature Ecology & Evolution,17,0.03
Journal of Translational Medicine,17,0.03
Cell Communication and Signaling,17,0.03
MedComm,17,0.03
IEEE Transactions on Communications,16,0.03
IEEE Transactions on Robotics,16,0.03
Journal of Business Ethics,16,0.03
EP Europace,16,0.03
Annual Review of Psychology,16,0.03
IEEE Transactions on Industrial Informatics,16,0.03
Endocrine Reviews,16,0.03
American Journal of Psychiatry,16,0.03
Autophagy,16,0.03
The Journal of Heart and Lung Transplantation,16,0.03
Critical Care Medicine,16,0.03
Journal of Energy Chemistry,16,0.03
Cellular and Molecular Life Sciences,16,0.03
Earth-Science Reviews,16,0.03
International Journal of Surgery,16,0.03
American Journal of Transplantation,16,0.03
Gels,16,0.03
IEEE Transactions on Instrumentation and Measurement,16,0.03
Eurosurveillance,16,0.03
IEEE/CAA Journal of Automatica Sinica,16,0.03
Zenodo (CERN European Organization for Nuclear Research),16,0.03
Matter,16,0.03
癌症：英文版,16,0.03
Journal of Experimental & Clinical Cancer Research,16,0.03
Information,16,0.03
Education Sciences,16,0.03
Nature Water,16,0.03
Procedia Computer Science,15,0.03
Tourism Management,15,0.03
Biotechnology Advances,15,0.03
Food Chemistry,15,0.03
British Journal of Pharmacology,15,0.03
Resuscitation,15,0.03
Journal of Extracellular Vesicles,15,0.03
Reports on Progress in Physics,15,0.03
Journal of High Energy Physics,15,0.03
Endoscopy,15,0.03
The EMBO Journal,15,0.03
Catalysts,15,0.03
Annual Review of Clinical Psychology,15,0.03
The Journal of Clinical Endocrinology & Metabolism,15,0.03
Annual Review of Public Health,15,0.03
Critical Care,15,0.03
European Journal of Heart Failure,15,0.03
Journal of Marketing,15,0.03
Journal of Economic Literature,15,0.03
Management Science,15,0.03
Harvard University Press eBooks,15,0.03
Educational Psychology Review,15,0.03
Ophthalmology,15,0.03
Journal of Allergy and Clinical Immunology,15,0.03
Automation in Construction,15,0.03
JAMA Surgery,15,0.03
Journal for ImmunoTherapy of Cancer,15,0.03
BMC Medical Informatics and Decision Making,15,0.03
Engineering,15,0.03
Frontiers in Physiology,15,0.03
CHINESE JOURNAL OF CATALYSIS (CHINESE VERSION),15,0.03
BMC Medical Education,15,0.03
Journal of Biomedical Science,15,0.03
Biomedicines,15,0.03
Viruses,15,0.03
Biochar,15,0.03
British Journal of Educational Technology,15,0.03
International Journal of Infectious Diseases,15,0.03
ACM eBooks,15,0.03
eScience,15,0.03
Nature Reviews Bioengineering,15,0.03
World Journal of Gastroenterology,14,0.03
Free Radical Biology and Medicine,14,0.03
Journal of Cheminformatics,14,0.03
International Journal of Biological Sciences,14,0.03
British Journal of Cancer,14,0.03
BioMed Research International,14,0.03
Journal of Neuroinflammation,14,0.03
Transactions of the Association for Computational Linguistics,14,0.03
European Journal of Vascular and Endovascular Surgery,14,0.03
PLoS neglected tropical diseases,14,0.03
Molecular Therapy,14,0.03
Pharmacology & Therapeutics,14,0.03
International Journal of Nanomedicine,14,0.03
Emerging infectious diseases,14,0.03
Seminars in Cancer Biology,14,0.03
Soil Biology and Biochemistry,14,0.03
Molecular Ecology Resources,14,0.03
Systematic Reviews,14,0.03
Fuel,14,0.03
Ecological Economics,14,0.03
International Journal of Human-Computer Interaction,14,0.03
Methods in molecular biology,14,0.03
IEEE Wireless Communications,14,0.03
Journal of Cosmology and Astroparticle Physics,14,0.03
Journal of Integrative Plant Biology,14,0.03
Yale University Press eBooks,14,0.03
Neural Networks,14,0.03
JAMA Cardiology,14,0.03
Bioactive Materials,14,0.03
Progress in Photovoltaics Research and Applications,14,0.03
Journal of Alloys and Compounds,14,0.03
Frontiers in Chemistry,14,0.03
International Journal of Qualitative Methods,14,0.03
Pharmaceuticals,14,0.03
Journal of Magnesium and Alloys,14,0.03
Energy Strategy Reviews,14,0.03
IEEE Transactions on Smart Grid,13,0.03
Comprehensive Reviews in Food Science and Food Safety,13,0.03
IEEE Transactions on Information Forensics and Security,13,0.03
Applied Physics Reviews,13,0.03
Trends in Ecology & Evolution,13,0.03
Cancer Letters,13,0.03
Pharmacological Research,13,0.03
Movement Disorders,13,0.03
Research Policy,13,0.03
The Journal of Cell Biology,13,0.03
IEEE Transactions on Power Electronics,13,0.03
IEEE Signal Processing Magazine,13,0.03
Vaccine,13,0.03
Immunological Reviews,13,0.03
Annual Review of Astronomy and Astrophysics,13,0.03
Genomics Proteomics & Bioinformatics,13,0.03
Information Sciences,13,0.03
American Journal of Kidney Diseases,13,0.03
Cancer,13,0.03
Chaos Solitons & Fractals,13,0.03
Bone Research,13,0.03
Macat Library eBooks,13,0.03
Journal Of Clinical Periodontology,13,0.03
Diabetologia,13,0.03
Journal of Computational Physics,13,0.03
Journal of Innovation & Knowledge,13,0.03
Allergy,13,0.03
Journal of Advances in Modeling Earth Systems,13,0.03
KiltHub Repository,13,0.03
Advances in Methods and Practices in Psychological Science,13,0.03
The Lancet Child & Adolescent Health,13,0.03
IEEE Transactions on Circuits and Systems for Video Technology,13,0.03
中国科学通报：英文版,13,0.03
Biology,13,0.03
Frontiers in Bioengineering and Biotechnology,13,0.03
Journal of Infection,13,0.03
Advanced Composites and Hybrid Materials,13,0.03
Patterns,13,0.03
Nature Synthesis,13,0.03
Additive manufacturing,12,0.02
Journal of Cachexia Sarcopenia and Muscle,12,0.02
Sports Medicine,12,0.02
Biological reviews/Biological reviews of the Cambridge Philosophical Society,12,0.02
Strategic Management Journal,12,0.02
Pain,12,0.02
Educational Research Review,12,0.02
Corrosion Science,12,0.02
Geophysical Research Letters,12,0.02
Archives of Computational Methods in Engineering,12,0.02
Journal of Management,12,0.02
Genetics in Medicine,12,0.02
Advances in Nutrition,12,0.02
Classical and Quantum Gravity,12,0.02
FEMS Microbiology Reviews,12,0.02
The Plant Cell,12,0.02
Journal of Child Psychology and Psychiatry,12,0.02
Journal of Crohn s and Colitis,12,0.02
Mayo Clinic Proceedings,12,0.02
Separation and Purification Technology,12,0.02
Computers & Industrial Engineering,12,0.02
Nature Plants,12,0.02
UCL Discovery (University College London),12,0.02
Journal of Colloid and Interface Science,12,0.02
Academy of Management Annals,12,0.02
Multimedia Tools and Applications,12,0.02
Environmental Sciences Europe,12,0.02
Nanoscale,12,0.02
Biosensors and Bioelectronics,12,0.02
Applied Soft Computing,12,0.02
Electrochemical Energy Reviews,12,0.02
Toxics,12,0.02
Nanoscale Advances,12,0.02
FAO eBooks,12,0.02
Diabetes & Metabolic Syndrome Clinical Research & Reviews,12,0.02
The Innovation,12,0.02
Nature Food,12,0.02
Diagnostics,12,0.02
Smart Learning Environments,12,0.02
Scientometrics,11,0.02
Biological Psychiatry,11,0.02
Bulletin of the American Meteorological Society,11,0.02
Trends in Pharmacological Sciences,11,0.02
Journal of Internal Medicine,11,0.02
Publications of the Astronomical Society of the Pacific,11,0.02
Journal of Molecular Biology,11,0.02
Energy Research & Social Science,11,0.02
American Journal of Obstetrics and Gynecology,11,0.02
International Journal of Gynecology & Obstetrics,11,0.02
Journal of Thoracic Oncology,11,0.02
Progress in Retinal and Eye Research,11,0.02
Journal of Computational Chemistry,11,0.02
The European Physical Journal C,11,0.02
Transportation Research Part C Emerging Technologies,11,0.02
Journal of the American Society of Echocardiography,11,0.02
IEEE Transactions on Signal Processing,11,0.02
Trends in Biochemical Sciences,11,0.02
Trends in Genetics,11,0.02
Business Horizons,11,0.02
GigaScience,11,0.02
JMIR mhealth and uhealth,11,0.02
Water Resources Research,11,0.02
International Journal of Behavioral Nutrition and Physical Activity,11,0.02
Geoscience Frontiers,11,0.02
Applied Thermal Engineering,11,0.02
INTERNATIONAL JOURNAL OF SYSTEMATIC AND EVOLUTIONARY MICROBIOLOGY,11,0.02
CHEST Journal,11,0.02
IEEE Transactions on Power Systems,11,0.02
New Media & Society,11,0.02
Journal of Clinical Sleep Medicine,11,0.02
DROPS (Schloss Dagstuhl – Leibniz Center for Informatics),11,0.02
Cornell University Press eBooks,11,0.02
IEEE Journal of Selected Topics in Signal Processing,11,0.02
Metabolism,11,0.02
Journal of Agricultural and Food Chemistry,11,0.02
JMIR Mental Health,11,0.02
MMWR Surveillance Summaries,11,0.02
BMC Health Services Research,11,0.02
Frontiers in Neuroscience,11,0.02
The R Journal,11,0.02
Molecular Neurodegeneration,11,0.02
Cell Death Discovery,11,0.02
Wiley Interdisciplinary Reviews Data Mining and Knowledge Discovery,11,0.02
Cell Discovery,11,0.02
Environmental Technology & Innovation,11,0.02
Frontiers in Nutrition,11,0.02
Journal of Water Process Engineering,11,0.02
Studies in computational intelligence,11,0.02
American Journal of Hematology,11,0.02
The Lancet Rheumatology,11,0.02
Frontiers in Education,11,0.02
Psychopharmacology Bulletin,11,0.02
Composites Part A Applied Science and Manufacturing,10,0.02
Cellular Physiology and Biochemistry,10,0.02
Obesity Reviews,10,0.02
Frontiers in Human Neuroscience,10,0.02
Global Environmental Change,10,0.02
Research Synthesis Methods,10,0.02
Ecology Letters,10,0.02
American Journal of Preventive Medicine,10,0.02
Pharmacological Reviews,10,0.02
Advanced Healthcare Materials,10,0.02
Nature Structural & Molecular Biology,10,0.02
Annual Review of Physiology,10,0.02
Psychological Methods,10,0.02
Review of Educational Research,10,0.02
IEEE Transactions on Cybernetics,10,0.02
Journal of Industrial and Engineering Chemistry,10,0.02
Drug Discovery Today,10,0.02
Nano Research,10,0.02
Developmental Cell,10,0.02
Journal of Advanced Research,10,0.02
Sleep Medicine Reviews,10,0.02
Journal of Hydrology,10,0.02
Hypertension,10,0.02
Materials Horizons,10,0.02
Bloomsbury Academic eBooks,10,0.02
Frontiers in Aging Neuroscience,10,0.02
ACM Transactions on Intelligent Systems and Technology,10,0.02
European Journal of Preventive Cardiology,10,0.02
Psychological Science,10,0.02
Database,10,0.02
Journal of Thrombosis and Haemostasis,10,0.02
International Conference on Machine Learning,10,0.02
Neural Information Processing Systems,10,0.02
Cell Systems,10,0.02
ACS Sustainable Chemistry & Engineering,10,0.02
Telematics and Informatics,10,0.02
Machine Learning,10,0.02
MMWR Recommendations and Reports,10,0.02
Endocrine Practice,10,0.02
Process Safety and Environmental Protection,10,0.02
Age and Ageing,10,0.02
Physical Chemistry Chemical Physics,10,0.02
Molecular Systems Biology,10,0.02
Journal of Political Economy,10,0.02
Programme for international student assessment/Internationale Schulleistungsstudie,10,0.02
ACM SIGIR Forum,10,0.02
Diabetes Research and Clinical Practice,10,0.02
BMC Psychiatry,10,0.02
Military Medical Research,10,0.02
Obstetrics and Gynecology,10,0.02
IEEE Transactions on Multimedia,10,0.02
Cardiovascular Research,10,0.02
Clinical Gastroenterology and Hepatology,10,0.02
Frontiers in Medicine,10,0.02
Journal of Building Engineering,10,0.02
Wellcome Open Research,10,0.02
Water,10,0.02
Interactive Learning Environments,10,0.02
Medicine,10,0.02
Biosensors,10,0.02
Agriculture,10,0.02
Pathogens,10,0.02
Journal of Materials Research and Technology,10,0.02
Vaccines,10,0.02
Future Internet,10,0.02
PLOS Digital Health,10,0.02
International Journal of Evidence-Based Healthcare,9,0.02
Frontiers in Genetics,9,0.02
American Journal of Public Health,9,0.02
Thyroid,9,0.02
Life Sciences,9,0.02
The Qualitative Report,9,0.02
The Journal of Economic Perspectives,9,0.02
Lab on a Chip,9,0.02
Marine Drugs,9,0.02
Journal of Climate,9,0.02
Journal of Applied Crystallography,9,0.02
Ecography,9,0.02
Information Communication & Society,9,0.02
IEEE Journal of Selected Topics in Applied Earth Observations and Remote Sensing,9,0.02
JNCI Journal of the National Cancer Institute,9,0.02
Nanoscale Research Letters,9,0.02
Genetics,9,0.02
Journal of Nuclear Medicine,9,0.02
Protein & Cell,9,0.02
National Academies Press eBooks,9,0.02
British Journal of Anaesthesia,9,0.02
FEBS Journal,9,0.02
Social Science & Medicine,9,0.02
Leukemia,9,0.02
IEEE Transactions on Affective Computing,9,0.02
Computer Methods and Programs in Biomedicine,9,0.02
Health Affairs,9,0.02
BioScience,9,0.02
Journal of Network and Computer Applications,9,0.02
OECD health policy studies,9,0.02
Physical review. B./Physical review. B,9,0.02
Annual Review of Organizational Psychology and Organizational Behavior,9,0.02
Communications in computer and information science,9,0.02
Medicine & Science in Sports & Exercise,9,0.02
Fertility and Sterility,9,0.02
Aging,9,0.02
Biological Conservation,9,0.02
Journal of Medical Systems,9,0.02
Trends in cancer,9,0.02
Journal of Manufacturing Processes,9,0.02
European Radiology,9,0.02
Wiley Interdisciplinary Reviews Computational Molecular Science,9,0.02
Alexandria Engineering Journal,9,0.02
Corporate Social Responsibility and Environmental Management,9,0.02
IEEE Wireless Communications Letters,9,0.02
International Journal of Contemporary Hospitality Management,9,0.02
Quality of Life Research,9,0.02
BMJ Global Health,9,0.02
Emerging Microbes & Infections,9,0.02
Chinese Medical Journal,9,0.02
International Journal of Antimicrobial Agents,9,0.02
iScience,9,0.02
JBI Evidence Synthesis,9,0.02
International Review of Economics & Finance,9,0.02
Frontiers in Artificial Intelligence,9,0.02
Drones,9,0.02
Computers and Education Open,9,0.02
Government Information Quarterly,8,0.02
Energy and Buildings,8,0.02
Trends in Neurosciences,8,0.02
Psychology Press eBooks,8,0.02
Archives of Toxicology,8,0.02
Chemical Communications,8,0.02
Journal of Industrial Ecology,8,0.02
Epilepsia,8,0.02
Journal of Materials Chemistry C,8,0.02
Psychology and Marketing,8,0.02
The Review of Economic Studies,8,0.02
The International Journal of Robotics Research,8,0.02
Statistics in Medicine,8,0.02
IEEE Transactions on Biomedical Engineering,8,0.02
Anesthesiology,8,0.02
IEEE Geoscience and Remote Sensing Letters,8,0.02
Automatica,8,0.02
European Journal of Education,8,0.02
Palgrave Macmillan UK eBooks,8,0.02
European Journal of Operational Research,8,0.02
Nano Today,8,0.02
Building and Environment,8,0.02
Landscape and Urban Planning,8,0.02
Computer Science Review,8,0.02
Advanced Engineering Informatics,8,0.02
Translational Neurodegeneration,8,0.02
Current Protocols in Bioinformatics,8,0.02
Value in Health,8,0.02
Clinical Neurophysiology,8,0.02
Critical Reviews in Food Science and Nutrition,8,0.02
Annual Review of Environment and Resources,8,0.02
The British Journal of Psychiatry,8,0.02
Sustainable Development,8,0.02
Microbiology and Molecular Biology Reviews,8,0.02
Microbiological Research,8,0.02
Cities,8,0.02
Microbiology Spectrum,8,0.02
Acta Neuropathologica,8,0.02
Econometrica,8,0.02
Advances in experimental medicine and biology,8,0.02
IEEE/ACM Transactions on Audio Speech and Language Processing,8,0.02
Energy & Fuels,8,0.02
Journal of Fluid Mechanics,8,0.02
Oxford University Research Archive (ORA) (University of Oxford),8,0.02
Journal of Econometrics,8,0.02
Journal of Accounting and Economics,8,0.02
Molecular Metabolism,8,0.02
Multilingual Matters eBooks,8,0.02
Computer Networks,8,0.02
European Journal of Cancer,8,0.02
Journal of the American Academy of Dermatology,8,0.02
Journal of Physics Condensed Matter,8,0.02
Journal of Anxiety Disorders,8,0.02
Psychonomic Bulletin & Review,8,0.02
Development,8,0.02
Ceramics International,8,0.02
European Journal of Endocrinology,8,0.02
Information & Management,8,0.02
Stem Cell Research & Therapy,8,0.02
Bulletin of the World Health Organization,8,0.02
Educational Technology Research and Development,8,0.02
Computers in Industry,8,0.02
Journal of Corporate Finance,8,0.02
LA Referencia (Red Federada de Repositorios Institucionales de Publicaciones Científicas),8,0.02
Open MIND,8,0.02
Journal of Cellular Physiology,8,0.02
Frontiers in Psychiatry,8,0.02
Diabetes Obesity and Metabolism,8,0.02
Annals of Operations Research,8,0.02
Annals of the New York Academy of Sciences,8,0.02
Frontiers in Oncology,8,0.02
Metabolites,8,0.02
Technovation,8,0.02
Education at a glance. OECD indicators/Education at a glance,8,0.02
Springer Reference Medizin,8,0.02
ACS Sensors,8,0.02
InfoMat,8,0.02
Resources Policy,8,0.02
Communications Biology,8,0.02
MethodsX,8,0.02
JBI eBooks,8,0.02
Science China Life Sciences,8,0.02
Cell Reports Medicine,8,0.02
Nature Computational Science,8,0.02
Computers,8,0.02
Smart Agricultural Technology,8,0.02
Carbon Energy,8,0.02
Nature Reviews Clean Technology,8,0.02
Materials Science and Engineering C,7,0.01
The International Journal of Advanced Manufacturing Technology,7,0.01
Geoderma,7,0.01
International Journal of Management Reviews,7,0.01
Trends in biotechnology,7,0.01
Advanced Optical Materials,7,0.01
Journal of Membrane Science,7,0.01
Agronomy for Sustainable Development,7,0.01
Public Health,7,0.01
Biochimica et Biophysica Acta (BBA) - Reviews on Cancer,7,0.01
Qualitative Health Research,7,0.01
IEEE Communications Letters,7,0.01
Advances in Engineering Software,7,0.01
Environmental Health Perspectives,7,0.01
Acta Biomaterialia,7,0.01
Aging Cell,7,0.01
Studies in Higher Education,7,0.01
Ultrasound in Obstetrics and Gynecology,7,0.01
Annals of Surgery,7,0.01
Cement and Concrete Composites,7,0.01
Journal of Dental Research,7,0.01
Journal of Cardiovascular Magnetic Resonance,7,0.01
Philosophical Transactions of the Royal Society B Biological Sciences,7,0.01
Annual Review of Medicine,7,0.01
Heart Rhythm,7,0.01
Annual Review of Condensed Matter Physics,7,0.01
Annual Review of Economics,7,0.01
Obesity Surgery,7,0.01
SIAM Review,7,0.01
Annual Review of Entomology,7,0.01
JAMA Ophthalmology,7,0.01
World Development,7,0.01
Royal Society Open Science,7,0.01
The Stata Journal Promoting communications on statistics and Stata,7,0.01
Zurich Open Repository and Archive (University of Zurich),7,0.01
IEEE Transactions on Evolutionary Computation,7,0.01
Current Opinion in Environmental Sustainability,7,0.01
OECD eBooks,7,0.01
Columbia University Press eBooks,7,0.01
Physics Letters A,7,0.01
Democracy,7,0.01
Trends in Endocrinology and Metabolism,7,0.01
Cancer Treatment Reviews,7,0.01
International Journal of Forecasting,7,0.01
Industrial Crops and Products,7,0.01
Human Reproduction,7,0.01
IEEE Signal Processing Letters,7,0.01
Optica,7,0.01
Journal of the American Statistical Association,7,0.01
Medical Teacher,7,0.01
Cancer and Metastasis Reviews,7,0.01
California Management Review,7,0.01
Plant Physiology and Biochemistry,7,0.01
Journal of Hypertension,7,0.01
Environmental Science & Technology Letters,7,0.01
Oncogene,7,0.01
Journal of Alzheimer s Disease,7,0.01
Natural Product Reports,7,0.01
Big Data & Society,7,0.01
Microbial Cell Factories,7,0.01
IEEE Journal of Biomedical and Health Informatics,7,0.01
Hydrology and earth system sciences,7,0.01
International Journal of Medical Informatics,7,0.01
Frontiers in Cell and Developmental Biology,7,0.01
International Journal of Cancer,7,0.01
Immunology,7,0.01
Information Systems Frontiers,7,0.01
The Ocular Surface,7,0.01
International Conference on Learning Representations,7,0.01
Quality & Quantity,7,0.01
Procedia Manufacturing,7,0.01
npj Precision Oncology,7,0.01
UNESCO eBooks,7,0.01
International Immunopharmacology,7,0.01
Alzheimer s & Dementia Translational Research & Clinical Interventions,7,0.01
Blood Advances,7,0.01
Internet of Things,7,0.01
Diabetes/Metabolism Research and Reviews,7,0.01
eTransportation,7,0.01
Nature Astronomy,7,0.01
International Journal of Oral Science,7,0.01
One Earth,7,0.01
Scholarworks (University of Massachusetts Amherst),7,0.01
Stanford University Press eBooks,7,0.01
Journal of Travel Medicine,7,0.01
Frontiers in Molecular Biosciences,7,0.01
Journal of Public Economics,7,0.01
IEEE Open Journal of the Communications Society,7,0.01
Materials Advances,7,0.01
Cancer Cell International,7,0.01
Bioengineering,7,0.01
Environmental Science and Ecotechnology,7,0.01
Technologies,7,0.01
Decision Analytics Journal,7,0.01
Nature Reviews Psychology,7,0.01
Internet of Things and Cyber-Physical Systems,7,0.01
NEJM Evidence,7,0.01
Ecological Indicators,6,0.01
Journal of Neuroscience,6,0.01
International Materials Reviews,6,0.01
Annals of Neurology,6,0.01
Journal of Personality and Social Psychology,6,0.01
BMC Psychology,6,0.01
EMBO Reports,6,0.01
MIS Quarterly,6,0.01
Journal of Clinical Microbiology,6,0.01
Advanced Electronic Materials,6,0.01
Journal of the Academy of Nutrition and Dietetics,6,0.01
Journal of Materiomics,6,0.01
Information and Software Technology,6,0.01
Journal of Applied Physics,6,0.01
Academy of Management Review,6,0.01
Molecular Ecology,6,0.01
Seminars in Cell and Developmental Biology,6,0.01
Economics Letters,6,0.01
Journal of Neural Engineering,6,0.01
Osteoarthritis and Cartilage,6,0.01
Journal of Environmental Psychology,6,0.01
The Journal of Physical Chemistry C,6,0.01
Journal of The Electrochemical Society,6,0.01
Ethnic and Racial Studies,6,0.01
Psychological Science in the Public Interest,6,0.01
Frontiers in Cellular Neuroscience,6,0.01
Statistical Methods in Medical Research,6,0.01
Society for Industrial and Applied Mathematics eBooks,6,0.01
Annual Review of Ecology Evolution and Systematics,6,0.01
Journal of Periodontology,6,0.01
Clinical Pharmacology & Therapeutics,6,0.01
Environmental Modelling & Software,6,0.01
Progress in Aerospace Sciences,6,0.01
Developmental Cognitive Neuroscience,6,0.01
Korean Journal of Anesthesiology,6,0.01
Social Media + Society,6,0.01
Journal of Pharmaceutical Analysis,6,0.01
Waste Management,6,0.01
Obesity Facts,6,0.01
Biochemical and Biophysical Research Communications,6,0.01
Essays in Biochemistry,6,0.01
Journal of the Medical Library Association JMLA,6,0.01
The Journal of Strategic Information Systems,6,0.01
Zone Books,6,0.01
Journal of Biomedical Informatics,6,0.01
Electronic Markets,6,0.01
PeerJ Computer Science,6,0.01
Industrial Management & Data Systems,6,0.01
Journal of Sleep Research,6,0.01
PLoS Genetics,6,0.01
Biochemical Journal,6,0.01
Solar Energy,6,0.01
Journal of Psychiatric Research,6,0.01
Current Opinion in Biotechnology,6,0.01
International Journal of STEM Education,6,0.01
Procedia CIRP,6,0.01
PLANT PHYSIOLOGY,6,0.01
Industrial & Engineering Chemistry Research,6,0.01
Journal of Accounting Research,6,0.01
IEEE Transactions on Mobile Computing,6,0.01
Journal of Geophysical Research Atmospheres,6,0.01
The Plant Journal,6,0.01
Annals of Translational Medicine,6,0.01
Journal of General Internal Medicine,6,0.01
The Journal of Physiology,6,0.01
IEEE Geoscience and Remote Sensing Magazine,6,0.01
Journal of Abnormal Psychology,6,0.01
AMBIO,6,0.01
IEEE Transactions on Systems Man and Cybernetics Systems,6,0.01
CIRP Annals,6,0.01
Canadian Journal of Cardiology,6,0.01
Journal of the American Society of Nephrology,6,0.01
Food Hydrocolloids,6,0.01
Journal of King Saud University - Computer and Information Sciences,6,0.01
Journal of King Saud University - Science,6,0.01
Desalination,6,0.01
Data Mining and Knowledge Discovery,6,0.01
Microbial Genomics,6,0.01
Earth s Future,6,0.01
European Finance Review,6,0.01
Journal of Behavioral and Experimental Finance,6,0.01
IEEE Robotics and Automation Letters,6,0.01
Journal of Physics D Applied Physics,6,0.01
American Journal of Nephrology,6,0.01
Human Resource Management Review,6,0.01
Journal of Advertising,6,0.01
Computer-Aided Civil and Infrastructure Engineering,6,0.01
Journal of the American Academy of Child & Adolescent Psychiatry,6,0.01
Journal of Industrial Information Integration,6,0.01
Current Psychiatry Reports,6,0.01
Acta Pharmacologica Sinica,6,0.01
Modern Pathology,6,0.01
International Journal of Stroke,6,0.01
Periodontology 2000,6,0.01
European Journal of Neurology,6,0.01
Antiviral Research,6,0.01
BioData Mining,6,0.01
Drugs,6,0.01
Acta Crystallographica Section D Structural Biology,6,0.01
JACC. Cardiovascular imaging,6,0.01
Journal of Biological Chemistry,6,0.01
Quarterly Journal of the Royal Meteorological Society,6,0.01
Biomaterials Research,6,0.01
Assessment & Evaluation in Higher Education,6,0.01
Engineering Structures,6,0.01
Artificial Intelligence in Medicine,6,0.01
Journal of Autoimmunity,6,0.01
International Journal of Environmental Science and Technology,6,0.01
Foundations and Trends® in Machine Learning,6,0.01
Algorithms,6,0.01
Energy & environment materials,6,0.01
Science China Chemistry,6,0.01
The American Journal of Medicine,6,0.01
Transportation Research Part E Logistics and Transportation Review,6,0.01
npj Clean Water,6,0.01
UNC Libraries,6,0.01
Translational Psychiatry,6,0.01
Asian Journal of Psychiatry,6,0.01
Progress in Cardiovascular Diseases,6,0.01
Journal of Applied Learning & Teaching,6,0.01
The Lancet Haematology,6,0.01
International Journal of Machine Tools and Manufacture,6,0.01
System,6,0.01
European Polymer Journal,6,0.01
Biomarker Research,6,0.01
Science China Information Sciences,6,0.01
The Lancet Regional Health - Europe,6,0.01
Review of Accounting Studies,6,0.01
Permanent missions to the United Nations,6,0.01
Computational Visual Media,6,0.01
Communications Earth & Environment,6,0.01
Smart Cities,6,0.01
SN Computer Science,6,0.01
The Journal of Prevention of Alzheimer s Disease,6,0.01
Journal of Personalized Medicine,6,0.01
Results in Chemistry,6,0.01
Materials Today Bio,6,0.01
Proceedings of the 60th Annual Meeting of the Association for Computational Linguistics (Volume 1: Long Papers),6,0.01
Journal of Agriculture and Food Research,6,0.01
Colloids and Surfaces A Physicochemical and Engineering Aspects,6,0.01
Mathematics,6,0.01
J.B. Metzler eBooks,6,0.01
Big Data and Cognitive Computing,6,0.01
Life,6,0.01
Computers in Human Behavior Artificial Humans,6,0.01
Journal of Medicine Surgery and Public Health,6,0.01
Työväentutkimus Vuosikirja,6,0.01
Acta Physico-Chimica Sinica,6,0.01
ACM Transactions on Software Engineering and Methodology,6,0.01
Journal of Functional Foods,5,0.01
Atmospheric Environment,5,0.01
Environmental Science & Policy,5,0.01
Reviews in Medical Virology,5,0.01
Journal of Management Information Systems,5,0.01
International Journal of Climatology,5,0.01
Annals of Nutrition and Metabolism,5,0.01
Journal of Geophysical Research Solid Earth,5,0.01
Journal of Pain,5,0.01
Cardiology,5,0.01
Entrepreneurship Theory and Practice,5,0.01
Acta Paediatrica,5,0.01
Journal of Behavioral Addictions,5,0.01
Optics Express,5,0.01
Supply Chain Management An International Journal,5,0.01
Journal of Hospital Infection,5,0.01
ChemSusChem,5,0.01
Health Psychology Review,5,0.01
Educational Researcher,5,0.01
Computational Linguistics,5,0.01
Current Obesity Reports,5,0.01
Journal of Virology,5,0.01
Mathematical Problems in Engineering,5,0.01
Global Ecology and Biogeography,5,0.01
BMC Genomics,5,0.01
Antimicrobial Agents and Chemotherapy,5,0.01
European Journal of Medicinal Chemistry,5,0.01
Health Psychology,5,0.01
Critical Reviews in Environmental Science and Technology,5,0.01
Academy of Management Journal,5,0.01
Journal of the European Academy of Dermatology and Venereology,5,0.01
2D Materials,5,0.01
International Journal of Pharmaceutics,5,0.01
Journal of Autism and Developmental Disorders,5,0.01
Food Security,5,0.01
International Soil and Water Conservation Research,5,0.01
Biogeosciences,5,0.01
Sensors and Actuators B Chemical,5,0.01
Current Opinion in Psychology,5,0.01
Space Science Reviews,5,0.01
Journal of International Business Studies,5,0.01
IEEE Transactions on Automatic Control,5,0.01
Journal of Psychopharmacology,5,0.01
Educational Psychologist,5,0.01
Journal of Vascular Surgery,5,0.01
Dalton Transactions,5,0.01
Analytica Chimica Acta,5,0.01
British journal of surgery,5,0.01
Proceedings of the Royal Society B Biological Sciences,5,0.01
International Journal of Intelligent Systems,5,0.01
IEEE Transactions on Information Theory,5,0.01
Autism,5,0.01
Journal of Clinical Immunology,5,0.01
Business & Information Systems Engineering,5,0.01
Polymer Chemistry,5,0.01
Journal of Parenteral and Enteral Nutrition,5,0.01
Annual Review of Neuroscience,5,0.01
Human Reproduction Update,5,0.01
Organizational Research Methods,5,0.01
Annual Review of Fluid Mechanics,5,0.01
Annual Review of Earth and Planetary Sciences,5,0.01
Clinical Chemistry,5,0.01
Virus Evolution,5,0.01
Cancer Epidemiology Biomarkers & Prevention,5,0.01
Hepatology International,5,0.01
Journal of Marketing Research,5,0.01
Medical Education,5,0.01
Clinical Epidemiology,5,0.01
ACS Chemical Biology,5,0.01
Apress eBooks,5,0.01
Advances in Optics and Photonics,5,0.01
Journal of the American Geriatrics Society,5,0.01
Regulatory Toxicology and Pharmacology,5,0.01
Journal of Structural Biology,5,0.01
DOAJ (DOAJ: Directory of Open Access Journals),5,0.01
Arthritis Care & Research,5,0.01
Pluto Press eBooks,5,0.01
European Heart Journal - Cardiovascular Imaging,5,0.01
Psychotherapy and Psychosomatics,5,0.01
IEEE Computational Intelligence Magazine,5,0.01
Neuropsychopharmacology,5,0.01
Frontiers in Environmental Science,5,0.01
Journal of Natural Products,5,0.01
Osteoporosis International,5,0.01
ACM SIGARCH Computer Architecture News,5,0.01
Regional Studies,5,0.01
Frontiers in Ecology and the Environment,5,0.01
Biochimica et Biophysica Acta (BBA) - Molecular Cell Research,5,0.01
The American Statistician,5,0.01
Philosophical Transactions of the Royal Society A Mathematical Physical and Engineering Sciences,5,0.01
International Forum of Allergy & Rhinology,5,0.01
Archives of Pathology & Laboratory Medicine,5,0.01
Materials Research Letters,5,0.01
European Journal of Internal Medicine,5,0.01
International Journal of Artificial Intelligence in Education,5,0.01
The Annals of Thoracic Surgery,5,0.01
IEEE Transactions on Intelligent Vehicles,5,0.01
IEEE Transactions on Neural Systems and Rehabilitation Engineering,5,0.01
IEEE Transactions on Software Engineering,5,0.01
Ecology and Society,5,0.01
Economic Modelling,5,0.01
Applied Physiology Nutrition and Metabolism,5,0.01
Blood Cancer Journal,5,0.01
International Journal of Hospitality Management,5,0.01
SAGE Open,5,0.01
BMC Geriatrics,5,0.01
Annals of Medicine,5,0.01
Current Opinion in Psychiatry,5,0.01
Particle and Fibre Toxicology,5,0.01
European Journal of Cardio-Thoracic Surgery,5,0.01
Journal of Pediatric Gastroenterology and Nutrition,5,0.01
Information Systems Journal,5,0.01
Biotechnology Reports,5,0.01
ASAIO Journal,5,0.01
Anaesthesia,5,0.01
transcript Verlag eBooks,5,0.01
MPG.PuRe (Max Planck Society),5,0.01
Infection Control and Hospital Epidemiology,5,0.01
Journal of Infection and Public Health,5,0.01
Gastric Cancer,5,0.01
Springer texts in statistics,5,0.01
European Journal of Soil Science,5,0.01
Circulation Cardiovascular Quality and Outcomes,5,0.01
Drug Design Development and Therapy,5,0.01
Proceedings of the ... Annual Hawaii International Conference on System Sciences/Proceedings of the Annual Hawaii International Conference on System Sciences,5,0.01
ICT Express,5,0.01
Advanced Engineering Materials,5,0.01
Journal of Vocational Behavior,5,0.01
Eurasia Journal of Mathematics Science and Technology Education,5,0.01
Food Research International,5,0.01
The Journal of Arthroplasty,5,0.01
Journal of Dairy Science,5,0.01
Cell chemical biology,5,0.01
Medical Clinics of North America,5,0.01
Current Issues in Tourism,5,0.01
Political Analysis,5,0.01
Living Reviews in Relativity,5,0.01
Journal of Artificial Intelligence Research,5,0.01
Industrial Marketing Management,5,0.01
Talanta,5,0.01
Science China Materials,5,0.01
International Journal of Human-Computer Studies,5,0.01
npj 2D Materials and Applications,5,0.01
Physical Review A,5,0.01
Human Vaccines & Immunotherapeutics,5,0.01
Insights into Imaging,5,0.01
Clinical Reviews in Allergy & Immunology,5,0.01
Food Science & Nutrition,5,0.01
Current Problems in Cardiology,5,0.01
The journal of nutrition health & aging,5,0.01
Systems,5,0.01
European Journal of Marketing,5,0.01
Computers & Electrical Engineering,5,0.01
JMIR Medical Education,5,0.01
Artificial Intelligence in Agriculture,5,0.01
Frontiers of Computer Science,5,0.01
International Journal for Equity in Health,5,0.01
European Child & Adolescent Psychiatry,5,0.01
Biochemical Pharmacology,5,0.01
International Journal of Consumer Studies,5,0.01
Applied Intelligence,5,0.01
The Journal of Headache and Pain,5,0.01
International Journal of Information Management Data Insights,5,0.01
Image and Vision Computing,5,0.01
npj Flexible Electronics,5,0.01
Applied Surface Science Advances,5,0.01
Phytomedicine,5,0.01
The Lancet Healthy Longevity,5,0.01
Case Studies in Chemical and Environmental Engineering,5,0.01
Food Chemistry X,5,0.01
Journal of Functional Biomaterials,5,0.01
2022 IEEE/CVF Conference on Computer Vision and Pattern Recognition Workshops (CVPRW),5,0.01
ACM Transactions on Information Systems,5,0.01
Proceedings of the ACM Web Conference 2022,5,0.01
Med,5,0.01
Energy Nexus,5,0.01
Cluster Computing,5,0.01
Review of Managerial Science,5,0.01
Machine Intelligence Research,5,0.01
Clinical and Molecular Hepatology,5,0.01
Experimental Hematology and Oncology,5,0.01
Journal of Molecular Structure,5,0.01
Batteries,5,0.01
Health Science Reports,5,0.01
Frontiers in Digital Health,5,0.01
American Journal of Neuroradiology,5,0.01
Nature Reviews Electrical Engineering,5,0.01
NEJM AI,5,0.01
Advances in Science and Technology,5,0.01
Rare Metals,5,0.01
Urban forestry & urban greening,4,0.01
Qualitative Research in Psychology,4,0.01
Public Administration Review,4,0.01
Medical Principles and Practice,4,0.01
Transplantation and Cellular Therapy,4,0.01
Transportation Research Part A Policy and Practice,4,0.01
Physical Review B,4,0.01
Dialogues in Clinical Neuroscience,4,0.01
Human Mutation,4,0.01
World Journal of Diabetes,4,0.01
Virtual and Physical Prototyping,4,0.01
Journal of Machine Learning Research,4,0.01
Medicines,4,0.01
Global Food Security,4,0.01
Environmental Toxicology and Pharmacology,4,0.01
PolyPublie (École Polytechnique de Montréal),4,0.01
Patient Education and Counseling,4,0.01
International Journal of Disaster Risk Reduction,4,0.01
BJOG An International Journal of Obstetrics & Gynaecology,4,0.01
Advances In Physics,4,0.01
Drug Resistance Updates,4,0.01
The Journal of Physical Chemistry B,4,0.01
The Journal of Positive Psychology,4,0.01
PharmacoEconomics,4,0.01
Cellular and Molecular Neurobiology,4,0.01
Archives of Virology,4,0.01
Science and Technology of Advanced Materials,4,0.01
Molecular & Cellular Proteomics,4,0.01
International Journal of Applied Earth Observation and Geoinformation,4,0.01
Molecular Neurobiology,4,0.01
American Economic Journal Applied Economics,4,0.01
IEEE Transactions on Transportation Electrification,4,0.01
Annual Review of Sociology,4,0.01
Applied and Environmental Microbiology,4,0.01
mBio,4,0.01
Journal of Service Research,4,0.01
American Political Science Review,4,0.01
Antioxidants and Redox Signaling,4,0.01
Marine Environmental Research,4,0.01
Otolaryngology,4,0.01
Ecological Monographs,4,0.01
American Journal of Ophthalmology,4,0.01
Journal of the American Heart Association,4,0.01
Food and Energy Security,4,0.01
Plant Cell Reports,4,0.01
Journal of Labor Economics,4,0.01
Annual Review of Microbiology,4,0.01
ACM Transactions on Knowledge Discovery from Data,4,0.01
Arabian Journal of Chemistry,4,0.01
Materials Science and Engineering A,4,0.01
Structural Equation Modeling A Multidisciplinary Journal,4,0.01
Computers & Security,4,0.01
BMJ Quality & Safety,4,0.01
Environmental Toxicology and Chemistry,4,0.01
BDJ,4,0.01
RePEc: Research Papers in Economics,4,0.01
mSystems,4,0.01
Psychological Assessment,4,0.01
Pediatric Critical Care Medicine,4,0.01
Contemporary Sociology A Journal of Reviews,4,0.01
Cancer Research and Treatment,4,0.01
QMiP Bulletin,4,0.01
Journal of Environmental Economics and Management,4,0.01
American Journal of Epidemiology,4,0.01
Wiley series in probability and statistics,4,0.01
Journal of Global Health,4,0.01
Long Range Planning,4,0.01
Electric Power Systems Research,4,0.01
Scripta Materialia,4,0.01
Pure and Applied Chemistry,4,0.01
Journal of Physics G Nuclear and Particle Physics,4,0.01
Learning and Instruction,4,0.01
European Thyroid Journal,4,0.01
American Academy of Pediatrics eBooks,4,0.01
Macromolecules,4,0.01
Applied Physics Letters,4,0.01
Journal of Neurochemistry,4,0.01
IEEE Intelligent Systems,4,0.01
The Oncologist,4,0.01
Journal of Enzyme Inhibition and Medicinal Chemistry,4,0.01
The Canadian Journal of Psychiatry,4,0.01
Frontiers in Marine Science,4,0.01
New York University Press eBooks,4,0.01
Journal of Quantitative Spectroscopy and Radiative Transfer,4,0.01
Annual Review of Biophysics,4,0.01
Annual Reviews in Control,4,0.01
Trends in Molecular Medicine,4,0.01
Computer,4,0.01
Oncotarget,4,0.01
Ultrasonics Sonochemistry,4,0.01
Journal of Development Economics,4,0.01
Applied mathematical sciences,4,0.01
Journal of Informetrics,4,0.01
International Affairs,4,0.01
Thorax,4,0.01
Knowledge and Information Systems,4,0.01
Advances in intelligent systems and computing,4,0.01
Biofabrication,4,0.01
Biophysical Reviews,4,0.01
Neurotherapeutics,4,0.01
Biochimica et Biophysica Acta (BBA) - Molecular Basis of Disease,4,0.01
Neural Computation,4,0.01
Thrombosis Research,4,0.01
Maturitas,4,0.01
Financial Innovation,4,0.01
Cellular & Molecular Biology Letters,4,0.01
Max Planck Digital Library,4,0.01
Contemporary Educational Technology,4,0.01
Chinese Physics C,4,0.01
Child Development,4,0.01
Physiologia Plantarum,4,0.01
Bioresources and Bioprocessing,4,0.01
Applied Microbiology and Biotechnology,4,0.01
Global Challenges,4,0.01
The Journal of Pediatrics,4,0.01
Microchemical Journal,4,0.01
European Journal of Anaesthesiology,4,0.01
Agricultural Systems,4,0.01
Radiographics,4,0.01
Laser & Photonics Review,4,0.01
Small Business Economics,4,0.01
Journal of Environmental Sciences,4,0.01
Progress in Lipid Research,4,0.01
Microbial Biotechnology,4,0.01
Archives of Osteoporosis,4,0.01
Kidney & Blood Pressure Research,4,0.01
Horticulturae,4,0.01
International Journal of Sports Physiology and Performance,4,0.01
Antimicrobial Resistance and Infection Control,4,0.01
Journal of Imaging Informatics in Medicine,4,0.01
Journal of the International Society of Sports Nutrition,4,0.01
Production and Operations Management,4,0.01
Digital Signal Processing,4,0.01
BioDrugs,4,0.01
Pancreatology,4,0.01
JCI Insight,4,0.01
Journal of Antimicrobial Chemotherapy,4,0.01
Reviews in Aquaculture,4,0.01
Composite Structures,4,0.01
Health Expectations,4,0.01
PLoS Pathogens,4,0.01
Biological Research,4,0.01
Combustion and Flame,4,0.01
Journal of Fungi,4,0.01
Radiocarbon,4,0.01
Clinical and Translational Medicine,4,0.01
Symmetry,4,0.01
INDIGO (University of Illinois at Chicago),4,0.01
Sociological Methods & Research,4,0.01
Quantum,4,0.01
Journal of research in nursing,4,0.01
Annual Review of Control Robotics and Autonomous Systems,4,0.01
IEEE Network,4,0.01
The Chemical Record,4,0.01
Atmosphere,4,0.01
Human Reproduction Open,4,0.01
International Journal of Social Psychiatry,4,0.01
IEEE Vehicular Technology Magazine,4,0.01
European Journal of Pharmacology,4,0.01
Biomedical Signal Processing and Control,4,0.01
Cytokine & Growth Factor Reviews,4,0.01
Springer optimization and its applications,4,0.01
Frontiers in Energy Research,4,0.01
AEA Papers and Proceedings,4,0.01
The Springer series on challenges in machine learning,4,0.01
npj Breast Cancer,4,0.01
International Journal of Nursing Studies,4,0.01
Frontiers in Neurology,4,0.01
Cancer Medicine,4,0.01
Journal of Neurology Neurosurgery & Psychiatry,4,0.01
SN Applied Sciences,4,0.01
IntechOpen eBooks,4,0.01
Engineering Fracture Mechanics,4,0.01
Nano Convergence,4,0.01
Environment Development and Sustainability,4,0.01
Robotics and Computer-Integrated Manufacturing,4,0.01
Materials Chemistry and Physics,4,0.01
Digital Health,4,0.01
Journal of Materials Science,4,0.01
Genes,4,0.01
Computer Communications,4,0.01
Journal of Epidemiology and Global Health,4,0.01
UWA Profiles and Research Repository (University of Western Australia),4,0.01
The Sustainable development goals report,4,0.01
Medicina,4,0.01
Indiana University Press eBooks,4,0.01
Journal of Analytical and Applied Pyrolysis,4,0.01
Quantitative Science Studies,4,0.01
Research in International Business and Finance,4,0.01
Journal of Microbiology Immunology and Infection,4,0.01
American Journal of Roentgenology,4,0.01
Medical Science Monitor,4,0.01
Sustainable Energy & Fuels,4,0.01
Inorganic Chemistry Communications,4,0.01
Obesity,4,0.01
International Journal of Mental Health and Addiction,4,0.01
QJM,4,0.01
Journal of Nursing Management,4,0.01
Autoimmunity Reviews,4,0.01
China CDC Weekly,4,0.01
Aging Clinical and Experimental Research,4,0.01
Measurement,4,0.01
Canadian Medical Association Journal,4,0.01
Clinical and Translational Science,4,0.01
Chemical Engineering Journal Advances,4,0.01
Ecological Informatics,4,0.01
Repository for Publications and Research Data (ETH Zurich),4,0.01
International Dental Journal,4,0.01
Advances in educational technologies and instructional design book series,4,0.01
PRX Quantum,4,0.01
Recycling,4,0.01
Frontiers in Sustainable Food Systems,4,0.01
Array,4,0.01
Sustainable Production and Consumption,4,0.01
Journal of Cardiac Failure,4,0.01
Frontiers in Computer Science,4,0.01
APOPTOSIS,4,0.01
Current Protocols,4,0.01
BMC Nursing,4,0.01
Russian Journal of Cardiology,4,0.01
Petroleum Exploration and Development,4,0.01
Water Air & Soil Pollution,4,0.01
Sensors International,4,0.01
Cognitive Robotics,4,0.01
Complex & Intelligent Systems,4,0.01
Molecular Biology Reports,4,0.01
Diabetes & Metabolism Journal,4,0.01
International Journal of Health Sciences,4,0.01
River Publishers eBooks,4,0.01
2022 IEEE/CVF Winter Conference on Applications of Computer Vision (WACV),4,0.01
Structures,4,0.01
Journal of the National Cancer Center,4,0.01
Frontiers in Agronomy,4,0.01
IEEE Transactions on Aerospace and Electronic Systems,4,0.01
Endocrine Pathology,4,0.01
Behaviour and Information Technology,4,0.01
Jurnal Basicedu,4,0.01
Advanced Powder Materials,4,0.01
BenchCouncil Transactions on Benchmarks Standards and Evaluations,4,0.01
RSC Sustainability,4,0.01
International Journal of Mechanical Sciences,4,0.01
Advanced Fiber Materials,4,0.01
Plant Stress,4,0.01
Results in Surfaces and Interfaces,4,0.01
npj Antimicrobials and Resistance,4,0.01
Communications Medicine,4,0.01
Micromachines,4,0.01
Opto-Electronic Advances,4,0.01
Applied Mathematics Letters,4,0.01
PNAS Nexus,4,0.01
Energy Advances,4,0.01
JACS Au,4,0.01
Discover Oncology,4,0.01
Seminars in Arthritis and Rheumatism,3,0.01
Forest Ecology and Management,3,0.01
The Nephron journals/Nephron journals,3,0.01
Drug and Alcohol Dependence,3,0.01
SLEEP,3,0.01
Cardiorenal Medicine,3,0.01
Journal of Pineal Research,3,0.01
Journal of Sensors,3,0.01
Microbial Ecology in Health and Disease,3,0.01
Current Protocols in Molecular Biology,3,0.01
Advanced Materials Interfaces,3,0.01
Surgery for Obesity and Related Diseases,3,0.01
Graduate studies in mathematics,3,0.01
SIAM Journal on Optimization,3,0.01
npj Quantum Information,3,0.01
Conservation Biology,3,0.01
British Journal of Dermatology,3,0.01
Appetite,3,0.01
Current Environmental Health Reports,3,0.01
Environmental Development,3,0.01
Psychoneuroendocrinology,3,0.01
Journal of Radiation Research and Applied Sciences,3,0.01
Scientia Horticulturae,3,0.01
The Journal of Human Resources,3,0.01
Journal of Photochemistry and Photobiology C Photochemistry Reviews,3,0.01
Dementia and Geriatric Cognitive Disorders,3,0.01
Neuroepidemiology,3,0.01
Modern problems of pharmacopsychiatry/Modern trends in pharmacopsychiatry,3,0.01
Journal of the Association for Information Science and Technology,3,0.01
BMC Medical Imaging,3,0.01
Journal of Esthetic and Restorative Dentistry,3,0.01
BMC Cancer,3,0.01
IEEE Transactions on Electron Devices,3,0.01
Open Collections,3,0.01
Ecosphere,3,0.01
Autonomous Robots,3,0.01
Current Opinion in Microbiology,3,0.01
Multivariate Behavioral Research,3,0.01
Atmospheric measurement techniques,3,0.01
Organization & Environment,3,0.01
Evidence-Based Nursing,3,0.01
Journal of Neuroscience Methods,3,0.01
Current Opinion in Cell Biology,3,0.01
Diabetes,3,0.01
Journal of the Meteorological Society of Japan Ser II,3,0.01
Journal of Banking & Finance,3,0.01
Journal of Behavioral Medicine,3,0.01
Biomacromolecules,3,0.01
Academic Medicine,3,0.01
Saudi Pharmaceutical Journal,3,0.01
Body Image,3,0.01
Computerized Medical Imaging and Graphics,3,0.01
Cellulose,3,0.01
ChemBioEng Reviews,3,0.01
Food Control,3,0.01
Mucosal Immunology,3,0.01
Landslides,3,0.01
The Scientific World JOURNAL,3,0.01
APL Materials,3,0.01
Spine,3,0.01
Liver International,3,0.01
Neurourology and Urodynamics,3,0.01
The Journal of Clinical Psychiatry,3,0.01
Caries Research,3,0.01
JAMA Dermatology,3,0.01
Food Science and Human Wellness,3,0.01
Journal of the European Ceramic Society,3,0.01
Neoplasia,3,0.01
Hormone Research in Paediatrics,3,0.01
Journal of Family Medicine and Primary Care,3,0.01
Transport Reviews,3,0.01
The Journal of Microbiology,3,0.01
American Economic Journal Macroeconomics,3,0.01
ACS Photonics,3,0.01
Cancer Immunology Research,3,0.01
Annals of Botany,3,0.01
Journal of democracy,3,0.01
Sleep Health,3,0.01
Journal of Organizational Behavior,3,0.01
The Gerontologist,3,0.01
Energy Science & Engineering,3,0.01
Journal of Retailing,3,0.01
Trials,3,0.01
Behavioral and Brain Sciences,3,0.01
Wiley Interdisciplinary Reviews Climate Change,3,0.01
Surface and Interface Analysis,3,0.01
The Breast,3,0.01
Language Teaching Research,3,0.01
Disease Models & Mechanisms,3,0.01
Journal of Nutrition,3,0.01
Environmental Science Processes & Impacts,3,0.01
Molecular Therapy — Nucleic Acids,3,0.01
Analytical Methods,3,0.01
Journal of Experimental Botany,3,0.01
Cancer Epidemiology,3,0.01
Inflammatory Bowel Diseases,3,0.01
Harvard business review,3,0.01
Omega,3,0.01
The Annals of Family Medicine,3,0.01
RNA Biology,3,0.01
IEEE Transactions on Sustainable Energy,3,0.01
Australian & New Zealand Journal of Psychiatry,3,0.01
Frontiers in Molecular Neuroscience,3,0.01
Journal of Nutrition Education and Behavior,3,0.01
Journal of Business and Economic Statistics,3,0.01
Advanced Pharmaceutical Bulletin,3,0.01
Archives of Medical Science,3,0.01
Applied Water Science,3,0.01
Journal of Lightwave Technology,3,0.01
VBN Forskningsportal (Aalborg Universitet),3,0.01
Geothermics,3,0.01
Productivity Press eBooks,3,0.01
Clinical Diabetes,3,0.01
Wilderness and Environmental Medicine,3,0.01
Sustainable materials and technologies,3,0.01
Journal of Catalysis,3,0.01
Biochemia Medica,3,0.01
Felix Meiner Verlag eBooks,3,0.01
Journal of Oral Biology and Craniofacial Research,3,0.01
Solar Energy Materials and Solar Cells,3,0.01
International Journal of Precision Engineering and Manufacturing-Green Technology,3,0.01
Production Planning & Control,3,0.01
Current Neuropharmacology,3,0.01
BMC Research Notes,3,0.01
American Journal of Clinical Nutrition,3,0.01
The American Journal of Sports Medicine,3,0.01
Environmental Health,3,0.01
Animals,3,0.01
Brain Informatics,3,0.01
Annual Review of Physical Chemistry,3,0.01
Addictive Behaviors,3,0.01
Swarm and Evolutionary Computation,3,0.01
SOIL,3,0.01
Smart Materials and Structures,3,0.01
Genetic Epidemiology,3,0.01
EMBO Molecular Medicine,3,0.01
Journal of Pain and Symptom Management,3,0.01
The International Journal of Life Cycle Assessment,3,0.01
Journal of Lipid Research,3,0.01
Virtual Reality,3,0.01
Systematic Biology,3,0.01
Optics and Lasers in Engineering,3,0.01
Journal of Multidisciplinary Healthcare,3,0.01
Harmful Algae,3,0.01
Vadose Zone Journal,3,0.01
Genes & Diseases,3,0.01
Journal of Advanced Nursing,3,0.01
BMC Microbiology,3,0.01
Cerebral Cortex,3,0.01
Journal of Sound and Vibration,3,0.01
Human Genetics,3,0.01
Higher Education,3,0.01
Progress of Theoretical and Experimental Physics,3,0.01
Alzheimer s Research & Therapy,3,0.01
Annual Review of Marine Science,3,0.01
Personality and Individual Differences,3,0.01
Behaviour Research and Therapy,3,0.01
Computational Intelligence and Neuroscience,3,0.01
Journal of Pain Research,3,0.01
Skin Pharmacology and Physiology,3,0.01
Chinese Medicine,3,0.01
Sustainability Science,3,0.01
Plant Biotechnology Journal,3,0.01
Current Directions in Psychological Science,3,0.01
International series in management science/operations research/International series in operations research & management science,3,0.01
Neurobiology of Aging,3,0.01
Atherosclerosis,3,0.01
Virulence,3,0.01
Annual Review of Virology,3,0.01
IEEE Transactions on Fuzzy Systems,3,0.01
Medical Care,3,0.01
Annual Review of Genetics,3,0.01
Social and Personality Psychology Compass,3,0.01
Communications in Nonlinear Science and Numerical Simulation,3,0.01
Environmental Innovation and Societal Transitions,3,0.01
Neurosurgery,3,0.01
Crystal Growth & Design,3,0.01
Investigative Ophthalmology & Visual Science,3,0.01
SAGE Open Medicine,3,0.01
Best Practice & Research Clinical Obstetrics & Gynaecology,3,0.01
IEEE Transactions on Dependable and Secure Computing,3,0.01
Distill,3,0.01
Applied Materials Today,3,0.01
Internet Interventions,3,0.01
Behavior Therapy,3,0.01
Clinical Journal of the American Society of Nephrology,3,0.01
Journal of the American Medical Directors Association,3,0.01
Journal of the American College of Surgeons,3,0.01
Frontiers in Robotics and AI,3,0.01
Psychophysiology,3,0.01
CATENA,3,0.01
Virtual Defense Library (Ministerio de Defensa),3,0.01
Revista Española de Cardiología (English Edition),3,0.01
The Accounting Review,3,0.01
Edinburgh University Press eBooks,3,0.01
Graduate texts in physics,3,0.01
Use R!,3,0.01
University of Toronto Press eBooks,3,0.01
Annual Review of Biomedical Engineering,3,0.01
The cryosphere,3,0.01
Computers Environment and Urban Systems,3,0.01
Annals of the International Communication Association,3,0.01
Journal of Instrumentation,3,0.01
Emerging contaminants,3,0.01
Occupational and Environmental Medicine,3,0.01
The Journal of Immunology,3,0.01
Progress in Natural Science Materials International,3,0.01
Frontiers of Information Technology & Electronic Engineering,3,0.01
Measurement Science and Technology,3,0.01
Metals,3,0.01
Human Resource Management Journal,3,0.01
Neonatology,3,0.01
Australasian Marketing Journal (AMJ),3,0.01
Addiction,3,0.01
Journal of General Virology,3,0.01
BMC Medical Ethics,3,0.01
The Journal of Infectious Diseases,3,0.01
Journal of the American College of Radiology,3,0.01
Journal of Open Research Software,3,0.01
Medical Physics,3,0.01
Child Abuse & Neglect,3,0.01
Social Psychological and Personality Science,3,0.01
European Journal of Immunology,3,0.01
The Lancet HIV,3,0.01
Nature Reviews Urology,3,0.01
Reviews in Endocrine and Metabolic Disorders,3,0.01
RELC Journal,3,0.01
Microchimica Acta,3,0.01
European Journal of Teacher Education,3,0.01
The Indian Journal of Medical Research,3,0.01
International Journal of Molecular Medicine,3,0.01
International Journal of Remote Sensing,3,0.01
Stroke and Vascular Neurology,3,0.01
Journal of Biotechnology,3,0.01
Journal of Interactive Marketing,3,0.01
Infectious Disease Modelling,3,0.01
Angiogenesis,3,0.01
IUCrJ,3,0.01
IEEE Transactions on Cognitive Communications and Networking,3,0.01
Annals of Surgical Oncology,3,0.01
Journal of Educational Technology Systems,3,0.01
Injury,3,0.01
Open Biology,3,0.01
Journal of Chemistry,3,0.01
Journal of Physics Conference Series,3,0.01
The British Accounting Review,3,0.01
Journal of the Chinese Medical Association,3,0.01
Sensors and Actuators A Physical,3,0.01
European Journal of Psychological Assessment,3,0.01
Biology of Sex Differences,3,0.01
Journal of Chemical Education,3,0.01
Qualitative Research in Sport Exercise and Health,3,0.01
Current Neurology and Neuroscience Reports,3,0.01
Journal of Information Security and Applications,3,0.01
Communication Methods and Measures,3,0.01
Current Opinion in Environmental Science & Health,3,0.01
Molecular Therapy — Methods & Clinical Development,3,0.01
Journal of Microbiology and Biotechnology,3,0.01
Menopause The Journal of The North American Menopause Society,3,0.01
Journal of The Royal Society Interface,3,0.01
University of Pittsburgh Press eBooks,3,0.01
ACM Transactions on Multimedia Computing Communications and Applications,3,0.01
Econometrics Journal,3,0.01
American Journal of Political Science,3,0.01
Pattern Recognition Letters,3,0.01
Annual Review of Food Science and Technology,3,0.01
The American Journal of Emergency Medicine,3,0.01
Materials Science and Engineering B,3,0.01
Journal of Nuclear Science and Technology,3,0.01
The International Journal of Human Resource Management,3,0.01
Journal of Cognition,3,0.01
Annual Review of Political Science,3,0.01
Aging and Disease,3,0.01
Annual Review of Nuclear and Particle Science,3,0.01
Borsa Istanbul Review,3,0.01
Journal of Vacuum Science & Technology A Vacuum Surfaces and Films,3,0.01
Information and Organization,3,0.01
Powder Technology,3,0.01
Journal of Educational Psychology,3,0.01
American Behavioral Scientist,3,0.01
Natural hazards and earth system sciences,3,0.01
Journal of Food and Drug Analysis,3,0.01
Structural and Multidisciplinary Optimization,3,0.01
Polymer Testing,3,0.01
Evidence-Based Mental Health,3,0.01
Transplantation,3,0.01
Human Molecular Genetics,3,0.01
Journal of Manufacturing Technology Management,3,0.01
Mathematical Programming Computation,3,0.01
Chemico-Biological Interactions,3,0.01
Journal of Intelligent Manufacturing,3,0.01
Phytotherapy Research,3,0.01
Turkish Journal of Emergency Medicine,3,0.01
Human Resources for Health,3,0.01
Molecular Aspects of Medicine,3,0.01
Health Promotion International,3,0.01
Cogent Education,3,0.01
Journal of service management,3,0.01
Frontiers in Cardiovascular Medicine,3,0.01
Phytochemistry Reviews,3,0.01
Infection and Drug Resistance,3,0.01
Journal of Field Robotics,3,0.01
ACS Applied Energy Materials,3,0.01
Journal of sport and health science/Journal of Sport and Health Science,3,0.01
Journal of Composites Science,3,0.01
Journal of Exposure Science & Environmental Epidemiology,3,0.01
Minds and Machines,3,0.01
Journal of Leukocyte Biology,3,0.01
Archivio istituzionale della ricerca (Alma Mater Studiorum Università di Bologna),3,0.01
Texts in computer science,3,0.01
Arteriosclerosis Thrombosis and Vascular Biology,3,0.01
Journal of Sustainable Tourism,3,0.01
Annals of Global Health,3,0.01
Journal of Cellular and Molecular Medicine,3,0.01
Developmental Medicine & Child Neurology,3,0.01
TechTrends,3,0.01
World Journal of Oncology,3,0.01
Clinical Epigenetics,3,0.01
International Journal of Gynecological Cancer,3,0.01
Acta Astronautica,3,0.01
Information Processing & Management,3,0.01
Cell & Bioscience,3,0.01
European Journal of Clinical Microbiology & Infectious Diseases,3,0.01
Journal of Obesity & Metabolic Syndrome,3,0.01
Family Medicine and Community Health,3,0.01
Virology Journal,3,0.01
OECD employment outlook,3,0.01
Journal of Ambient Intelligence and Humanized Computing,3,0.01
Future Healthcare Journal,3,0.01
Fungal Diversity,3,0.01
Cybersecurity,3,0.01
Journal of Drug Delivery Science and Technology,3,0.01
Histopathology,3,0.01
European Journal of Human Genetics,3,0.01
Tourism Review,3,0.01
International Journal of Energy Research,3,0.01
Contemporary Educational Psychology,3,0.01
Journal of the Royal Statistical Society Series B (Statistical Methodology),3,0.01
"White Rose Research Online (University of Leeds, The University of Sheffield, University of York)",3,0.01
Proceedings of the ACM on Human-Computer Interaction,3,0.01
Health at a glance,3,0.01
"Statistical papers - United Nations. Series A, Population and vital statistics report",3,0.01
Rhinology Journal,3,0.01
AI & Society,3,0.01
The Journal of Physical Chemistry A,3,0.01
Tropical Medicine & International Health,3,0.01
European Journal of Nuclear Medicine and Molecular Imaging,3,0.01
Infectious Diseases of Poverty,3,0.01
Travel Medicine and Infectious Disease,3,0.01
Clinical Chemistry and Laboratory Medicine (CCLM),3,0.01
Journal of Product Innovation Management,3,0.01
Medical Sciences,3,0.01
Clinica Chimica Acta,3,0.01
Human Behavior and Emerging Technologies,3,0.01
Journal of Clinical Virology,3,0.01
British Medical Bulletin,3,0.01
Journal of Community Health,3,0.01
Translational Oncology,3,0.01
Pakistan Journal of Medical Sciences,3,0.01
Membranes,3,0.01
International Journal of Entrepreneurial Behaviour & Research,3,0.01
Journal of Applied Science and Technology Trends,3,0.01
Journal of Forestry Research,3,0.01
Nonlinear Dynamics,3,0.01
Philosophy & Technology,3,0.01
Structural Health Monitoring,3,0.01
Autism in Adulthood,3,0.01
International Journal of Educational Research Open,3,0.01
NAR Genomics and Bioinformatics,3,0.01
Fermentation,3,0.01
Liver Cancer,3,0.01
Journal of Inflammation Research,3,0.01
Frontiers in Nanotechnology,3,0.01
Communications Materials,3,0.01
MDPI (MDPI AG),3,0.01
AI Open,3,0.01
Revista Científica de Salud y Desarrollo Humano,3,0.01
Springer monographs in mathematics,3,0.01
"Studies in systems, decision and control",3,0.01
IEEE Sensors Journal,3,0.01
Social Sciences & Humanities Open,3,0.01
Drug Delivery and Translational Research,3,0.01
Advances in Applied Energy,3,0.01
Environmental Chemistry and Ecotoxicology,3,0.01
Chinese Journal of Natural Medicines,3,0.01
Current Research in Food Science,3,0.01
Frontiers in Physics,3,0.01
AI and Ethics,3,0.01
Journal of Advanced Ceramics,3,0.01
Proceedings of the 2021 Conference on Empirical Methods in Natural Language Processing,3,0.01
Applied System Innovation,3,0.01
Accounts of Materials Research,3,0.01
Advanced Materials Technologies,3,0.01
Respiratory Research,3,0.01
Bioengineered,3,0.01
Langmuir,3,0.01
Sustainable Operations and Computers,3,0.01
Agricultural Water Management,3,0.01
Dialética eBooks,3,0.01
CABI eBooks,3,0.01
IEEE Transactions on Big Data,3,0.01
American Philosophical Quarterly,3,0.01
Physics of Fluids,3,0.01
Journal of the Knowledge Economy,3,0.01
Organization Science,3,0.01
Thin-Walled Structures,3,0.01
Computer Assisted Language Learning,3,0.01
Polymer Bulletin,3,0.01
Informatics in Medicine Unlocked,3,0.01
Journal of Open Innovation Technology Market and Complexity,3,0.01
International Journal of Extreme Manufacturing,3,0.01
Advanced Intelligent Systems,3,0.01
Discover Artificial Intelligence,3,0.01
Proceedings of the 45th International ACM SIGIR Conference on Research and Development in Information Retrieval,3,0.01
Radiology Artificial Intelligence,3,0.01
Journal of Hazardous Materials Advances,3,0.01
Chinese Chemical Letters,3,0.01
International Journal of Intelligent Networks,3,0.01
Clinical Science,3,0.01
Clean Energy,3,0.01
Proceedings of the VLDB Endowment,3,0.01
OECD agricultural outlook .../OECD-FAO agricultural outlook,3,0.01
Brain Sciences,3,0.01
Sci,3,0.01
Perspectives on Science and Christian Faith,3,0.01
Journal of CO2 Utilization,3,0.01
International Journal of Machine Learning and Cybernetics,3,0.01
The Journal of Supercomputing,3,0.01
International Research Journal of Modernization in Engineering Technology and Science,3,0.01
Studies in natural products chemistry,3,0.01
Journal of Computer Information Systems,3,0.01
Journal of University Teaching and Learning Practice,3,0.01
Ocean Engineering,3,0.01
Annals of Biomedical Engineering,3,0.01
Learning and Individual Differences,3,0.01
Energy Informatics,3,0.01
Innovation and Green Development,3,0.01
British Journal of Biomedical Science,3,0.01
FAO; IFAD; UNICEF; WFP; WHO; eBooks,3,0.01
Sustainable development goals series,3,0.01
International Journal for Educational Integrity,3,0.01
Ciencia Latina Revista Científica Multidisciplinar,3,0.01
Journal of Second Language Writing,3,0.01
United Nations Environment Programme eBooks,3,0.01
State University of New York Press eBooks,3,0.01
Swinburne Research Bank (Swinburne University of Technology),3,0.01
Discover Nano,3,0.01
npj Science of Food,3,0.01
npj Mental Health Research,3,0.01
Biotechnology for Biofuels and Bioproducts,3,0.01
Clinical and Experimental Medicine,3,0.01
Computer Methods and Programs in Biomedicine Update,3,0.01
GSC Advanced Research and Reviews,3,0.01
Qualitative Theory of Dynamical Systems,3,0.01
Food Chemistry Advances,3,0.01
Arandu-UTIC.,3,0.01
World Wide Web,3,0.01
Journal of Sensor and Actuator Networks,3,0.01
npj Science of Learning,3,0.01
Bright Sky Publications eBooks,3,0.01
Feminist Studies,3,0.01
University of Michigan Journal of Law Reform,3,0.01
Phytopathology,3,0.01
Next Nanotechnology,3,0.01
Molecular Biomedicine,3,0.01
European journal of medical research,3,0.01
npj Metabolic Health and Disease,3,0.01
Estudios y Perspectivas Revista Científica y Académica,3,0.01
Journal of Experimental Social Psychology,2,0.0
"Advances in biochemical engineering, biotechnology",2,0.0
Annals of Data Science,2,0.0
Beilstein Journal of Nanotechnology,2,0.0
Computational Science & Discovery,2,0.0
Mobile DNA,2,0.0
Cytogenetic and Genome Research,2,0.0
Oncology,2,0.0
Mediators of Inflammation,2,0.0
Developments in petroleum science,2,0.0
Journal of Computer and Communications,2,0.0
Semantic Web,2,0.0
Journal of the Royal Society of Medicine,2,0.0
Experimental Neurology,2,0.0
International Journal of Cardiology,2,0.0
IEEE Transactions on Computer-Aided Design of Integrated Circuits and Systems,2,0.0
Journal of Athletic Training,2,0.0
Catalysis Today,2,0.0
Health Technology Assessment,2,0.0
Botanical Journal of the Linnean Society,2,0.0
Journal of Science Education and Technology,2,0.0
Journal of Evidence-Based Medicine,2,0.0
Population and Development Review,2,0.0
Wiley Interdisciplinary Reviews Water,2,0.0
Tribology International,2,0.0
Chemometrics and Intelligent Laboratory Systems,2,0.0
PROTEOMICS,2,0.0
Journal of Rural Studies,2,0.0
Electrochimica Acta,2,0.0
Neuropharmacology,2,0.0
Earth and Space Science,2,0.0
Clinics in Liver Disease,2,0.0
Information Systems,2,0.0
Frontiers of Physics,2,0.0
Queensland's institutional digital repository (The University of Queensland),2,0.0
Research & Politics,2,0.0
Trends in Cardiovascular Medicine,2,0.0
International Nursing Review,2,0.0
Organic Chemistry Frontiers,2,0.0
Research in Astronomy and Astrophysics,2,0.0
Environmental Microbiology,2,0.0
Journal of Pharmaceutical Sciences,2,0.0
Environmental Monitoring and Assessment,2,0.0
Journal of the Mechanics and Physics of Solids,2,0.0
Personnel Psychology,2,0.0
The Internet and Higher Education,2,0.0
Procedia Economics and Finance,2,0.0
Futures,2,0.0
Journal of Psychosomatic Research,2,0.0
Biochimica et Biophysica Acta (BBA) - Proteins and Proteomics,2,0.0
Preventive Medicine,2,0.0
IEEE Industrial Electronics Magazine,2,0.0
Speech Communication,2,0.0
ACS Synthetic Biology,2,0.0
Case Reports in Gastroenterology,2,0.0
Current Epidemiology Reports,2,0.0
Advances in Wound Care,2,0.0
The Crop Journal,2,0.0
Journal of Adolescent Health,2,0.0
Photogrammetric Engineering & Remote Sensing,2,0.0
Journal of Information Technology,2,0.0
International Entrepreneurship and Management Journal,2,0.0
Ecosystem Services,2,0.0
Current Addiction Reports,2,0.0
Journal of Visualized Experiments,2,0.0
Decision Support Systems,2,0.0
Biotechnology & Biotechnological Equipment,2,0.0
GCB Bioenergy,2,0.0
Applied Catalysis A General,2,0.0
Agriculture Ecosystems & Environment,2,0.0
Bioscience Reports,2,0.0
Vascular Pharmacology,2,0.0
Journal of Applied Ecology,2,0.0
Critical Reviews in Analytical Chemistry,2,0.0
Matrix Biology,2,0.0
Journal of Enterprise Information Management,2,0.0
Computers & Geosciences,2,0.0
Circulation Cardiovascular Genetics,2,0.0
Current Opinion in Food Science,2,0.0
Molecular and Cellular Endocrinology,2,0.0
The Annals of Applied Statistics,2,0.0
IEEE Transactions on Automation Science and Engineering,2,0.0
Pharmaceutical Research,2,0.0
European Neurology,2,0.0
IEEE Power and Energy Magazine,2,0.0
Accounting Organizations and Society,2,0.0
Japanese Journal of Applied Physics,2,0.0
Expert Opinion on Drug Discovery,2,0.0
International Journal of Research in Education and Science,2,0.0
Physics in Medicine and Biology,2,0.0
European Journal of Pharmaceutics and Biopharmaceutics,2,0.0
Chemistry - A European Journal,2,0.0
Journal of Vestibular Research,2,0.0
Environment and Planning D Society and Space,2,0.0
Current Protocols in Immunology,2,0.0
Respirology,2,0.0
Journal of Orthopaedic Research®,2,0.0
Ultrasound in Medicine & Biology,2,0.0
Gerontology,2,0.0
Epigenetics & Chromatin,2,0.0
Annals of Physical and Rehabilitation Medicine,2,0.0
Cogent Business & Management,2,0.0
Biochemical Society Transactions,2,0.0
Currents in Pharmacy Teaching and Learning,2,0.0
Molecular Cancer Therapeutics,2,0.0
European Journal of Public Health,2,0.0
Earth Planets and Space,2,0.0
Journal of Vision,2,0.0
Annual Review of Phytopathology,2,0.0
"Journal of macromolecular science. Part C, Reviews in macromolecular chemistry and physics/Journal of macromolecular science. Reviews in macromolecular chemistry and physics",2,0.0
Global Qualitative Nursing Research,2,0.0
Journal of Experimental Psychology General,2,0.0
British Journal Of Nutrition,2,0.0
Nutrition Journal,2,0.0
Evidence-based Complementary and Alternative Medicine,2,0.0
Journal of Biological Engineering,2,0.0
Journal of Psychopathology and Behavioral Assessment,2,0.0
Electoral Studies,2,0.0
Journal of Traumatic Stress,2,0.0
International Review of Psychiatry,2,0.0
Genomics,2,0.0
Nanomedicine Nanotechnology Biology and Medicine,2,0.0
Journal of Visual Communication and Image Representation,2,0.0
Scandinavian Journal of Medicine and Science in Sports,2,0.0
Magnetic Resonance in Medicine,2,0.0
Journal of Internet Services and Applications,2,0.0
Nanotechnology Science and Applications,2,0.0
Glycobiology,2,0.0
Proceedings of the Python in Science Conferences,2,0.0
Asian Pacific Journal of Tropical Biomedicine,2,0.0
Biotechnology Letters,2,0.0
Egyptian Journal of Petroleum,2,0.0
General Hospital Psychiatry,2,0.0
European Business Review,2,0.0
Journal of Bone and Joint Surgery,2,0.0
Department of Earth Sciences EPrints Repository,2,0.0
ISPRS International Journal of Geo-Information,2,0.0
AIAA Journal,2,0.0
International Wound Journal,2,0.0
Clinical and Experimental Ophthalmology,2,0.0
Genetics and Molecular Biology,2,0.0
Journal of Molecular Diagnostics,2,0.0
Human Development,2,0.0
Handbook of clinical neurology,2,0.0
Water Intelligence Online,2,0.0
Open Journal of Statistics,2,0.0
Reviews in Mineralogy and Geochemistry,2,0.0
Organic Process Research & Development,2,0.0
Acta Physiologica,2,0.0
Współczesna Onkologia,2,0.0
Texts in applied mathematics,2,0.0
Journal of Travel Research,2,0.0
The American Journal of Surgical Pathology,2,0.0
Journal of Proteome Research,2,0.0
IFAC-PapersOnLine,2,0.0
IIW collection,2,0.0
The Journal of Organic Chemistry,2,0.0
Hydrological Sciences Journal,2,0.0
American Psychological Association eBooks,2,0.0
Contemporary Political Theory,2,0.0
Nutrition Today,2,0.0
Medicinal & Aromatic Plants,2,0.0
Interdisciplinary Toxicology,2,0.0
IEEE Systems Journal,2,0.0
The Permanente Journal,2,0.0
ADVANCED SCIENCES INDEX,2,0.0
Epidemiologia e Serviços de Saúde,2,0.0
Health & Social Care in the Community,2,0.0
Springer Link (Chiba Institute of Technology),2,0.0
IRIS - Institutional Research Information System (Libera Università Internazionale degli Studi Sociali Guido Carli),2,0.0
RECERCAT (Consorci de Serveis Universitaris de Catalunya),2,0.0
Journal of Economic Growth,2,0.0
International Agency for Research on Cancer eBooks,2,0.0
Applied Clay Science,2,0.0
Foundations and Trends® in Human–Computer Interaction,2,0.0
John Benjamins Publishing Company eBooks,2,0.0
Angewandte Chemie,2,0.0
"The measurement of scientific, technological and innovation activities",2,0.0
Cortex,2,0.0
Environmental Geochemistry and Health,2,0.0
Archives of Environmental Contamination and Toxicology,2,0.0
Harvard Educational Review,2,0.0
Translational Behavioral Medicine,2,0.0
Atmospheric Research,2,0.0
Gondwana Research,2,0.0
Nuclear Instruments and Methods in Physics Research Section A Accelerators Spectrometers Detectors and Associated Equipment,2,0.0
Data Science Journal,2,0.0
Journal of Food Science and Technology,2,0.0
ASM Press eBooks,2,0.0
CSIRO Publishing eBooks,2,0.0
University lecture series,2,0.0
Journal of Monetary Economics,2,0.0
Annual Review of Statistics and Its Application,2,0.0
Corwin eBooks,2,0.0
The European Physical Journal A,2,0.0
Research Explorer (The University of Manchester),2,0.0
International Journal of Coal Geology,2,0.0
Social Science Quarterly,2,0.0
International Marketing Review,2,0.0
Statistics and Computing,2,0.0
Test,2,0.0
Cell Transplantation,2,0.0
Regional Environmental Change,2,0.0
Neuroendocrinology,2,0.0
Annual Review of Materials Research,2,0.0
Estuarine Coastal and Shelf Science,2,0.0
Clinical Oral Investigations,2,0.0
Clinical Orthopaedics and Related Research,2,0.0
Current Diabetes Reports,2,0.0
Semiconductor Science and Technology,2,0.0
Social Issues and Policy Review,2,0.0
Oncogenesis,2,0.0
Microbial Pathogenesis,2,0.0
Soft Matter,2,0.0
Journal of Cerebral Blood Flow & Metabolism,2,0.0
Biology Letters,2,0.0
Critical Reviews in Biotechnology,2,0.0
Schizophrenia Bulletin,2,0.0
Journal of Environmental Quality,2,0.0
Biogerontology,2,0.0
International Journal of Social Research Methodology,2,0.0
Public Management Review,2,0.0
Journal of Thrombosis and Thrombolysis,2,0.0
Nanoscale Horizons,2,0.0
Korean Journal of Radiology,2,0.0
Human and Ecological Risk Assessment An International Journal,2,0.0
Journal of Cell Science,2,0.0
Depression and Anxiety,2,0.0
Methods,2,0.0
Computers & Structures,2,0.0
World Journal of Psychiatry,2,0.0
Journal of International Financial Management and Accounting,2,0.0
Bioengineering & Translational Medicine,2,0.0
Journal of Sports Sciences,2,0.0
Heart,2,0.0
Cogent Engineering,2,0.0
BMC Plant Biology,2,0.0
Progress in Artificial Intelligence,2,0.0
Nanomedicine,2,0.0
Journal of Industrial and Production Engineering,2,0.0
Cladistics,2,0.0
Research Integrity and Peer Review,2,0.0
AIDS,2,0.0
Clinical Therapeutics,2,0.0
Milbank Quarterly,2,0.0
Journal of Mammalogy,2,0.0
Operating Systems Design and Implementation,2,0.0
Tumor Biology,2,0.0
Journal of Systems and Software,2,0.0
IEEE Journal of Selected Topics in Quantum Electronics,2,0.0
Journal of Adolescence,2,0.0
Pediatric Allergy and Immunology,2,0.0
Peritoneal Dialysis International,2,0.0
IEEE Journal of Emerging and Selected Topics in Power Electronics,2,0.0
Soil Use and Management,2,0.0
Journal of Optics,2,0.0
Biomarker Insights,2,0.0
Accounting Auditing & Accountability Journal,2,0.0
International Journal of Corporate Social Responsibility,2,0.0
BMJ Evidence-Based Medicine,2,0.0
Journal of Gastroenterology,2,0.0
China Economic Review,2,0.0
Plant Cell & Environment,2,0.0
Journal of Critical Care,2,0.0
European Management Journal,2,0.0
Journal of Pathology Informatics,2,0.0
3 Biotech,2,0.0
Journal of European Public Policy,2,0.0
Regional Anesthesia & Pain Medicine,2,0.0
Photonics Research,2,0.0
Structure,2,0.0
Sleep Medicine,2,0.0
Neurobiology of Stress,2,0.0
Gastrointestinal Endoscopy,2,0.0
"now publishers, Inc. eBooks",2,0.0
The American Naturalist,2,0.0
IEEE Transactions on Visualization and Computer Graphics,2,0.0
Molecular Nutrition & Food Research,2,0.0
Bioconjugate Chemistry,2,0.0
Tobacco Control,2,0.0
World Journal of Microbiology and Biotechnology,2,0.0
Annals of Behavioral Medicine,2,0.0
Journal of the Royal Statistical Society Series A (Statistics in Society),2,0.0
London School of Economics and Political Science Research Online (London School of Economics and Political Science),2,0.0
Current Climate Change Reports,2,0.0
Epidemiology,2,0.0
Journal of Occupational Health Psychology,2,0.0
Journal of cardiovascular computed tomography,2,0.0
Journal of Youth and Adolescence,2,0.0
Journal of Telemedicine and Telecare,2,0.0
Analytical Biochemistry,2,0.0
Social Cognitive and Affective Neuroscience,2,0.0
BioMedical Engineering OnLine,2,0.0
Case Reports in Neurology,2,0.0
Brazilian Journal of Microbiology,2,0.0
Information Processing in Agriculture,2,0.0
International Journal of Digital Earth,2,0.0
Artificial Cells Nanomedicine and Biotechnology,2,0.0
Critical Reviews in Microbiology,2,0.0
International Journal of Research in Marketing,2,0.0
Qualitative Psychology,2,0.0
IEEE Control Systems,2,0.0
Research in Organizational Behavior,2,0.0
Internal and Emergency Medicine,2,0.0
Journal of Computer-Mediated Communication,2,0.0
Surgery,2,0.0
Singapore Management University Institutional Knowledge (InK) (Singapore Management University),2,0.0
BORIS (University Library Bern),2,0.0
Open Research Online (The Open University),2,0.0
Biostatistics,2,0.0
"Technical University of Denmark, DTU Orbit (Technical University of Denmark, DTU)",2,0.0
Contemporary Physics,2,0.0
Journal of Physics A Mathematical and Theoretical,2,0.0
Repository of the Academy's Library (Library of the Hungarian Academy of Sciences),2,0.0
Texas ScholarWorks (Texas Digital Library),2,0.0
Journal of the Association for Information Systems,2,0.0
Queue,2,0.0
The state of world fisheries and aquaculture,2,0.0
Jaypee Brothers Medical Publishers (P) Ltd. eBooks,2,0.0
Springer handbooks,2,0.0
International Business,2,0.0
Advances in computer vision and pattern recognition,2,0.0
University of Washington Press eBooks,2,0.0
International Journal of Clinical Oncology,2,0.0
Project Muse (Johns Hopkins University),2,0.0
CMS books in mathematics,2,0.0
Klassische Texte der Wissenschaft,2,0.0
University of Notre Dame Press eBooks,2,0.0
Review of Environmental Economics and Policy,2,0.0
Duo Research Archive (University of Oslo),2,0.0
AI Magazine,2,0.0
Annual Review of Nutrition,2,0.0
Journal of Healthcare Engineering,2,0.0
International Journal of Interactive Multimedia and Artificial Intelligence,2,0.0
International Journal of Fatigue,2,0.0
International Journal of Operations & Production Management,2,0.0
mAbs,2,0.0
IEEE Pervasive Computing,2,0.0
Photochemistry and Photobiology,2,0.0
Chemical and Biological Technologies in Agriculture,2,0.0
Soft Computing,2,0.0
Advances in Therapy,2,0.0
Clinical Pharmacokinetics,2,0.0
Bioorganic Chemistry,2,0.0
Personality and Social Psychology Review,2,0.0
Political Psychology,2,0.0
Journal of Epidemiology,2,0.0
United European Gastroenterology Journal,2,0.0
Journal of World Business,2,0.0
FEMS Microbiology Ecology,2,0.0
Blood Purification,2,0.0
Psychology Health & Medicine,2,0.0
Acta Psychiatrica Scandinavica,2,0.0
Arthritis Research & Therapy,2,0.0
Wiley Interdisciplinary Reviews Nanomedicine and Nanobiotechnology,2,0.0
Current Drug Targets,2,0.0
Palliative Medicine,2,0.0
Multiple Sclerosis Journal,2,0.0
Japanese Journal of Radiology,2,0.0
World Journal of Urology,2,0.0
Antonie van Leeuwenhoek,2,0.0
Journal of Cancer,2,0.0
Physiology and Molecular Biology of Plants,2,0.0
Journal of Racial and Ethnic Health Disparities,2,0.0
ChemPhysChem,2,0.0
Preventing Chronic Disease,2,0.0
Biochemistry and Biophysics Reports,2,0.0
Computing in Science & Engineering,2,0.0
Work & Stress,2,0.0
Journal of the Taiwan Institute of Chemical Engineers,2,0.0
Public Health Nutrition,2,0.0
European Journal of Nutrition,2,0.0
Journal of Applied Microbiology,2,0.0
Transportation Research Part D Transport and Environment,2,0.0
Anatomical Sciences Education,2,0.0
Ultraschall in der Medizin - European Journal of Ultrasound,2,0.0
Annual Review of Cell and Developmental Biology,2,0.0
Restorative Dentistry & Endodontics,2,0.0
Innovative Food Science & Emerging Technologies,2,0.0
Seminars in Immunopathology,2,0.0
International Journal of Education and Literacy Studies,2,0.0
Cardiac failure review,2,0.0
European Journal of Clinical Nutrition,2,0.0
Journal of Diabetes & Metabolic Disorders,2,0.0
JCO Precision Oncology,2,0.0
Applied Artificial Intelligence,2,0.0
Toxicology,2,0.0
The Review of Economics and Statistics,2,0.0
Saudi Journal of Anaesthesia,2,0.0
Journal of Materials Processing Technology,2,0.0
Child Development Perspectives,2,0.0
Research in Science Education,2,0.0
Mobile Networks and Applications,2,0.0
IEEE Transactions on Antennas and Propagation,2,0.0
Communications in Mathematics and Statistics,2,0.0
Journal of Cellular Biochemistry,2,0.0
Bioorganic & Medicinal Chemistry,2,0.0
BMC Evolutionary Biology,2,0.0
Journal of Orthopaedic and Sports Physical Therapy,2,0.0
Journal of Clinical Neurophysiology,2,0.0
Breast Cancer,2,0.0
npj Materials Degradation,2,0.0
Strategic Entrepreneurship Journal,2,0.0
Research Involvement and Engagement,2,0.0
Human Brain Mapping,2,0.0
ACM SIGKDD Explorations Newsletter,2,0.0
IT Professional,2,0.0
Asian Journal of Pharmaceutical Sciences,2,0.0
Journal of Interactive Advertising,2,0.0
USENIX Security Symposium,2,0.0
The Journal of Strength and Conditioning Research,2,0.0
American Sociological Review,2,0.0
Asia Pacific Journal of Management,2,0.0
Telecommunications Policy,2,0.0
Journal of Hepato-Biliary-Pancreatic Sciences,2,0.0
International Journal of Multivariate Data Analysis,2,0.0
Saudi Journal of Biological Sciences,2,0.0
Biodiversity and Conservation,2,0.0
eScholarship (California Digital Library),2,0.0
Molecular Oncology,2,0.0
The Journals of Gerontology Series A,2,0.0
Malaysian Journal of Medical Sciences,2,0.0
Sustainability Science Practice and Policy,2,0.0
Journal of Veterinary Internal Medicine,2,0.0
International Journal of Multimedia Information Retrieval,2,0.0
Clinical Psychological Science,2,0.0
Biosystems Engineering,2,0.0
European Journal of General Practice,2,0.0
IOP Conference Series Materials Science and Engineering,2,0.0
International Journal of Medical Sciences,2,0.0
Biological Psychiatry Cognitive Neuroscience and Neuroimaging,2,0.0
Journal of Orthopaedic Trauma,2,0.0
Clinical Journal of Gastroenterology,2,0.0
Biogeochemistry,2,0.0
American Mathematical Society eBooks,2,0.0
Pure Amsterdam UMC,2,0.0
Infoscience (Ecole Polytechnique Fédérale de Lausanne),2,0.0
Journal of the European Economic Association,2,0.0
Internet Research,2,0.0
Digital Commons - USU (Utah State University),2,0.0
Kidney International Supplements,2,0.0
AIMS Microbiology,2,0.0
Ankara Pegem Akademi Yayıncılık eBooks,2,0.0
University of Minnesota Press eBooks,2,0.0
Syiah Kuala University Press eBooks,2,0.0
Journal of Prosthetic Dentistry,2,0.0
Bloomsbury T&T Clark eBooks,2,0.0
Policy Press eBooks,2,0.0
Financial Analysts Journal,2,0.0
Philosophical Literary Journal Logos,2,0.0
Archives of Biochemistry and Biophysics,2,0.0
Medical Reference Services Quarterly,2,0.0
IEEE Micro,2,0.0
Logistics,2,0.0
IEEE Transactions on Emerging Topics in Computational Intelligence,2,0.0
Topics in Current Chemistry,2,0.0
Frontiers in Veterinary Science,2,0.0
Plant Biosystems - An International Journal Dealing with all Aspects of Plant Biology,2,0.0
Emotion,2,0.0
Chinese Journal of Cancer Research,2,0.0
Journal of Diabetes,2,0.0
Journal of Clinical Child & Adolescent Psychology,2,0.0
Biomaterials Science,2,0.0
Nuclear Data Sheets,2,0.0
Journal of Cystic Fibrosis,2,0.0
Materials Today Chemistry,2,0.0
Advances in virus research,2,0.0
Anesthesia & Analgesia,2,0.0
Acta Neuropathologica Communications,2,0.0
Alimentary Pharmacology & Therapeutics,2,0.0
British Journal of Psychology,2,0.0
The Leadership Quarterly,2,0.0
Research in Social and Administrative Pharmacy,2,0.0
Journal of Computing in Higher Education,2,0.0
Cellular and Molecular Gastroenterology and Hepatology,2,0.0
Oral Oncology,2,0.0
Journal of Black Psychology,2,0.0
Clinical Interventions in Aging,2,0.0
Environmental and Experimental Botany,2,0.0
Cephalalgia,2,0.0
Computational Materials Science,2,0.0
Veterinary World,2,0.0
Drug Delivery,2,0.0
Collabra Psychology,2,0.0
Journal of Tissue Engineering,2,0.0
The Analyst,2,0.0
Brain Research,2,0.0
Journal of Management Studies,2,0.0
Geochemistry Geophysics Geosystems,2,0.0
Journal of Oral Rehabilitation,2,0.0
Physical Review Materials,2,0.0
Journal of Hospitality and Tourism Management,2,0.0
Educational and Psychological Measurement,2,0.0
npj Parkinson s Disease,2,0.0
Strategic Organization,2,0.0
China Geology,2,0.0
Journal of Rock Mechanics and Geotechnical Engineering,2,0.0
Plant Biology,2,0.0
Work Employment and Society,2,0.0
International Immunology,2,0.0
Human Relations,2,0.0
European Radiology Experimental,2,0.0
Health Psychology and Behavioral Medicine,2,0.0
Comprehensive Psychiatry,2,0.0
Preventive Medicine Reports,2,0.0
Physics Letters B,2,0.0
International Journal of Web and Grid Services,2,0.0
Behavioral Sciences,2,0.0
Wound Repair and Regeneration,2,0.0
Brain Research Bulletin,2,0.0
Qualitative Research Journal,2,0.0
American Journal of Physiology-Cell Physiology,2,0.0
BENTHAM SCIENCE PUBLISHERS eBooks,2,0.0
Food and Chemical Toxicology,2,0.0
Blood Reviews,2,0.0
Journal of Physical Activity and Health,2,0.0
Journal of Parkinson s Disease,2,0.0
IEEE Transactions on Reliability,2,0.0
IEEE Journal on Emerging and Selected Topics in Circuits and Systems,2,0.0
Journal of Scientific Computing,2,0.0
Pregnancy Hypertension,2,0.0
TUScholarShare (Temple University),2,0.0
Political Behavior,2,0.0
World Journal of Surgery,2,0.0
UNITEXT for physics,2,0.0
Journal of educational thought.,2,0.0
Advances in child development and behavior,2,0.0
Journal of Atherosclerosis and Thrombosis,2,0.0
Journal of Clinical Apheresis,2,0.0
Organizational Behavior and Human Decision Processes,2,0.0
Journal of Systems Architecture,2,0.0
The Astronomy and Astrophysics Review,2,0.0
BIO-PROTOCOL,2,0.0
Ocean science,2,0.0
Annals of Cardiac Anaesthesia,2,0.0
Journal of Business and Psychology,2,0.0
Gastroenterology Review,2,0.0
Green Chemistry Letters and Reviews,2,0.0
Zeitschrift für schweizerische Statistik und Volkswirtschaft/Schweizerische Zeitschrift für Volkswirtschaft und Statistik/Swiss journal of economics and statistics,2,0.0
The Radical Teacher,2,0.0
BMC Infectious Diseases,2,0.0
Engineering Science and Technology an International Journal,2,0.0
npj Vaccines,2,0.0
International Endodontic Journal,2,0.0
British Journal of Management,2,0.0
Clinical Liver Disease,2,0.0
EuroIntervention,2,0.0
Gene,2,0.0
Biomedical Journal,2,0.0
Journal of Human Lactation,2,0.0
Journal of Business Logistics,2,0.0
Open Forum Infectious Diseases,2,0.0
Gut Pathogens,2,0.0
Nano Materials Science,2,0.0
Journal of Applied Polymer Science,2,0.0
International Journal of Adolescence and Youth,2,0.0
Health Research Policy and Systems,2,0.0
Trends in Chemistry,2,0.0
Perspectives on Medical Education,2,0.0
IEEE Transactions on Computational Biology and Bioinformatics,2,0.0
Defence Technology,2,0.0
Journal of Consumer Research,2,0.0
International Security,2,0.0
Computer Vision and Image Understanding,2,0.0
International Journal of Hygiene and Environmental Health,2,0.0
Cancer Science,2,0.0
Frontiers in Pediatrics,2,0.0
Plant Methods,2,0.0
Tropical Medicine and Infectious Disease,2,0.0
Entropy,2,0.0
Medicinal Research Reviews,2,0.0
World Journal of Emergency Surgery,2,0.0
Reproductive Health,2,0.0
EnergyChem,2,0.0
Harvard Data Science Review,2,0.0
Journal of Marketing Analytics,2,0.0
Notices of the American Mathematical Society,2,0.0
ISTI Open Portal,2,0.0
Communications Chemistry,2,0.0
Journal of Plant Growth Regulation,2,0.0
Brain Structure and Function,2,0.0
Australian Journal of Management,2,0.0
Frontiers in Materials,2,0.0
Communications Physics,2,0.0
Circulation Journal,2,0.0
Medical Education Online,2,0.0
Life Science Alliance,2,0.0
Service Industries Journal,2,0.0
Journal of Information Technology Case and Application Research,2,0.0
Global Health Journal,2,0.0
Journal of Medicine and Life,2,0.0
Molecular Cancer Research,2,0.0
Current Diabetes Reviews,2,0.0
Journal of Chemical & Engineering Data,2,0.0
Annals of Tourism Research,2,0.0
The International Journal of Management Education,2,0.0
Brain Topography,2,0.0
Powder Diffraction,2,0.0
Fuel Processing Technology,2,0.0
Journal of Business Venturing Insights,2,0.0
JACC Basic to Translational Science,2,0.0
Applied Psychology,2,0.0
CaltechAUTHORS (California Institute of Technology),2,0.0
DSpace@MIT (Massachusetts Institute of Technology),2,0.0
Monash University Research Portal (Monash University),2,0.0
Data Archiving and Networked Services (DANS),2,0.0
Lecture notes in civil engineering,2,0.0
Journal of the American Planning Association,2,0.0
The Charleston Advisor,2,0.0
Teaching and learning international survey,2,0.0
SBL Press eBooks,2,0.0
American Journal of Clinical Pathology,2,0.0
Advances in public policy and administration (APPA) book series,2,0.0
American Journal of Pharmaceutical Education,2,0.0
Translational Pediatrics,2,0.0
Florence Research (University of Florence),2,0.0
Educational Review,2,0.0
Animal nutrition,2,0.0
Energy Storage,2,0.0
Journal of Science Advanced Materials and Devices,2,0.0
BioScience Trends,2,0.0
Reviews in Environmental Science and Bio/Technology,2,0.0
Canadian Journal of Anesthesia/Journal canadien d anesthésie,2,0.0
Radiology Cardiothoracic Imaging,2,0.0
General Psychiatry,2,0.0
Clinical Medicine,2,0.0
Journal of risk and financial management,2,0.0
Science China Technological Sciences,2,0.0
American Journal of Health-System Pharmacy,2,0.0
Journal of Biological Regulators and Homeostatic Agents/Journal of Biological Regulators & Homeostatic Agents,2,0.0
American Journal of Obstetrics & Gynecology MFM,2,0.0
Clinical Immunology,2,0.0
Médecine et Maladies Infectieuses,2,0.0
SALAM Jurnal Sosial dan Budaya Syar i,2,0.0
IEEE Reviews in Biomedical Engineering,2,0.0
The Review of Asset Pricing Studies,2,0.0
Pedagogical Research,2,0.0
Translational research,2,0.0
Journal of the Neurological Sciences,2,0.0
Current Oncology,2,0.0
Journal of Clinical Nursing,2,0.0
Psychiatric Quarterly,2,0.0
Transportation Research Interdisciplinary Perspectives,2,0.0
Journal of Polymer Science,2,0.0
Tourism Geographies,2,0.0
European Heart Journal Acute Cardiovascular Care,2,0.0
Qatar University QSpace (Qatar University),2,0.0
The Review of Corporate Finance Studies,2,0.0
BioEssays,2,0.0
Biological Trace Element Research,2,0.0
Thermochimica Acta,2,0.0
EDUKATIF JURNAL ILMU PENDIDIKAN,2,0.0
Food Production Processing and Nutrition,2,0.0
Nurse Education in Practice,2,0.0
Environmental Microbiome,2,0.0
Big Data,2,0.0
European Journal of Finance,2,0.0
Cancer Gene Therapy,2,0.0
Critical Reviews in Clinical Laboratory Sciences,2,0.0
International Business Review,2,0.0
American Journal of Applied Mathematics and Statistics,2,0.0
Postgraduate Medical Journal,2,0.0
Children and Youth Services Review,2,0.0
Journal of the World Aquaculture Society,2,0.0
Journal of Computers in Education,2,0.0
Postdigital Science and Education,2,0.0
The Annals of Statistics,2,0.0
JCO Global Oncology,2,0.0
Journal of Food Biochemistry,2,0.0
Repository KITopen (Karlsruhe Institute of Technology),2,0.0
IEEE Open Journal of Industry Applications,2,0.0
Review of Economics of the Household,2,0.0
International Journal of Systems Science,2,0.0
Oral Diseases,2,0.0
Societies,2,0.0
Machine Learning with Applications,2,0.0
Fluids and Barriers of the CNS,2,0.0
Clinical Kidney Journal,2,0.0
Journal of Occupational and Environmental Medicine,2,0.0
Cleaner Engineering and Technology,2,0.0
Journal of Infusion Nursing,2,0.0
The Bone & Joint Journal,2,0.0
"FAO, IFAD, UNICEF, WFP and WHO eBooks",2,0.0
Journal of Oral and Maxillofacial Surgery,2,0.0
Spherical Nucleic Acids,2,0.0
Empirical Economics,2,0.0
International Coaching Psychology Review,2,0.0
Mechanical engineering series,2,0.0
Current topics in developmental biology/Current Topics in Developmental Biology,2,0.0
Journal of Data Science,2,0.0
Journal of the Physical Society of Japan,2,0.0
Advances in Atmospheric Sciences,2,0.0
IEEE Journal of Microwaves,2,0.0
The AAPS Journal,2,0.0
Evolutionary Intelligence,2,0.0
Laboratory Investigation,2,0.0
Ain Shams Engineering Journal,2,0.0
Current Opinion in Chemical Engineering,2,0.0
The Journal of Climate Change and Health,2,0.0
Pain and Therapy,2,0.0
Optics & Laser Technology,2,0.0
SIAM Journal on Scientific Computing,2,0.0
Lung,2,0.0
Materials Today Proceedings,2,0.0
European Stroke Journal,2,0.0
mSphere,2,0.0
ISA Transactions,2,0.0
European Geriatric Medicine,2,0.0
Computers in Human Behavior Reports,2,0.0
Publications,2,0.0
ESMO Open,2,0.0
IEEE Transactions on Magnetics,2,0.0
Engineering With Computers,2,0.0
Advanced Photonics,2,0.0
Insects,2,0.0
Geography and sustainability,2,0.0
Science Progress,2,0.0
Policy and Society,2,0.0
Journal of Materials Chemistry B,2,0.0
European Journal of Information Systems,2,0.0
Cell Reports Methods,2,0.0
Headache The Journal of Head and Face Pain,2,0.0
Journal of Xenobiotics,2,0.0
Journal of Educational Evaluation for Health Professions,2,0.0
NPG Asia Materials,2,0.0
Social Network Analysis and Mining,2,0.0
Agriculture & Food Security,2,0.0
Chemistry & Biodiversity,2,0.0
Journal of Computer Assisted Learning,2,0.0
Journal of Orthopaedic Surgery and Research,2,0.0
Lecture notes in networks and systems,2,0.0
Classroom companion: business,2,0.0
European Urology Oncology,2,0.0
British Journal of Ophthalmology,2,0.0
CCS Chemistry,2,0.0
European Journal of Pharmaceutical Sciences,2,0.0
Digital Commons@Becker (Washington University School of Medicine),2,0.0
Apple Academic Press eBooks,2,0.0
Frontiers in artificial intelligence and applications,2,0.0
United Nations eBooks,2,0.0
Acta Mechanica Sinica,2,0.0
Government at a glance,2,0.0
"Advances in atomic, molecular, and optical physics",2,0.0
Fordham University Press eBooks,2,0.0
SciPost Physics Codebases,2,0.0
2022 IEEE 38th International Conference on Data Engineering (ICDE),2,0.0
2022 International Conference on Robotics and Automation (ICRA),2,0.0
CHI Conference on Human Factors in Computing Systems,2,0.0
Publicationes Mathematicae Debrecen,2,0.0
Environmental Advances,2,0.0
ChemEngineering,2,0.0
Current Opinion in Solid State and Materials Science,2,0.0
Geographical Analysis,2,0.0
Journal of Ethnopharmacology,2,0.0
Stresses,2,0.0
MMWR Supplements,2,0.0
Carbon Capture Science & Technology,2,0.0
Head and Neck Pathology,2,0.0
Journal of Avian Biology,2,0.0
University of Birmingham Research Portal (University of Birmingham),2,0.0
Frontiers in Remote Sensing,2,0.0
Oxygen,2,0.0
Proceedings of the 30th ACM International Conference on Multimedia,2,0.0
Journal of Hospitality Marketing & Management,2,0.0
Minerals,2,0.0
Global Transitions Proceedings,2,0.0
IEEE Open Journal of the Computer Society,2,0.0
Bone Marrow Transplantation,2,0.0
Energy and AI,2,0.0
Environmental Impact Assessment Review,2,0.0
Nano Research Energy,2,0.0
International Journal of Mining Science and Technology,2,0.0
Frontiers in Bioinformatics,2,0.0
Biomimetics,2,0.0
The Italian Journal of Pediatrics/Italian journal of pediatrics,2,0.0
Mycosphere,2,0.0
IGI Global eBooks,2,0.0
2022 IEEE Symposium on Security and Privacy (SP),2,0.0
Research Methods in Applied Linguistics,2,0.0
Journal of Graduate Medical Education,2,0.0
Journal of Eating Disorders,2,0.0
Edumaspul - Jurnal Pendidikan,2,0.0
Journal of Cloud Computing Advances Systems and Applications,2,0.0
Chemosensors,2,0.0
Cell Genomics,2,0.0
Chemical Papers,2,0.0
International Journal of Accounting Information Systems,2,0.0
Economic Analysis and Policy,2,0.0
Undergraduate lecture notes in physics,2,0.0
Franz Steiner Verlag eBooks,2,0.0
Universe,2,0.0
The journal of cetacean research and management. Special issue,2,0.0
Journal of Open Flexible and Distance Learning,2,0.0
Amsterdam University Press eBooks,2,0.0
Microsystems & Nanoengineering,2,0.0
eLight,2,0.0
Inflammopharmacology,2,0.0
Journal of Ovarian Research,2,0.0
Journal on Education,2,0.0
Accountability in Research,2,0.0
2023 IEEE/CVF Winter Conference on Applications of Computer Vision (WACV),2,0.0
Biomedical Materials & Devices,2,0.0
Journal of the Korean Gastric Cancer Association,2,0.0
Pacific-Basin Finance Journal,2,0.0
Journal of Imaging,2,0.0
Communications in Theoretical Physics,2,0.0
Journal of Nanoparticle Research,2,0.0
GeroScience,2,0.0
ACS Measurement Science Au,2,0.0
Innovations in Education and Teaching International,2,0.0
Journal of International Medical Research,2,0.0
Journal of Nursing Regulation,2,0.0
ACS Applied Nano Materials,2,0.0
JMIR Human Factors,2,0.0
Environmental Challenges,2,0.0
Assessing Writing,2,0.0
Macromol—A Journal of Macromolecular Research,2,0.0
British Journal of Multidisciplinary and Advanced Studies,2,0.0
Horticulture Research,2,0.0
Machines,2,0.0
老年心脏病学杂志：英文版,2,0.0
Health informatics,2,0.0
Health care science,2,0.0
Materials Today Sustainability,2,0.0
Green Chemical Engineering,2,0.0
Current Issues in Molecular Biology,2,0.0
Administrative Sciences,2,0.0
BMJ Oncology,2,0.0
RSC Applied Interfaces,2,0.0
Diagnostic Pathology,2,0.0
npj Climate and Atmospheric Science,2,0.0
Machine Learning and Knowledge Extraction,2,0.0
Innovative Higher Education,2,0.0
Annals of Allergy Asthma & Immunology,2,0.0
Natural Language Processing Journal,2,0.0
ABA España eBooks,2,0.0
Manohar Publishers & Distributors eBooks,2,0.0
"Synthesis lectures on engineering, science, and technology",2,0.0
Algorithms for intelligent systems,2,0.0
Circular Economy and Sustainability,2,0.0
npj Aging,2,0.0
Engineering Reports,2,0.0
International Journal of Obesity,2,0.0
Sustainable Energy Research,2,0.0
Case Studies in Thermal Engineering,2,0.0
Discover Environment,2,0.0
Acta Psychologica,2,0.0
Toxicological Sciences,2,0.0
International Journal of Management & Entrepreneurship Research,2,0.0
Advanced Energy and Sustainability Research,2,0.0
Drugs and Drug Candidates,2,0.0
NEJM Catalyst,2,0.0
Journal of Robotic Surgery,2,0.0
Journal of Real-Time Image Processing,2,0.0
Bacteria,2,0.0
Geoenergy Science and Engineering,2,0.0
Lipids in Health and Disease,2,0.0
Drug Safety,2,0.0
Waste Management Bulletin,2,0.0
Desalination and Water Treatment,2,0.0
Nelumbo,2,0.0
Interactions,2,0.0
Journal of Modelling in Management,2,0.0
Optics Communications,2,0.0
Poultry Science,2,0.0
Green Analytical Chemistry,2,0.0
Advances in Sample Preparation,2,0.0
World Health Organization eBooks,2,0.0
Health Policy,2,0.0
Plasmonics,2,0.0
Epidemiologia,2,0.0
npj Materials Sustainability,2,0.0
Informatics,2,0.0
Revista horizonte académico,2,0.0
Journal of Periodontal Research,2,0.0
Berghahn Books,2,0.0
Sustainable Chemistry for the Environment,2,0.0
Analytica—A Journal of Analytical Chemistry and Chemical Analysis,2,0.0
SusMat,2,0.0
Environmental Science Advances,2,0.0
Inorganic Chemistry,2,0.0
International Journal of Plasticity,2,0.0
Catalysis Science & Technology,2,0.0
KSCE Journal of Civil Engineering,2,0.0
Metabolism Open,2,0.0
Discover Applied Sciences,2,0.0
Discover Sustainability,2,0.0
Energy Conversion and Management X,2,0.0
China Ocean Engineering,2,0.0
Applied Mathematics & Information Sciences,2,0.0
Ciencia y reflexión :,2,0.0
International Journal of Crowd Science,2,0.0
European Journal of Pure and Applied Mathematics,2,0.0
JMIR Aging,2,0.0
Discover Agriculture,2,0.0
Learning and Motivation,2,0.0
Machine learning for computational science and engineering,2,0.0
BioNanoScience,2,0.0
Nano TransMed,2,0.0
Med Research,2,0.0
Physics of the Dark Universe,2,0.0
Intelligent Systems with Applications,2,0.0
Computers and Geotechnics,2,0.0
Food Bioscience,2,0.0
Journal of Human Immunity,2,0.0
Theoretical and Applied Fracture Mechanics,2,0.0
Premier journal of science.,2,0.0
Physica E Low-dimensional Systems and Nanostructures,2,0.0
Revista Veritas de Difusão Cientifica.,2,0.0
SuperIntelligence - Robotics - Safety & Alignment,2,0.0
Fungal ecology,1,0.0
International Journal on Digital Libraries,1,0.0
Lithos,1,0.0
WU Research,1,0.0
Studies in health technology and informatics,1,0.0
Egyptian Informatics Journal,1,0.0
JACC: Cardiovascular Interventions,1,0.0
Nuclear Engineering and Technology,1,0.0
Weather and Climate Extremes,1,0.0
International Journal of e-Collaboration,1,0.0
International Journal of Psychophysiology,1,0.0
Field Crops Research,1,0.0
Criminology,1,0.0
Progress in tumor research,1,0.0
Chemistry & Biology,1,0.0
Syracuse University Press eBooks,1,0.0
Advances in Bioinformatics,1,0.0
The Canadian Journal of Hospital Pharmacy,1,0.0
International Journal of Physical Distribution & Logistics Management,1,0.0
Molecular Reproduction and Development,1,0.0
Frontiers in Neuroinformatics,1,0.0
High Pressure Research,1,0.0
World review of nutrition and dietetics,1,0.0
Frontiers in Neuroanatomy,1,0.0
Plasma Physics and Controlled Fusion,1,0.0
Journal of Receptors and Signal Transduction,1,0.0
Journal of Consumer Behaviour,1,0.0
Memórias do Instituto Oswaldo Cruz,1,0.0
Journal of Accounting and Public Policy,1,0.0
Frontiers in Computational Neuroscience,1,0.0
ACM SIGOPS Operating Systems Review,1,0.0
IEEE Transactions on Circuits & Systems II Express Briefs,1,0.0
Pharmacology Research & Perspectives,1,0.0
Reviews in Agricultural Science,1,0.0
Journal of Nonlinear Science,1,0.0
Advances in civil and industrial engineering book series,1,0.0
Intergovernmental Panel on Climate Change eBooks,1,0.0
Focus on Catalysts,1,0.0
Journal of Caring Sciences,1,0.0
The Journal of Behavioral Health Services & Research,1,0.0
Electrochemistry Communications,1,0.0
Phi Delta Kappan,1,0.0
Physical Review C,1,0.0
Psychoanalysis and History,1,0.0
International Journal of Industrial Engineering Computations,1,0.0
Materials Science and Technology,1,0.0
European Planning Studies,1,0.0
Hippocampus,1,0.0
Dental Materials,1,0.0
Nanotoxicology,1,0.0
Applied Economics,1,0.0
Environmental Chemistry,1,0.0
Conservation Genetics,1,0.0
Applied Psychology Health and Well-Being,1,0.0
Journal of Animal Ecology,1,0.0
Nanotechnology,1,0.0
Economic Research-Ekonomska Istraživanja,1,0.0
The Association for Computational Linguistics,1,0.0
"World Bank, Washington, DC eBooks",1,0.0
genesis,1,0.0
Nutrition Reviews,1,0.0
Birth Defects Research Part C Embryo Today Reviews,1,0.0
Journal of Pest Science,1,0.0
Pathogens and Global Health,1,0.0
Metallomics,1,0.0
Journal of Personality Assessment,1,0.0
Integrative Biology,1,0.0
International Journal of Cognitive Therapy,1,0.0
IEEE Transactions on Signal and Information Processing over Networks,1,0.0
Contact Dermatitis,1,0.0
International Journal of Pharmaceutical Investigation,1,0.0
"Operations research, computer science. Interface series",1,0.0
Teachers and Teaching,1,0.0
Eye and Vision,1,0.0
Current Pollution Reports,1,0.0
Journal of Prosthodontic Research,1,0.0
International Journal of Polymer Science,1,0.0
IEEE Transactions on Autonomous Mental Development,1,0.0
BMC International Health and Human Rights,1,0.0
Journal of the Franklin Institute,1,0.0
Postcolonial Studies,1,0.0
Quaternary Geochronology,1,0.0
Organization Studies,1,0.0
Genetics Research International,1,0.0
Molecular Phylogenetics and Evolution,1,0.0
Physica Scripta,1,0.0
Aquatic Procedia,1,0.0
International Journal of Retina and Vitreous,1,0.0
IEEE Transactions on Parallel and Distributed Systems,1,0.0
Oncology Reports,1,0.0
Ore Geology Reviews,1,0.0
Wireless Networks,1,0.0
Public Culture,1,0.0
Pesticide Biochemistry and Physiology,1,0.0
Metallurgical and Materials Transactions A,1,0.0
Cytometry Part A,1,0.0
Annual Review of Applied Linguistics,1,0.0
Cerebrovascular Diseases Extra,1,0.0
Advances in Manufacturing,1,0.0
Journal of Mathematical Chemistry,1,0.0
Mathematical Programming,1,0.0
Behavioral Neuroscience,1,0.0
Psychological Inquiry,1,0.0
Animal Feed Science and Technology,1,0.0
Monthly Notices of the Royal Astronomical Society Letters,1,0.0
Journal of Complexity,1,0.0
American Journal of Hypertension,1,0.0
Computational Mechanics,1,0.0
City,1,0.0
Reproductive Biology and Endocrinology,1,0.0
Cornea,1,0.0
American Ethnologist,1,0.0
Journal of Urban Technology,1,0.0
Patient,1,0.0
The Philosophical Quarterly,1,0.0
"Physical review. D. Particles, fields, gravitation, and cosmology/Physical review. D. Particles and fields",1,0.0
Language Science Press eBooks,1,0.0
Cellular Immunology,1,0.0
Materials and Structures,1,0.0
International Journal of Project Management,1,0.0
Wiley Interdisciplinary Reviews Developmental Biology,1,0.0
Mathematical Models and Methods in Applied Sciences,1,0.0
International Journal of Quantum Chemistry,1,0.0
Seminars in Liver Disease,1,0.0
Policy & Politics,1,0.0
ACM SIGCOMM Computer Communication Review,1,0.0
Holistic Nursing Practice,1,0.0
International Journal of Microbiology,1,0.0
South African Medical Journal,1,0.0
Journal of Pharmaceutical Innovation,1,0.0
Challenges,1,0.0
Biology and Fertility of Soils,1,0.0
Computer-Aided Design,1,0.0
Molecular Simulation,1,0.0
Experimental Mechanics,1,0.0
Virology,1,0.0
Geoheritage,1,0.0
Aquatic Microbial Ecology,1,0.0
World Journal of Clinical Cases,1,0.0
Journal of Management & Governance,1,0.0
Toxicologic Pathology,1,0.0
Canadian Geographies / Géographies canadiennes,1,0.0
Plant Disease,1,0.0
Transportation Research Board 94th Annual MeetingTransportation Research Board,1,0.0
Biotechnology for Biofuels,1,0.0
New Microbes and New Infections,1,0.0
Psychometrika,1,0.0
ACM Transactions on Mathematical Software,1,0.0
Journal of the American Ceramic Society,1,0.0
Textual Practice,1,0.0
Springer series in statistics,1,0.0
Neurochemical Research,1,0.0
Current Protocols in Pharmacology,1,0.0
International Journal of Laboratory Hematology,1,0.0
Public Administration,1,0.0
Early Human Development,1,0.0
European Transport Research Review,1,0.0
British Journal of Clinical Pharmacology,1,0.0
Reference Reviews,1,0.0
SpringerBriefs in mathematics,1,0.0
Transport Policy,1,0.0
IEEE Engineering Management Review,1,0.0
Gothic.net,1,0.0
physica status solidi (b),1,0.0
Atlantic Journal of Communication,1,0.0
Frontiers in Life Science,1,0.0
Journal of Product & Brand Management,1,0.0
The Anthropocene Review,1,0.0
Living Reviews in Solar Physics,1,0.0
Journal of NeuroEngineering and Rehabilitation,1,0.0
Wolters Kluwer eBooks,1,0.0
American Public Health Association eBooks,1,0.0
International Journal of Modern Physics A,1,0.0
Biophysical Journal,1,0.0
Foundations of Computational Mathematics,1,0.0
Health Promotion Practice,1,0.0
International Journal of Industrial Organization,1,0.0
Journal of Economics & Management Strategy,1,0.0
SLAS TECHNOLOGY,1,0.0
Global Advances in Health and Medicine,1,0.0
Media Psychology,1,0.0
Contemporary Clinical Trials,1,0.0
Environmental Engineering Research,1,0.0
International Review of Administrative Sciences,1,0.0
European Sociological Review,1,0.0
Review of International Economics,1,0.0
Journal of Pensions Economics and Finance,1,0.0
The journal of individual psychology,1,0.0
Journal of Invertebrate Pathology,1,0.0
Journal of Medical Genetics,1,0.0
Molecular BioSystems,1,0.0
Communications of the Association for Information Systems,1,0.0
Drug and Alcohol Review,1,0.0
Metabolic Syndrome and Related Disorders,1,0.0
Annual Review of Vision Science,1,0.0
Biomedicine,1,0.0
Public Understanding of Science,1,0.0
International Strategic Management Review,1,0.0
Language Cognition and Neuroscience,1,0.0
Advances and Applications in Bioinformatics and Chemistry,1,0.0
Agronomy Journal,1,0.0
Journal of Pharmacological Sciences,1,0.0
Experimental Neurobiology,1,0.0
Educational Technology & Society,1,0.0
Current Opinion in Genetics & Development,1,0.0
IEEE/ACM Transactions on Networking,1,0.0
Food Science and Technology,1,0.0
Ergonomics,1,0.0
Journal of Pharmacology and Pharmacotherapeutics,1,0.0
Hypoxia,1,0.0
Advances in Chronic Kidney Disease,1,0.0
Climate Policy,1,0.0
ACM Transactions on Management Information Systems,1,0.0
Journal of Sustainable Finance & Investment,1,0.0
Critical Care Nurse,1,0.0
Reproductive Endocrinology,1,0.0
ACM Transactions on Interactive Intelligent Systems,1,0.0
Case Reports in Oncology,1,0.0
Injury Prevention,1,0.0
Psychiatry,1,0.0
Rodriguésia,1,0.0
The Journal of Allergy and Clinical Immunology In Practice,1,0.0
Medical Writing,1,0.0
Bulletin of the Lebedev Physics Institute,1,0.0
Monthly Weather Review,1,0.0
Informatica,1,0.0
Economics Books,1,0.0
Revista de Saúde Pública,1,0.0
AI Matters,1,0.0
Journal of Glaciology,1,0.0
Pharmacy Today,1,0.0
American Journal of Clinical Oncology,1,0.0
Acta Politica,1,0.0
Journal of Human Reproductive Sciences,1,0.0
International Politics Reviews,1,0.0
Journal of Experimental Political Science,1,0.0
Journal of Bangladesh College of Physicians and Surgeons,1,0.0
IEEE Transactions on Human-Machine Systems,1,0.0
Revista Conexão Letras,1,0.0
Gaceta Sanitaria,1,0.0
Helmholtz Centre for Ocean Research Kiel (GEOMAR),1,0.0
Journal of Environmental Policy & Planning,1,0.0
Retina,1,0.0
Environmental Humanities,1,0.0
Simulation in Healthcare The Journal of the Society for Simulation in Healthcare,1,0.0
British Journal of Applied Science & Technology,1,0.0
Transactions of the ASABE,1,0.0
Zeitschrift für Psychologie,1,0.0
International Journal of Data Mining & Knowledge Management Process,1,0.0
Communications for Statistical Applications and Methods,1,0.0
Occupational Medicine,1,0.0
Biopreservation and Biobanking,1,0.0
Nigerian Postgraduate Medical Journal,1,0.0
Journal of Experimental Biology,1,0.0
Boreas,1,0.0
Journal of Mathematical Cryptology,1,0.0
Proceedings of the Association for Information Science and Technology,1,0.0
Reproductive Health Matters,1,0.0
Integrative Medicine International,1,0.0
Microelectronic Engineering,1,0.0
Eastern Mediterranean Health Journal,1,0.0
IEEE Journal of Oceanic Engineering,1,0.0
eCite Digital Repository (University of Tasmania),1,0.0
Springer-Lehrbuch,1,0.0
eLearning and Software for Education,1,0.0
Seminars in Hearing,1,0.0
Applied Linguistics Review,1,0.0
Psychology of Sexual Orientation and Gender Diversity,1,0.0
KTH Publication Database DiVA (KTH Royal Institute of Technology),1,0.0
McGraw-Hill Education eBooks,1,0.0
City Research Online (City University London),1,0.0
"Energy Security, Technology and Sustainability Challenges Across the Globe,38th IAEE International Conference,May 25-27, 2015",1,0.0
Boletín Científico de las Ciencias Económico Administrativas del ICEA,1,0.0
Integrated series on information systems/Integrated series in information systems,1,0.0
Natural computing series,1,0.0
University of Washington Tacoma Digital Commons (University of Washington Tacoma),1,0.0
Approches inductives Travail intellectuel et construction des connaissances,1,0.0
The European Symposium on Artificial Neural Networks,1,0.0
Maynooth University ePrints and eTheses Archive (Maynooth University),1,0.0
Zaguan (University of Zaragoza Repository),1,0.0
JuSER (Forschungszentrum Jülich),1,0.0
Transportation Research Part F Traffic Psychology and Behaviour,1,0.0
Journal of Conflict Resolution,1,0.0
Scandinavian Journal of Management,1,0.0
Palgrave Macmillan eBooks,1,0.0
International Economic Review,1,0.0
Der Hautarzt,1,0.0
Repositori digital de la UPF (Universitat Pompeu Fabra),1,0.0
Journal of the American Society of Cytopathology,1,0.0
Ultramicroscopy,1,0.0
Land Use Policy,1,0.0
Critical Ethnic Studies,1,0.0
MacMillan Co eBooks,1,0.0
Fluid mechanics and its applications,1,0.0
Food Microbiology,1,0.0
Microbe Magazine,1,0.0
Journal of Pain & Palliative Care Pharmacotherapy,1,0.0
Progress in nonlinear differential equations and their applications,1,0.0
Journal of the Economic Science Association,1,0.0
Rineka Cipta eBooks,1,0.0
Journal of the Robotics Society of Japan,1,0.0
Applied Nanoscience,1,0.0
International journal of greenhouse gas control,1,0.0
Japanese journal of leprosy,1,0.0
ASM International eBooks,1,0.0
Armand Colin eBooks,1,0.0
Libraries Unlimited eBooks,1,0.0
Vahlen eBooks,1,0.0
V&R unipress eBooks,1,0.0
International Journal of Distributed Sensor Networks,1,0.0
Studies in information,1,0.0
AMBER – ABBS Management Business and Entrepreneurship Review,1,0.0
Channel View Publications eBooks,1,0.0
National Center for Education Statistics,1,0.0
SIAM Journal on Applied Dynamical Systems,1,0.0
Atomic Data and Nuclear Data Tables,1,0.0
Helicobacter,1,0.0
Operations Research Perspectives,1,0.0
Communications and control engineering/Communications and control engineering series,1,0.0
Climate of the past,1,0.0
Multiscale Modeling and Simulation,1,0.0
American Economic Journal Economic Policy,1,0.0
Journal of Industrial Microbiology & Biotechnology,1,0.0
Frontiers in Systems Neuroscience,1,0.0
Journal of Multicultural Counseling and Development,1,0.0
Progress In Oceanography,1,0.0
UWE Research Repository (UWE Bristol),1,0.0
American Journal of Theoretical and Applied Statistics,1,0.0
Journal of Nursing Education and Practice,1,0.0
Anthropocene,1,0.0
Epiliepsy currents/Epilepsy currents,1,0.0
Current Opinion in Neurobiology,1,0.0
Arts and Humanities in Higher Education,1,0.0
Molecular Plant Pathology,1,0.0
New Journal of Physics,1,0.0
Journal of Food Engineering,1,0.0
Contemporary Women s Writing,1,0.0
International Journal of Clinical Pharmacy,1,0.0
Tissue Engineering Part B Reviews,1,0.0
Brazilian Journal of Physical Therapy,1,0.0
Handbook of macroeconomics,1,0.0
Climacteric,1,0.0
Journal of Health Economics,1,0.0
Journal of Computational and Graphical Statistics,1,0.0
Educational Administration Quarterly,1,0.0
Expert Opinion on Drug Safety,1,0.0
European Journal of Wood and Wood Products,1,0.0
European Journal of Histochemistry,1,0.0
Trends in Parasitology,1,0.0
Cancer Chemotherapy and Pharmacology,1,0.0
NursingPlus Open,1,0.0
Ecological Applications,1,0.0
Evolutionary Applications,1,0.0
Current Opinion in Endocrinology Diabetes and Obesity,1,0.0
IEEE Journal of Solid-State Circuits,1,0.0
Journalism Studies,1,0.0
Journal of Basic and Clinical Pharmacy,1,0.0
Journal of Computer-Aided Molecular Design,1,0.0
European Journal of Applied Physiology,1,0.0
Molecular Medicine Reports,1,0.0
Bone,1,0.0
Microbial Physiology,1,0.0
European Journal of Soil Biology,1,0.0
Journal of Mathematical Sociology,1,0.0
Soft Robotics,1,0.0
HERD Health Environments Research & Design Journal,1,0.0
Modelling and Simulation in Materials Science and Engineering,1,0.0
Journal of Molecular Modeling,1,0.0
Biomedical Reports,1,0.0
WIREs Systems Biology and Medicine,1,0.0
Journal of Innate Immunity,1,0.0
Library Review,1,0.0
Public Opinion Quarterly,1,0.0
Journal of Historical Sociology,1,0.0
Molecular Biology of the Cell,1,0.0
American Journal Of Pathology,1,0.0
Annals of Anatomy - Anatomischer Anzeiger,1,0.0
Sustainable Water Resources Management,1,0.0
Academy of Management Learning and Education,1,0.0
Development Genes and Evolution,1,0.0
Psychology of Addictive Behaviors,1,0.0
Epidemiology and Psychiatric Sciences,1,0.0
The Antioch Review,1,0.0
Evolutionary Computation,1,0.0
Acta Crystallographica Section B Structural Science Crystal Engineering and Materials,1,0.0
Medical Epigenetics,1,0.0
Acta Physiologiae Plantarum,1,0.0
Journal of Counseling Psychology,1,0.0
RNA,1,0.0
Journal of Family Psychology,1,0.0
The Journal of Technology Transfer,1,0.0
Journal of Chiropractic Medicine,1,0.0
International Journal of Sustainable Built Environment,1,0.0
Inflammatory Intestinal Diseases,1,0.0
BMC Family Practice,1,0.0
Current Topics in Medicinal Chemistry,1,0.0
CONTINUUM Lifelong Learning in Neurology,1,0.0
Information Security Journal A Global Perspective,1,0.0
Perspectives in Public Health,1,0.0
Clinical & Translational Immunology,1,0.0
Molecular Therapy — Oncolytics,1,0.0
The Open AIDS Journal,1,0.0
International Environmental Agreements Politics Law and Economics,1,0.0
Neuroinformatics,1,0.0
Acta Crystallographica Section A Foundations and Advances,1,0.0
Geostandards and Geoanalytical Research,1,0.0
Geochemistry,1,0.0
Feminist Media Studies,1,0.0
Expert Opinion on Drug Delivery,1,0.0
DNA repair,1,0.0
Analytic Methods in Accident Research,1,0.0
Field Methods,1,0.0
วารสารศิลปากรศึกษาศาสตร์วิจัย (Silpakorn Educational Research Journal),1,0.0
Leisure Sciences,1,0.0
Health Professions Education,1,0.0
Epidemiology Open Access,1,0.0
Brain and Behavior,1,0.0
Journal of Cancer Stem Cell Research,1,0.0
Teaching of Psychology,1,0.0
Asian Pacific Journal of Cancer Prevention,1,0.0
Indian Journal of Dermatology,1,0.0
Progress in Human Geography,1,0.0
ChemMedChem,1,0.0
Proceedings of the Royal Society A Mathematical Physical and Engineering Sciences,1,0.0
Maternal and Child Nutrition,1,0.0
Current Molecular Medicine,1,0.0
Cardiovascular journal of South Africa/Cardiovascular journal of Southern Africa,1,0.0
Journal of Safety Research,1,0.0
The Journal of Comparative Neurology,1,0.0
EURASIP Journal on Advances in Signal Processing,1,0.0
Yearbook of Medical Informatics,1,0.0
Nicotine & Tobacco Research,1,0.0
Sustainable Chemical Processes,1,0.0
Indian Journal of Endocrinology and Metabolism,1,0.0
Theoretical and Applied Climatology,1,0.0
Journal of the Optical Society of America A,1,0.0
Calphad,1,0.0
Journal of Cognitive Neuroscience,1,0.0
Journal of Molecular and Cellular Cardiology,1,0.0
Journal of Molecular Medicine,1,0.0
Organic & Biomolecular Chemistry,1,0.0
Brain stimulation,1,0.0
Journal of Traditional and Complementary Medicine,1,0.0
Pulse,1,0.0
Journal of the Atmospheric Sciences,1,0.0
Neurochemistry International,1,0.0
Journal of Metamorphic Geology,1,0.0
Cell and Tissue Research,1,0.0
Applications in Plant Sciences,1,0.0
Housing Studies,1,0.0
Clinical Medicine Insights Pediatrics,1,0.0
Production & Manufacturing Research,1,0.0
Translational Lung Cancer Research,1,0.0
Organometallics,1,0.0
Interventional Neurology,1,0.0
Developmental Review,1,0.0
International Reviews in Physical Chemistry,1,0.0
IEICE Transactions on Information and Systems,1,0.0
Psychological Review,1,0.0
physica status solidi (RRL) - Rapid Research Letters,1,0.0
Urban Geography,1,0.0
Ear and Hearing,1,0.0
IOS Press eBooks,1,0.0
World Journal of Virology,1,0.0
Endeavour,1,0.0
Canadian Journal of Remote Sensing,1,0.0
Procedia Environmental Sciences,1,0.0
Water Science & Technology,1,0.0
Natural Gas Industry B,1,0.0
Plasma Sources Science and Technology,1,0.0
Revista Mexicana de Biodiversidad,1,0.0
Improving Schools,1,0.0
Qualitative Inquiry,1,0.0
Statisctics and computing/Statistics and computing,1,0.0
Klassiker der Sozialwissenschaften,1,0.0
CFA Digest,1,0.0
Transactions of the Royal Society of Tropical Medicine and Hygiene,1,0.0
"Proceedings of SPIE, the International Society for Optical Engineering/Proceedings of SPIE",1,0.0
IEEE Transactions on Network and Service Management,1,0.0
Archives of Clinical Neuropsychology,1,0.0
Journal of Information Technology Education Research,1,0.0
"Future of food: journal on food, agriculture and society",1,0.0
Celebrity Studies,1,0.0
Parkinsonism & Related Disorders,1,0.0
Emotion Review,1,0.0
The Neuroscientist,1,0.0
Media International Australia,1,0.0
西南交通大学学报：英文版,1,0.0
Healthcare Informatics Research,1,0.0
Industry and Innovation,1,0.0
Journal of Environmental Science and Health Part C,1,0.0
Journal of Toxicology and Environmental Health Part B,1,0.0
International Journal of Noncommunicable Diseases,1,0.0
Journal of the American Society for Mass Spectrometry,1,0.0
Applied Vegetation Science,1,0.0
Journal of Industrial Engineering and Management,1,0.0
Qualitative Market Research An International Journal,1,0.0
Journal of Ethnobiology and Ethnomedicine,1,0.0
Design Studies,1,0.0
Food Reviews International,1,0.0
Clinical journal of oncology nursing,1,0.0
African Journal of Agricultural Research,1,0.0
Journal of Wound Ostomy and Continence Nursing,1,0.0
IEEE Consumer Electronics Magazine,1,0.0
Analytical and Bioanalytical Chemistry,1,0.0
Research in Nursing & Health,1,0.0
Human Resource Management,1,0.0
Journal of Hepatocellular Carcinoma,1,0.0
PHM Society European Conference,1,0.0
Administrative Science Quarterly,1,0.0
Mycologia,1,0.0
Journal of the Science of Food and Agriculture,1,0.0
Breast Cancer Research and Treatment,1,0.0
The Quantitative Methods for Psychology,1,0.0
Journal of Chromatographic Science,1,0.0
Pilot and Feasibility Studies,1,0.0
Human Resource Development Review,1,0.0
Chemical Engineering & Technology,1,0.0
Reproductive Toxicology,1,0.0
Journal of Pharmacology and Experimental Therapeutics,1,0.0
Behavior Modification,1,0.0
Biological Procedures Online,1,0.0
CBE—Life Sciences Education,1,0.0
Neurological Research,1,0.0
Anais Brasileiros de Dermatologia,1,0.0
Epidemiology and Health,1,0.0
Mycotoxin Research,1,0.0
First Monday,1,0.0
Ecological Processes,1,0.0
Journal of Systematics and Evolution,1,0.0
IEEE Transactions on Industry Applications,1,0.0
Pharmacognosy Reviews/Bioinformatics Trends/Pharmacognosy review,1,0.0
International Journal of Research in Engineering and Technology,1,0.0
International Journal of Electrochemical Science,1,0.0
Journal of Education and Learning,1,0.0
ADHD Attention Deficit and Hyperactivity Disorders,1,0.0
International Journal of Wellbeing,1,0.0
Journal of Applied Phycology,1,0.0
Physiological Measurement,1,0.0
Journal of Geochemical Exploration,1,0.0
Investigational New Drugs,1,0.0
Dysphagia,1,0.0
Molecular and Biochemical Parasitology,1,0.0
European Journal of Rheumatology,1,0.0
Social Psychiatry and Psychiatric Epidemiology,1,0.0
Breast Care,1,0.0
Advances in Physics X,1,0.0
Bristol Research (University of Bristol),1,0.0
IEEE Transactions on Computational Imaging,1,0.0
Asian Journal of Surgery,1,0.0
Limnology and Oceanography,1,0.0
Journal of Nutritional Science,1,0.0
European Surgical Research,1,0.0
Philosophy study,1,0.0
Human Factors The Journal of the Human Factors and Ergonomics Society,1,0.0
Graduate Faculty Philosophy Journal,1,0.0
Journal of Self-Governance and Management Economics,1,0.0
Brain Plasticity,1,0.0
The Open Repository - Binghamton (Binghamton University),1,0.0
International Journal of Emotional Education,1,0.0
TU/e Research Portal,1,0.0
IOS Press BV eBooks,1,0.0
The Academy of Management,1,0.0
SpringerBriefs in intelligent systems,1,0.0
She ji,1,0.0
Modern Language Journal,1,0.0
IMF Working Paper,1,0.0
ORCA Online Research @Cardiff (Cardiff University),1,0.0
Dunod eBooks,1,0.0
Universitas Terbuka eBooks,1,0.0
Dipòsit Digital de la Universitat de Barcelona (Universitat de Barcelona),1,0.0
Lecture notes in physics,1,0.0
Lanzhou University Institutional Repository,1,0.0
California Law Review,1,0.0
Journal of money credit and banking,1,0.0
International Journal of Scientific and Engineering Research,1,0.0
Pediatric Care Online,1,0.0
Esophagus,1,0.0
Peace psychology book series,1,0.0
Ubiquity Press eBooks,1,0.0
Revista Acadêmica Licencia&acturas,1,0.0
Gaming Law Review and Economics,1,0.0
Natural Language Engineering,1,0.0
"The minerals, metals & materials series",1,0.0
Clean Air Journal,1,0.0
University of Pennsylvania Press eBooks,1,0.0
ljournal eBooks,1,0.0
ILAR Journal,1,0.0
The AAG Review of Books,1,0.0
Apollo (University of Cambridge),1,0.0
Verlag Barbara Budrich eBooks,1,0.0
Quodlibet eBooks,1,0.0
Statistical Science,1,0.0
Advances in consciousness research,1,0.0
Astronomy and astrophysics library,1,0.0
McGill-Queen's University Press eBooks,1,0.0
International Organization,1,0.0
Institute for Social Research eBooks,1,0.0
Journal of Japan Society for Fuzzy Theory and Intelligent Informatics,1,0.0
Journal of Applied Remote Sensing,1,0.0
Journal of Memory and Language,1,0.0
Journal of Intelligent Transportation Systems,1,0.0
Health Economics,1,0.0
Software Practice and Experience,1,0.0
Finance and Society,1,0.0
Internet of things,1,0.0
Extreme Mechanics Letters,1,0.0
Amyotrophic Lateral Sclerosis and Frontotemporal Degeneration,1,0.0
Authorship,1,0.0
Gastroenterology Clinics of North America,1,0.0
Graphene,1,0.0
Stereotactic and Functional Neurosurgery,1,0.0
Advances in Parasitology/Advances in parasitology,1,0.0
IET Intelligent Transport Systems,1,0.0
SIAM Journal on Imaging Sciences,1,0.0
Advances in Space Research,1,0.0
Journal of Investigative Dermatology,1,0.0
Journal of Movement Disorders,1,0.0
Journal of Management & Organization,1,0.0
Socio-Economic Planning Sciences,1,0.0
Journal of Electrical and Computer Engineering,1,0.0
Brain Behavior and Evolution,1,0.0
Journal of Applied Psychology,1,0.0
Journal of Stroke,1,0.0
Electronic Imaging,1,0.0
Journal of Neural Transmission,1,0.0
International Journal of Automation Technology,1,0.0
Basic and Applied Social Psychology,1,0.0
Connective Tissue Research,1,0.0
Cardiovascular Drugs and Therapy,1,0.0
Applied Health Economics and Health Policy,1,0.0
Anwer Khan Modern Medical College Journal,1,0.0
Journal of Global Responsibility,1,0.0
Space Weather,1,0.0
Neuroscience Bulletin,1,0.0
Brain Connectivity,1,0.0
Healthcare Management Forum,1,0.0
Climate Risk Management,1,0.0
Journal of Business Economics,1,0.0
Journal of Research in Personality,1,0.0
Taxon,1,0.0
Journal of the Association of Environmental and Resource Economists,1,0.0
Global Finance Journal,1,0.0
European Journal of Organic Chemistry,1,0.0
Meteorological Monographs,1,0.0
IEEE Transactions on Green Communications and Networking,1,0.0
Cancer Biology and Medicine,1,0.0
Business Economics,1,0.0
Molecular Autism,1,0.0
The Journal of Peasant Studies,1,0.0
American Journal of Medical Genetics Part C Seminars in Medical Genetics,1,0.0
Transfer European Review of Labour and Research,1,0.0
BioControl,1,0.0
International Journal of Tryptophan Research,1,0.0
English Language Notes,1,0.0
Journal of Systems Engineering and Electronics,1,0.0
Lund University Publications (Lund University),1,0.0
Chemotherapy,1,0.0
Physiology & Behavior,1,0.0
Journal of Data and Information Science,1,0.0
Progress in molecular biology and translational science,1,0.0
Asia Pacific Journal of Human Resources,1,0.0
Health Services Insights,1,0.0
Annals of Cardiothoracic Surgery,1,0.0
International Review of Social Psychology,1,0.0
Biochimica et Biophysica Acta (BBA) - Biomembranes,1,0.0
Acta Histochemica,1,0.0
Stem Cells,1,0.0
Resource-Efficient Technologies,1,0.0
Synthesis lectures on human language technologies,1,0.0
Journal of Management Inquiry,1,0.0
Chronic Stress,1,0.0
Small Methods,1,0.0
International Journal of Morphology,1,0.0
Journal of Research in Innovative Teaching & Learning,1,0.0
Chinese Journal of Mechanical Engineering,1,0.0
SLAS DISCOVERY,1,0.0
Lecture notes in computational vision and biomechanics,1,0.0
Stem Cells Translational Medicine,1,0.0
Planta,1,0.0
SIAM Journal on Numerical Analysis,1,0.0
Publications of the Astronomical Society of Japan,1,0.0
Developmental Psychology,1,0.0
International Journal of Geosciences,1,0.0
Monographs of the Society for Research in Child Development,1,0.0
AI Communications,1,0.0
International Journal of Economics & Management Sciences,1,0.0
Harvard Review of Psychiatry,1,0.0
Procedia Engineering,1,0.0
IEEE Transactions on Haptics,1,0.0
Men and Masculinities,1,0.0
Environmental and Molecular Mutagenesis,1,0.0
Case Reports in Nephrology and Dialysis,1,0.0
Journal of Solid State Electrochemistry,1,0.0
Jurnal Sosioteknologi,1,0.0
AIMS Biophysics,1,0.0
International Joint Conference on Artificial Intelligence,1,0.0
Springer proceedings in advanced robotics,1,0.0
Nature and Science of Sleep,1,0.0
International Review of Sport and Exercise Psychology,1,0.0
Computational and Mathematical Methods in Medicine,1,0.0
Molecular Genetics and Metabolism,1,0.0
Journal of Experimental Child Psychology,1,0.0
Psychology and Health,1,0.0
Spectrochimica Acta Part A Molecular and Biomolecular Spectroscopy,1,0.0
Organizational Dynamics,1,0.0
Biochimica et Biophysica Acta (BBA) - General Subjects,1,0.0
International journal of network security,1,0.0
Dimensions of Critical Care Nursing,1,0.0
Journal of Information Systems,1,0.0
University of Michigan Press eBooks,1,0.0
Public Voices,1,0.0
Journal of Information Systems and Technology Management,1,0.0
Physiology,1,0.0
Molecular Physics,1,0.0
Journal of American History,1,0.0
Expert Review of Gastroenterology & Hepatology,1,0.0
Therapeutic Advances in Cardiovascular Disease,1,0.0
Revista Brasileira de Ciências Sociais,1,0.0
Nurse Education Today,1,0.0
Nutrition Research Reviews,1,0.0
Journal of Ethnic and Migration Studies,1,0.0
Journal of Supply Chain Management,1,0.0
Applied Soil Ecology,1,0.0
KZfSS Kölner Zeitschrift für Soziologie und Sozialpsychologie,1,0.0
Higher Education Research & Development,1,0.0
Journal of Management Sciences,1,0.0
Mass Spectrometry Reviews,1,0.0
Radiological Physics and Technology,1,0.0
Urban Planning,1,0.0
Multicultural Education Review,1,0.0
Journal of Destination Marketing & Management,1,0.0
Current Opinion in Cardiology,1,0.0
Journal of Computational Biology,1,0.0
Information Systems and e-Business Management,1,0.0
International Journal of Geriatric Psychiatry,1,0.0
Lung Cancer,1,0.0
International Journal of Interactive Mobile Technologies (iJIM),1,0.0
Proceedings of the Japan Academy Series B,1,0.0
Asia Pacific Business Review,1,0.0
European Journal of Psychotraumatology,1,0.0
ACM Transactions on Database Systems,1,0.0
The Forum,1,0.0
World Journal of Gastrointestinal Pharmacology and Therapeutics,1,0.0
Revue d Épidémiologie et de Santé Publique,1,0.0
IEEE Communications Standards Magazine,1,0.0
Journal of Plant Nutrition and Soil Science,1,0.0
Biometrics & Biostatistics International Journal,1,0.0
Lara D. Veeken,1,0.0
Advances in Anatomic Pathology,1,0.0
Communication Monographs,1,0.0
Surgical Infections,1,0.0
Journal of International Social Research,1,0.0
Biomedicine Hub,1,0.0
Food & Nutrition Research,1,0.0
Annals of the American Association of Geographers,1,0.0
Temática,1,0.0
Computer Science - Research and Development,1,0.0
African Journal of Emergency Medicine,1,0.0
Neuropathology and Applied Neurobiology,1,0.0
European Journal Of Oral Sciences,1,0.0
Digital Biomarkers,1,0.0
Journal of Planning Education and Research,1,0.0
Environmental Education Research,1,0.0
International journal of applied research,1,0.0
Friction,1,0.0
International Journal of Higher Education,1,0.0
Soil Science Society of America Journal,1,0.0
Digital Journalism,1,0.0
NeuroImage Clinical,1,0.0
New Technology Work and Employment,1,0.0
Qualitative Research in Organizations and Management An International Journal,1,0.0
Tissue Barriers,1,0.0
Pharmacopsychiatry,1,0.0
Marketing ZFP,1,0.0
Language in Society,1,0.0
Current Atherosclerosis Reports,1,0.0
Journal of Anaesthesiology Clinical Pharmacology,1,0.0
Lasers in Medical Science,1,0.0
World Journal of Meta-Analysis,1,0.0
International Journal of Computer Trends and Technology,1,0.0
Journal of Communication,1,0.0
European Journal of Midwifery,1,0.0
Journal of Applied Research in Memory and Cognition,1,0.0
Journal of science and medicine in sport,1,0.0
Orphanet Journal of Rare Diseases,1,0.0
Nursing Standard,1,0.0
Digital Communications and Networks,1,0.0
Progress in Neurobiology,1,0.0
Western Journal of Emergency Medicine,1,0.0
Publications of the Astronomical Society of Australia,1,0.0
Brookings Papers on Economic Activity,1,0.0
The Information Society,1,0.0
Universitas Terbuka Repository (Universitas Terbuka),1,0.0
Annals of the ICRP,1,0.0
Applied Linguistics,1,0.0
Genetic Programming and Evolvable Machines,1,0.0
Lecture notes in geoinformation and cartography,1,0.0
AISHE-J,1,0.0
Journal of Biomaterials Science Polymer Edition,1,0.0
Animal Behaviour,1,0.0
Journal of Teaching and Learning,1,0.0
Psychopharmacology,1,0.0
Current Opinion in Toxicology,1,0.0
Outlooks on Pest Management,1,0.0
British Journal of Sociology,1,0.0
Alexandria Journal of Medicine,1,0.0
Biometrics,1,0.0
Performance Improvement Journal,1,0.0
International Journal of Information and Learning Technology,1,0.0
Neuromuscular Disorders,1,0.0
Foundations and Trends® in Signal Processing,1,0.0
Research and Practice in Technology Enhanced Learning,1,0.0
Surgical Neurology International,1,0.0
Current Opinion in Rheumatology,1,0.0
BMC Oral Health,1,0.0
Cambridge Journal of Regions Economy and Society,1,0.0
Studia Phaenomenologica,1,0.0
Language Teaching,1,0.0
JAMA Otolaryngology–Head & Neck Surgery,1,0.0
Cognitive Behaviour Therapy,1,0.0
Bosnian Journal of Basic Medical Sciences,1,0.0
VNU Journal of Foreign Studies,1,0.0
Annals of Spiru Haret University Economic Series,1,0.0
Future Computing and Informatics Journal,1,0.0
Electronic Sumy State University Institutional Repository (Sumy State University),1,0.0
Journal of International Financial Markets Institutions and Money,1,0.0
Psicothema,1,0.0
Computing in cardiology,1,0.0
Strides in development of medical education,1,0.0
OAPEN (The OAPEN Foundation),1,0.0
Guilford Press eBooks,1,0.0
FITRAH Jurnal Kajian Ilmu-ilmu Keislaman,1,0.0
Inspiratif Pendidikan,1,0.0
Anarchist studies,1,0.0
Biostatistics & Epidemiology,1,0.0
Al-Falah Jurnal Ilmiah Keislaman dan Kemasyarakatan,1,0.0
Universidade Federal de São Paulo eBooks,1,0.0
American Society of Civil Engineers eBooks,1,0.0
Communication Theory,1,0.0
Theory and practice of urban sustainability transitions,1,0.0
Alceu,1,0.0
Institutional Repositories DataBase (IRDB),1,0.0
Nottingham ePrints (University of Nottingham),1,0.0
Revista de Sociología,1,0.0
International Data Privacy Law,1,0.0
American Journal of Agricultural Economics,1,0.0
RCIN (Digital Repository of the Scientifics Institutes) (Institute of Archaeology and Ethnology of the Polish Academy of Sciences),1,0.0
American Counseling Association eBooks,1,0.0
Journal of Insurance Medicine,1,0.0
Revista Española de Pedagogía,1,0.0
Edagricole eBooks,1,0.0
"Pioneers in arts, humanities, science, engineering, practice",1,0.0
University Press of Mississippi eBooks,1,0.0
Developments in psychiatry,1,0.0
Malay Literature,1,0.0
University of Iowa Press eBooks,1,0.0
Advanced studies in pure mathematics,1,0.0
INTERNATIONAL JOURNAL OF RESEARCH AND ENGINEERING,1,0.0
Dialnet (Universidad de la Rioja),1,0.0
Journal of International Business Policy,1,0.0
Journal of Herbmed Pharmacology,1,0.0
Cancer Genomics & Proteomics,1,0.0
Groundwater for Sustainable Development,1,0.0
Biometrical Journal,1,0.0
FEBS Letters,1,0.0
Molecular Pharmacology,1,0.0
Journal of Nuclear Materials,1,0.0
Annals of the American Thoracic Society,1,0.0
Applied Ergonomics,1,0.0
Geography Compass,1,0.0
Clinical and Translational Radiation Oncology,1,0.0
GeoJournal,1,0.0
Chromosoma,1,0.0
Social Indicators Research,1,0.0
Frontiers of Mechanical Engineering,1,0.0
International Journal of Health Policy and Management,1,0.0
Advances in Urology,1,0.0
Human Gene Therapy,1,0.0
Surgical Endoscopy,1,0.0
Digestive and Liver Disease,1,0.0
Experimental Biology and Medicine,1,0.0
Mechatronics,1,0.0
British Journal of Social Psychology,1,0.0
Journal on Computing and Cultural Heritage,1,0.0
Clinical Biochemistry,1,0.0
Pain Research and Management,1,0.0
Frontiers in Neuroendocrinology,1,0.0
Prostaglandins Leukotrienes and Essential Fatty Acids,1,0.0
European Journal of Clinical Investigation,1,0.0
Stem Cells International,1,0.0
Bipolar Disorders,1,0.0
Career Development International,1,0.0
Psychiatry Investigation,1,0.0
Networks,1,0.0
Cancer Management and Research,1,0.0
American Journal of Botany,1,0.0
Online Learning,1,0.0
Food Technology and Biotechnology,1,0.0
Social Behavior and Personality An International Journal,1,0.0
Current Hypertension Reports,1,0.0
ACS Earth and Space Chemistry,1,0.0
International Journal of Financial Research,1,0.0
Clinical Obstetrics & Gynecology,1,0.0
Research on Language and Social Interaction,1,0.0
Journal of Evaluation in Clinical Practice,1,0.0
International Journal of Methods in Psychiatric Research,1,0.0
Journal of Family Theory & Review,1,0.0
Geophysical Journal International,1,0.0
Educational Philosophy and Theory,1,0.0
IEEE Cloud Computing,1,0.0
Environmental Evidence,1,0.0
Chemical Engineering and Processing - Process Intensification,1,0.0
European Journal of Communication,1,0.0
Journal of Economic Geography,1,0.0
Lantanida Journal,1,0.0
European Journal of Women s Studies,1,0.0
Journal of Surgical Research,1,0.0
Epilepsia Open,1,0.0
Journal of Applied and Advanced Research,1,0.0
Journal of Economic Development Environment and People,1,0.0
Journal of neurosurgery,1,0.0
Free Radical Research,1,0.0
Thermal Science and Engineering Progress,1,0.0
Theory Culture & Society,1,0.0
Metabolomics,1,0.0
Canadian Studies in Population,1,0.0
Seminars in Neurology,1,0.0
Psychotherapy,1,0.0
Carbon Resources Conversion,1,0.0
Journal of International Marketing,1,0.0
Journal of Mathematical Psychology,1,0.0
Hernia,1,0.0
Oceanography,1,0.0
Boletim Técnico do Senac,1,0.0
International Journal of Mental Health Systems,1,0.0
Composites Communications,1,0.0
Journal of Family Diversity in Education,1,0.0
Revista Espaço Pedagógico,1,0.0
Journal of Biomolecular Techniques JBT,1,0.0
International Journal of Radiation Oncology*Biology*Physics,1,0.0
Environment and Planning E Nature and Space,1,0.0
Journal of materials research/Pratt's guide to venture capital sources,1,0.0
Zagreb international review of economics and business/Zagreb international review of economics & business,1,0.0
Drugs in Context,1,0.0
American Journal of Analytical Chemistry,1,0.0
Management of Environmental Quality An International Journal,1,0.0
Frontiers in Behavioral Neuroscience,1,0.0
Nutrition & Metabolism,1,0.0
One Ecosystem,1,0.0
Environment and Planning A Economy and Space,1,0.0
Studies in Mycology,1,0.0
Research in Pharmaceutical Sciences,1,0.0
American Journal of Speech-Language Pathology,1,0.0
InTech eBooks,1,0.0
European Spine Journal,1,0.0
Bioinorganic Chemistry and Applications,1,0.0
Forensische Psychiatrie Psychologie Kriminologie,1,0.0
Data,1,0.0
Neuroscience Letters,1,0.0
International Conference on Computational Linguistics,1,0.0
Ocean Modelling,1,0.0
Comparative Political Studies,1,0.0
International Journal of Computer Applications,1,0.0
Journal of Dentistry,1,0.0
Expert Review of Respiratory Medicine,1,0.0
Current Opinion in Electrochemistry,1,0.0
Clinical Endocrinology,1,0.0
International Journal of Public Administration,1,0.0
Contemporary Clinical Trials Communications,1,0.0
EcoSal Plus,1,0.0
Jahrbücher für Nationalökonomie und Statistik,1,0.0
International Journal of Environmental Studies,1,0.0
Pediatric Nephrology,1,0.0
IEEE Multimedia,1,0.0
Tectonophysics,1,0.0
Journal of Solution Chemistry,1,0.0
Immune Network,1,0.0
Psychology,1,0.0
Journal of Clinical Psychopharmacology,1,0.0
Traffic,1,0.0
Applied Computing and Informatics,1,0.0
Television & New Media,1,0.0
Amino Acids,1,0.0
Psychology and Aging,1,0.0
Episteme,1,0.0
Environment and Society,1,0.0
Journal of Palliative Medicine,1,0.0
Manufacturing Letters,1,0.0
Psychology of sport and exercise,1,0.0
Journal of Eukaryotic Microbiology,1,0.0
Canadian Journal of Microbiology,1,0.0
Eos,1,0.0
International Journal of Care and Caring,1,0.0
Journal of Toxicology,1,0.0
International Journal of Biosensors & Bioelectronics,1,0.0
Environmental Progress & Sustainable Energy,1,0.0
International Journal of Heat and Mass Transfer,1,0.0
Perspectives in Ecology and Conservation,1,0.0
Journal of Atmospheric and Oceanic Technology,1,0.0
Industrial and Corporate Change,1,0.0
Aquaculture,1,0.0
Journal of Analysis and Testing,1,0.0
Journal of korean Academy of Child and Adolescent Psychiatry,1,0.0
Astronomy and Computing,1,0.0
NYU Press eBooks,1,0.0
Psychiatric Services,1,0.0
Journal of Social and Clinical Psychology,1,0.0
Climatic Change,1,0.0
Proceedings of the Combustion Institute,1,0.0
Forerunners,1,0.0
Zeitschrift für Medizinische Physik,1,0.0
Management Decision,1,0.0
Journal of Composite Materials,1,0.0
Education for Information,1,0.0
African Entomology,1,0.0
Journal of Health and Social Behavior,1,0.0
Stroke Research and Treatment,1,0.0
Journal of Intelligent & Fuzzy Systems,1,0.0
Translational Issues in Psychological Science,1,0.0
Urdimento,1,0.0
Journal of Computational Science,1,0.0
International Journal of Oncology,1,0.0
International Journal of Refractory Metals and Hard Materials,1,0.0
JAAOS Global Research and Reviews,1,0.0
RWTH Publications (RWTH Aachen),1,0.0
Regnum vegetabile,1,0.0
Journal of Medical Regulation,1,0.0
Middlesex University Research Repository (Middlesex University Of London),1,0.0
Advances in higher education and professional development book series,1,0.0
Scoliosis and Spinal Disorders,1,0.0
Pearson Education eBooks,1,0.0
UvA-DARE (University of Amsterdam),1,0.0
MISYKAT Jurnal Ilmu-ilmu Al-Quran Hadist Syari ah dan Tarbiyah,1,0.0
International Journal of Innovation Science,1,0.0
Warwick Research Archive Portal (University of Warwick),1,0.0
Jurnal Komunikasi Pendidikan,1,0.0
Ethiopian Journal of Health Development,1,0.0
The Journal of Gene Medicine,1,0.0
Kent Academic Repository (University of Kent),1,0.0
Astrophysics Source Code Library,1,0.0
วารสารวิธีวิทยาการวิจัย (Journal of Research Methodology: JRM),1,0.0
Cambridge University Engineering Department Publications Database,1,0.0
Digital Scholarship - UNLV (University of Nevada Reno),1,0.0
Zaguan (Universidad de Zaragoza),1,0.0
Cognition,1,0.0
Behavioural Public Policy,1,0.0
Laser Physics,1,0.0
Education Economics,1,0.0
Journal of the American Society of Hypertension,1,0.0
Kardiologia Polska,1,0.0
Aarhus University Press eBooks,1,0.0
Canadian Journal of Diabetes,1,0.0
Collected Fictions,1,0.0
JIBS special collections,1,0.0
Allergy Asthma and Clinical Immunology,1,0.0
Век информации (сетевое издание),1,0.0
Anyanyelv-pedagógia,1,0.0
World Literature Today,1,0.0
ePrints Soton (University of Southampton),1,0.0
Computação Brasil.,1,0.0
South African Journal of Enology and Viticulture,1,0.0
Schriften zum Kultur- und Museumsmanagement,1,0.0
World Scientific Studies in International Economics,1,0.0
Russell Sage Foundation eBooks,1,0.0
STOMATOLOGY EDU JOURNAL,1,0.0
Animal welfare,1,0.0
The Open Journal of Astrophysics,1,0.0
Veterinary Clinics of North America Food Animal Practice,1,0.0
Vibrational Spectroscopy,1,0.0
Studies in fuzziness and soft computing,1,0.0
Catholic University of America Press eBooks,1,0.0
ICME-13 monographs,1,0.0
Revista Logos Ciencia & Tecnología,1,0.0
Statistics for biology and health,1,0.0
Frontiers in Big Data,1,0.0
Series in machine perception and artificial intelligence,1,0.0
The Review of International Organizations,1,0.0
Current Anthropology,1,0.0
Information & Communications Technology Law,1,0.0
Race & Class,1,0.0
Computational Astrophysics and Cosmology,1,0.0
The European Physical Journal Special Topics,1,0.0
Journal of Neurogastroenterology and Motility,1,0.0
Diabetes Technology & Therapeutics,1,0.0
University of Twente Research Information,1,0.0
International Journal of Public Health,1,0.0
Signal Processing,1,0.0
BuR - Business Research,1,0.0
Tourism Economics,1,0.0
Geophysics,1,0.0
Sociological Science,1,0.0
Pharmacotherapy The Journal of Human Pharmacology and Drug Therapy,1,0.0
Drug Discovery Today Technologies,1,0.0
Global Biogeochemical Cycles,1,0.0
Journal of the National Medical Association,1,0.0
Diversity and Distributions,1,0.0
Global Ecology and Conservation,1,0.0
Applied Physics Express,1,0.0
Food & Function,1,0.0
ALHADHARAH JURNAL ILMU DAKWAH,1,0.0
International Journal of Drug Policy,1,0.0
Advances in motivation science,1,0.0
Applied Developmental Science,1,0.0
Advances in protein chemistry and structural biology,1,0.0
The Hastings Center Report,1,0.0
ACS Applied Polymer Materials,1,0.0
Advances in Mechanical Engineering,1,0.0
Qualitative Sociology,1,0.0
Minimally Invasive Therapy & Allied Technologies,1,0.0
Journal of Physics Materials,1,0.0
Policy Design and Practice,1,0.0
Journal of Nanomaterials,1,0.0
Science Signaling,1,0.0
International Journal of Radiation Biology,1,0.0
Clinical Transplantation,1,0.0
Democratization,1,0.0
Current Cardiology Reports,1,0.0
Chinese Semiotic Studies,1,0.0
Fortschritte der Physik,1,0.0
Wiley Interdisciplinary Reviews Computational Statistics,1,0.0
Seminars in Oncology Nursing,1,0.0
Soil and Sediment Contamination An International Journal,1,0.0
Journal of Inorganic Biochemistry,1,0.0
Marketing Intelligence & Planning,1,0.0
Journal of medical imaging,1,0.0
Progress in Particle and Nuclear Physics,1,0.0
International Migration Review,1,0.0
Oxford Bulletin of Economics and Statistics,1,0.0
School Leadership and Management,1,0.0
Cell Biology International,1,0.0
New Political Economy,1,0.0
Breast Cancer Targets and Therapy,1,0.0
The Journal of Rheumatology,1,0.0
Cancer Drug Resistance,1,0.0
International Journal of Advanced Robotic Systems,1,0.0
Nursing Open,1,0.0
Journal of Cardiovascular Development and Disease,1,0.0
Journal of Toxicology and Risk Assessment,1,0.0
Journal of Cryptology,1,0.0
Therapeutic Drug Monitoring,1,0.0
Journal of Cancer Research and Therapeutics,1,0.0
Journal of Happiness Studies,1,0.0
Journal of Pharmacy and Pharmacology,1,0.0
International Journal of Women s Health,1,0.0
Women s Health,1,0.0
Therapeutic Advances in Urology,1,0.0
Journal of Obstetrics and Gynaecology,1,0.0
European Cardiology Review,1,0.0
Journal for the Measurement of Physical Behaviour,1,0.0
Journal of Travel & Tourism Marketing,1,0.0
International Journal of Paediatric Dentistry,1,0.0
Molecular Systems Design & Engineering,1,0.0
Advanced Quantum Technologies,1,0.0
Catheterization and Cardiovascular Interventions,1,0.0
American Journal of Science,1,0.0
Microscopy and Microanalysis,1,0.0
Journal of College and Character,1,0.0
SciPost Physics,1,0.0
European Review of Agricultural Economics,1,0.0
International Journal of Inflammation,1,0.0
European Research on Management and Business Economics,1,0.0
Biofuel Research Journal,1,0.0
Materials Science for Energy Technologies,1,0.0
Journal of Choice Modelling,1,0.0
International Journal of Agronomy,1,0.0
J — Multidisciplinary Scientific Journal,1,0.0
International journal of education and development using information and communication technology,1,0.0
GEOgraphia,1,0.0
SGEM International Multidisciplinary Scientific Conferences on Social Sciences and Arts,1,0.0
Infectious Disease Clinics of North America,1,0.0
Chinese Physics Letters,1,0.0
Acta Numerica,1,0.0
Journal of Oral and Maxillofacial Pathology,1,0.0
Temperature,1,0.0
Indonesian Journal of Science and Technology,1,0.0
Annals of Intensive Care,1,0.0
Environmental Sustainability,1,0.0
The Journal of Portfolio Management,1,0.0
Education in Medicine Journal,1,0.0
International management review,1,0.0
International Journal of Advertising,1,0.0
Journal Of Administration and Educational Management (ALIGNMENT),1,0.0
Toxins,1,0.0
Journal of Cultural Economy,1,0.0
Journal of Purchasing and Supply Management,1,0.0
Radiotherapy and Oncology,1,0.0
Fundamental and Applied Climatology,1,0.0
Berichte aus der medizinischen Informatik und Bioinformatik/Journal of integrative bioinformatics,1,0.0
Applied Geochemistry,1,0.0
University of Oulu Repository (University of Oulu),1,0.0
Annals of Leisure Research,1,0.0
EURASIP Journal on Wireless Communications and Networking,1,0.0
Institutional Research Information System University of Ferrara (University of Ferrara),1,0.0
Lirias,1,0.0
International journal of exercise science,1,0.0
Critical Perspectives on Accounting,1,0.0
Tropical Medicine and Health,1,0.0
Cancer Biology & Therapy,1,0.0
Cogent Social Sciences,1,0.0
Electronic Commerce Research and Applications,1,0.0
Annals of African Medicine,1,0.0
Somnologie - Schlafforschung und Schlafmedizin,1,0.0
High Power Laser Science and Engineering,1,0.0
Rare & Special e-Zone (The Hong Kong University of Science and Technology),1,0.0
The Canadian Journal of Chemical Engineering,1,0.0
Journal of Financial Intermediation,1,0.0
steel research international,1,0.0
Journal of Artificial General Intelligence,1,0.0
Clinics in Geriatric Medicine,1,0.0
Engineering Geology,1,0.0
Neurologic Clinics,1,0.0
Adaara Jurnal Manajemen Pendidikan Islam,1,0.0
Restoration Ecology,1,0.0
IEEE Journal of Photovoltaics,1,0.0
Unsupervised and semi-supervised learning,1,0.0
Social Sciences,1,0.0
Innovation in Aging,1,0.0
Adi Widya Jurnal Pendidikan Dasar,1,0.0
UVic’s Research and Learning Repository (University of Victoria),1,0.0
Laboratory Animals,1,0.0
ecancermedicalscience,1,0.0
2019 IEEE Automatic Speech Recognition and Understanding Workshop (ASRU),1,0.0
Cytotherapy,1,0.0
Plant Science,1,0.0
Marketing Science,1,0.0
Molecular Catalysis,1,0.0
Computational Statistics & Data Analysis,1,0.0
Boundary-Layer Meteorology,1,0.0
The JBI Database of Systematic Reviews and Implementation Reports,1,0.0
IBM Journal of Research and Development,1,0.0
Sports Medicine and Health Science,1,0.0
Radiation Physics and Chemistry,1,0.0
Biochemistry,1,0.0
Diagnostic and Prognostic Research,1,0.0
American Journal of Distance Education,1,0.0
Clinical and Laboratory Standards Institute eBooks,1,0.0
Birth Defects Research,1,0.0
Halaqa Islamic Education Journal,1,0.0
Anatolian Journal of Education,1,0.0
Journal of Natural Medicines,1,0.0
The United Nations world water development report,1,0.0
Journal of Materials Science Materials in Medicine,1,0.0
Biotechnology Research and Innovation,1,0.0
publish.UP (University of Potsdam),1,0.0
The Black Scholar,1,0.0
Quantum Science and Technology,1,0.0
Journal of Nutritional Science and Vitaminology,1,0.0
Computer Speech & Language,1,0.0
Journal of Behavioral Decision Making,1,0.0
Political Communication,1,0.0
BMC Biology,1,0.0
Health Services Research,1,0.0
Current Pharmaceutical Design,1,0.0
Journal of Molecular Evolution,1,0.0
Acta Orthopaedica,1,0.0
Inorganic Chemistry Frontiers,1,0.0
Translational Medicine Communications,1,0.0
Applied and Environmental Soil Science,1,0.0
Computational Social Networks,1,0.0
International Journal of Scientific and Research Publications,1,0.0
Photoacoustics,1,0.0
Cell Proliferation,1,0.0
European Journal of Cell Biology,1,0.0
Technology Innovation Management Review,1,0.0
NJAS - Wageningen Journal of Life Sciences,1,0.0
Information Technology & Tourism,1,0.0
Kırklareli University Institutional Repository (Kırklareli University),1,0.0
International Journal of Behavioral Development,1,0.0
npj Regenerative Medicine,1,0.0
Clinical Biochemist Reviews,1,0.0
Journal of Immunology Research,1,0.0
Acta Crystallographica Section E Crystallographic Communications,1,0.0
Network Neuroscience,1,0.0
Toxicology Mechanisms and Methods,1,0.0
Annual Review of Developmental Psychology,1,0.0
Science and Engineering Ethics,1,0.0
Accident Analysis & Prevention,1,0.0
Brazilian Journal of Biometrics,1,0.0
Social Forces,1,0.0
Ahi Evran Üniversitesi Sosyal Bilimler Enstitüsü Dergisi,1,0.0
Journal of food distribution research,1,0.0
Dépôt institutionnel de l'Université libre de Bruxelles (Université Libre de Bruxelles),1,0.0
Internet Policy Review,1,0.0
Frontiers research topics,1,0.0
Manufacturing & Service Operations Management,1,0.0
Europe PMC (PubMed Central),1,0.0
Journal of Pharmacognosy and Phytochemistry,1,0.0
CU Scholar (University of Colorado Boulder),1,0.0
CUNY Academic Works (City University of New York),1,0.0
Institutional Repository of Leibniz Universität Hannover (Leibniz Universität Hannover),1,0.0
Trends and issues in crime and criminal justice,1,0.0
Journal of Personality,1,0.0
Springer briefs in electrical and computer engineering,1,0.0
The Research Repository @ WVU (West Virginia University),1,0.0
New Zealand journal of psychology,1,0.0
CLACSO eBooks,1,0.0
World Tourism Organization (UNWTO) eBooks,1,0.0
MedChemComm,1,0.0
"Artificial intelligence: foundations, theory, and algorithms/Artificial intelligence: Foundations, theory, and algorithms",1,0.0
University of North Carolina Press eBooks,1,0.0
DeckerMed CGSO Case-Based Reviews,1,0.0
Proceedings of the Human Factors and Ergonomics Society Annual Meeting,1,0.0
American Concrete Institute eBooks,1,0.0
Springer series in measurement science and technology,1,0.0
Journal of the Anus Rectum and Colon,1,0.0
Problem books in mathematics,1,0.0
Diffusion fundamentals.,1,0.0
Institution of Engineering and Technology eBooks,1,0.0
Fortschritte der Chemie Organischer Naturstoffe/Fortschritte der Chemie organischer Naturstoffe/Progress in the chemistry of organic natural products,1,0.0
Advances in imaging and electron physics,1,0.0
1517 Media eBooks,1,0.0
Interdisciplinary mathematical sciences,1,0.0
IMF Economic Review,1,0.0
Bloomsbury Professional eBooks,1,0.0
Strategic Direction,1,0.0
Risk Management,1,0.0
American journal of water resources,1,0.0
ScholarWorks@UMassAmherst (University of Massachusetts Amherst),1,0.0
Repository of Digital Objects for Teaching Research and Culture (University of Valencia),1,0.0
I.B.Tauris eBooks,1,0.0
Drug Delivery System,1,0.0
Physica D Nonlinear Phenomena,1,0.0
Bayesian Analysis,1,0.0
CINECA IRIS Institutial research information system (University of Pisa),1,0.0
Nordic Journal of Studies in Educational Policy,1,0.0
Journal of Consulting and Clinical Psychology,1,0.0
Endocrinology,1,0.0
Journal of Marriage and the Family,1,0.0
Systems Science & Control Engineering,1,0.0
Journal of Geophysical Research Oceans,1,0.0
Fire Technology,1,0.0
Climate,1,0.0
Experimental and Therapeutic Medicine,1,0.0
Motivation and Emotion,1,0.0
El Profesional de la Informacion,1,0.0
Bioinformatics and Biology Insights,1,0.0
Science of Remote Sensing,1,0.0
Clinics in Chest Medicine,1,0.0
Journal of Pharmacy And Bioallied Sciences,1,0.0
Psychiatry and Clinical Neurosciences,1,0.0
World Journal of Pediatrics,1,0.0
Proceedings of the AAAI/ACM Conference on AI Ethics and Society,1,0.0
Digital Collections portal (Koç University),1,0.0
Microbes and Infection,1,0.0
ChemBioChem,1,0.0
Journal of Materials Science Materials in Electronics,1,0.0
Virologica Sinica,1,0.0
G3 Genes Genomes Genetics,1,0.0
Journal of Vascular Surgery Venous and Lymphatic Disorders,1,0.0
Alcohol research,1,0.0
Computers & Operations Research,1,0.0
Neuropsychiatric Disease and Treatment,1,0.0
Journal of the Endocrine Society,1,0.0
Palgrave studies in contemporary women's writing,1,0.0
Environmental Reviews,1,0.0
Journal of Electrochemical Science and Technology,1,0.0
Asian Pacific Journal of Allergy and Immunology,1,0.0
Drug Development Research,1,0.0
Global Health Research and Policy,1,0.0
Drug Discoveries & Therapeutics,1,0.0
Journal of Thoracic Disease,1,0.0
Investigative Radiology,1,0.0
StatPearls,1,0.0
International Journal of Health Geographics,1,0.0
Pediatric Pulmonology,1,0.0
Journal of Magnetism and Magnetic Materials,1,0.0
European Journal of Neuroscience,1,0.0
The Indian Journal of Pediatrics,1,0.0
Composites Science and Technology,1,0.0
Tobacco Induced Diseases,1,0.0
Journal of Structural Engineering,1,0.0
ACS Chemical Neuroscience,1,0.0
The Pediatric Infectious Disease Journal,1,0.0
Clinical Research in Cardiology,1,0.0
Animal Science Journal,1,0.0
CIRP journal of manufacturing science and technology,1,0.0
Frontiers of Medicine,1,0.0
AMS Review,1,0.0
International Journal of Chemical Studies,1,0.0
Dermatology,1,0.0
Telemedicine Journal and e-Health,1,0.0
European Journal of Radiology,1,0.0
JMIR Public Health and Surveillance,1,0.0
Journal of Gastroenterology and Hepatology,1,0.0
Journal of Foot and Ankle Research,1,0.0
American Journal of Physiology-Heart and Circulatory Physiology,1,0.0
Physical and Engineering Sciences in Medicine,1,0.0
Journal of physiotherapy,1,0.0
Journal of Thoracic Imaging,1,0.0
American Journal of Physiology-Endocrinology and Metabolism,1,0.0
Complementary Therapies in Clinical Practice,1,0.0
Journal of Artificial Societies and Social Simulation,1,0.0
Journal of Endodontics,1,0.0
Hospital Pediatrics,1,0.0
Journal of surgical education,1,0.0
Acta Obstetricia Et Gynecologica Scandinavica,1,0.0
Archives of Public Health,1,0.0
American Journal of Infection Control,1,0.0
Progress in Disaster Science,1,0.0
Aerosol Science and Technology,1,0.0
Current Medicine Research and Practice,1,0.0
Journal of Preventive Medicine and Public Health,1,0.0
European Archives of Oto-Rhino-Laryngology,1,0.0
Health Promotion Perspectives,1,0.0
Proceedings of The Nutrition Society,1,0.0
European Psychiatry,1,0.0
Journal of Lower Genital Tract Disease,1,0.0
Emergency Medicine Journal,1,0.0
Brazilian Journal of Psychiatry,1,0.0
Jurnal Penyakit Dalam Indonesia,1,0.0
TURKISH JOURNAL OF MEDICAL SCIENCES,1,0.0
Molecular and Cellular Biology,1,0.0
Forensic Science International Reports,1,0.0
Psychological Trauma Theory Research Practice and Policy,1,0.0
Advances in global change research,1,0.0
Current Protocols in Microbiology,1,0.0
Thrombosis and Haemostasis,1,0.0
Canadian Journal of Agricultural Economics/Revue canadienne d agroeconomie,1,0.0
Expert Review of Molecular Diagnostics,1,0.0
Gene Reports,1,0.0
Death Studies,1,0.0
International Journal of Mental Health Nursing,1,0.0
Prospects,1,0.0
Management Review Quarterly,1,0.0
The Tohoku Journal of Experimental Medicine,1,0.0
Hydrogeology Journal,1,0.0
International Journal of Market Research,1,0.0
Journal of Technology in Behavioral Science,1,0.0
Medical Hypotheses,1,0.0
"EduPsyCouns: Journal of Education, Psychology and Counseling",1,0.0
Indonesian Journal of Educational Science (IJES),1,0.0
Journal of Risk Research,1,0.0
Oxford Review of Economic Policy,1,0.0
Infection Genetics and Evolution,1,0.0
Oman Medical Journal,1,0.0
Journal of Diabetes Science and Technology,1,0.0
Contemporary Security Policy,1,0.0
Basic and Applied Ecology,1,0.0
Stem Cells and Development,1,0.0
Child and Adolescent Psychiatry and Mental Health,1,0.0
GIScience & Remote Sensing,1,0.0
The Journal of Pathology,1,0.0
Cadernos de Saúde Pública,1,0.0
Higher Education Studies,1,0.0
Annals of Epidemiology,1,0.0
European Journal of Political Research,1,0.0
Journal of Biomedical Optics,1,0.0
Business Process Management Journal,1,0.0
International Journal of Educational Research,1,0.0
BJPsych Open,1,0.0
IFIP advances in information and communication technology,1,0.0
Rivista di psichiatria,1,0.0
International Psychogeriatrics,1,0.0
Neurological Research and Practice,1,0.0
Dental Traumatology,1,0.0
Clinical Rheumatology,1,0.0
Energy Sustainability and Society,1,0.0
Journal of Emergency Medicine,1,0.0
Breast Cancer Research,1,0.0
Journal of Epidemiology & Community Health,1,0.0
International Journal of Engineering Applied Sciences and Technology,1,0.0
Journal of Pedagogical Sociology and Psychology,1,0.0
Green Processing and Synthesis,1,0.0
Health and Quality of Life Outcomes,1,0.0
Fiscal Studies,1,0.0
Journal of Public Transportation,1,0.0
BIODIK,1,0.0
SN Comprehensive Clinical Medicine,1,0.0
Plasma and Fusion Research,1,0.0
Gender Work and Organization,1,0.0
Globalization and Health,1,0.0
Journal of Ethnic and Cultural Studies,1,0.0
Bioorganic & Medicinal Chemistry Letters,1,0.0
American Journal of Criminal Justice,1,0.0
Antibodies,1,0.0
Natural Science/Natural science,1,0.0
International Journal of Emergency Medicine,1,0.0
Canadian Journal of Behavioural Science/Revue canadienne des sciences du comportement,1,0.0
International Journal of Dynamics and Control,1,0.0
Fullerenes Nanotubes and Carbon Nanostructures,1,0.0
Journal of Participatory Research Methods,1,0.0
Feminist Review,1,0.0
International Journal of Nursing Sciences,1,0.0
Emerging Markets Finance and Trade,1,0.0
Ciência & Saúde Coletiva,1,0.0
Research in Globalization,1,0.0
Learning Media and Technology,1,0.0
Haemophilia,1,0.0
Child Psychiatry & Human Development,1,0.0
Research Methods in Medicine & Health Sciences,1,0.0
Experimental Physiology,1,0.0
Virus Research,1,0.0
American Journal of Tropical Medicine and Hygiene,1,0.0
The Journal of Steroid Biochemistry and Molecular Biology,1,0.0
Beneficial Microbes,1,0.0
Science Communication,1,0.0
Canadian Geriatrics Journal,1,0.0
Shanlax International Journal of Education,1,0.0
Anxiety Stress & Coping,1,0.0
International Journal of Clinical and Health Psychology,1,0.0
Actas Dermo-Sifiliográficas,1,0.0
Brock Education Journal,1,0.0
Policy Reviews in Higher Education,1,0.0
ERJ Open Research,1,0.0
Journal of Animal Behaviour and Biometeorology,1,0.0
Food Frontiers,1,0.0
Macromolecular Rapid Communications,1,0.0
Indoor Air,1,0.0
Journal of soil science and plant nutrition,1,0.0
Arrow@dit (Dublin Institute of Technology),1,0.0
Scholaria Jurnal Pendidikan dan Kebudayaan,1,0.0
JTP - Jurnal Teknologi Pendidikan,1,0.0
Chinese Journal of Aeronautics,1,0.0
Counselling and Psychotherapy Research,1,0.0
Avicenna Journal of Medicine,1,0.0
Transactions on Emerging Telecommunications Technologies,1,0.0
Dermatitis,1,0.0
The Journal for Nurse Practitioners,1,0.0
Pathologica,1,0.0
Food Quality and Safety,1,0.0
IP Journal of Paediatrics and Nursing Science,1,0.0
World Allergy Organization Journal,1,0.0
Communications in Computational Physics,1,0.0
Utrecht University Repository (Utrecht University),1,0.0
Journal of Healthcare Informatics Research,1,0.0
Journal of Vertebrate Biology,1,0.0
Journal of Women s Health,1,0.0
Rheumatology International,1,0.0
Best practice & research. Clinical anaesthesiology,1,0.0
Circulation Heart Failure,1,0.0
Journal of Family Business Strategy,1,0.0
Korean Journal of Family Medicine,1,0.0
Advances in cancer research,1,0.0
Revista Iberoamericana de Tecnología en Educación y Educación en Tecnología,1,0.0
Indian Journal of Psychological Medicine,1,0.0
Heat Transfer Engineering,1,0.0
Progress in Neuro-Psychopharmacology and Biological Psychiatry,1,0.0
Tourism Management Perspectives,1,0.0
Neurogastroenterology & Motility,1,0.0
Asian Economic Papers,1,0.0
Skyfox Publishing Group eBooks,1,0.0
看護研究,1,0.0
Annals of the Academy of Medicine Singapore,1,0.0
Cetta: Jurnal Ilmu Pendidikan,1,0.0
Modern Nyelvoktatás,1,0.0
Bangladesh Physiotherapy Journal,1,0.0
Health Physics,1,0.0
American Journal of Occupational Therapy,1,0.0
Engineering materials,1,0.0
Pediatria i Medycyna Rodzinna,1,0.0
UTS ePRESS (University of Technology Sydney),1,0.0
DiRROS repository (University of Maribor),1,0.0
Synthesis lectures on artificial intelligence and machine learning,1,0.0
UniSA Research Outputs Repository (University of South Australia),1,0.0
International Journal of Science and Research (IJSR),1,0.0
Maryland Shared Open Access Repository (USMAI Consortium),1,0.0
SAE International eBooks,1,0.0
Springer texts in business and economics,1,0.0
"American Academy of PediatricsItasca, IL eBooks",1,0.0
Anthem Press eBooks,1,0.0
Probability theory and stochastic modelling,1,0.0
Rutgers University Press eBooks,1,0.0
polinemapress eBooks,1,0.0
Indian Journal of Continuing Nursing Education,1,0.0
Liverpool John Moores University,1,0.0
Pattern Analysis and Applications,1,0.0
ACM Transactions on Computing for Healthcare,1,0.0
Astroparticle Physics,1,0.0
Earth System Dynamics,1,0.0
Annual Review of Biomedical Data Science,1,0.0
Prevention Science,1,0.0
Minerva Access (University of Melbourne),1,0.0
Transactions on computational science and computational intelligence,1,0.0
Arquivos Brasileiros de Cardiologia,1,0.0
Mutation Research/Reviews in Mutation Research,1,0.0
Marine Policy,1,0.0
Frontiers in Conservation Science,1,0.0
British Journal of General Practice,1,0.0
Neurophotonics,1,0.0
Natural Products and Bioprospecting,1,0.0
Eye,1,0.0
Neurologia medico-chirurgica,1,0.0
Sexually Transmitted Diseases,1,0.0
Wood Science and Technology,1,0.0
Aggregate,1,0.0
Higher Education for the Future,1,0.0
Future Journal of Pharmaceutical Sciences,1,0.0
Journal of Polymers and the Environment,1,0.0
Mycopathologia,1,0.0
Physical Therapy,1,0.0
Education for Chemical Engineers,1,0.0
Oikos,1,0.0
Minerals Engineering,1,0.0
Aging & Mental Health,1,0.0
BMJ Open Sport & Exercise Medicine,1,0.0
European Journal of Social Psychology,1,0.0
Agricultural and Forest Meteorology,1,0.0
Technology Mind and Behavior,1,0.0
European Review of Social Psychology,1,0.0
Artificial Intelligence,1,0.0
International Journal of Preventive Medicine,1,0.0
Journal of Practical Studies in Education,1,0.0
Medical Science Educator,1,0.0
Lectura Jurnal Pendidikan,1,0.0
Forests,1,0.0
Cleaner Environmental Systems,1,0.0
Comparative Migration Studies,1,0.0
Journal of Global Business Insights,1,0.0
Physica Medica,1,0.0
Outlook on Agriculture,1,0.0
Journal of Criminal Justice,1,0.0
Current Opinion in Plant Biology,1,0.0
Australian Journal of Psychology,1,0.0
Current Tropical Medicine Reports,1,0.0
Journal of Management Science and Engineering,1,0.0
Earth Systems and Environment,1,0.0
Progress in Energy,1,0.0
Annals of Clinical and Translational Neurology,1,0.0
Human Immunology,1,0.0
Advances in Climate Change Research,1,0.0
Advances in mobile and distance learning book series,1,0.0
Computational and Theoretical Chemistry,1,0.0
Mathematical Methods in the Applied Sciences,1,0.0
Development and Change,1,0.0
Molecular Pharmaceutics,1,0.0
Journal of Bioresources and Bioproducts,1,0.0
Journal of Financial Stability,1,0.0
Peer-to-Peer Networking and Applications,1,0.0
ASME Journal of Heat and Mass Transfer,1,0.0
UPCommons institutional repository (Universitat Politècnica de Catalunya),1,0.0
Open Engineering,1,0.0
Molecular Diversity,1,0.0
International Journal on Semantic Web and Information Systems,1,0.0
Heart Failure Reviews,1,0.0
ChemElectroChem,1,0.0
IEEE Transactions on Radiation and Plasma Medical Sciences,1,0.0
JACCP JOURNAL OF THE AMERICAN COLLEGE OF CLINICAL PHARMACY,1,0.0
Current Research in Behavioral Sciences,1,0.0
SSM - Population Health,1,0.0
Elements,1,0.0
Journal of Research on Technology in Education,1,0.0
Complexity,1,0.0
JACC. Clinical electrophysiology,1,0.0
Revista Tocantinense de Geografia,1,0.0
Chemistry - Methods,1,0.0
SYNERGY,1,0.0
Deakin Research Online (Deakin University),1,0.0
HUMANIKA,1,0.0
Journal of Clinical and Translational Science,1,0.0
Journal of Research in Interactive Marketing,1,0.0
Kocaeli Üniversitesi Eğitim Dergisi,1,0.0
Materials Research Bulletin,1,0.0
Infectious Diseases Now,1,0.0
JMIR Serious Games,1,0.0
Mineralogical Magazine,1,0.0
Universidad Peruana de Ciencias Aplicadas (UPC),1,0.0
Neurology Neuroimmunology & Neuroinflammation,1,0.0
The FASEB Journal,1,0.0
Journal of the Peripheral Nervous System,1,0.0
Topics in Spinal Cord Injury Rehabilitation,1,0.0
Progress in Earth and Planetary Science,1,0.0
Scandinavian Journal of Infectious Diseases,1,0.0
Current Opinion in Behavioral Sciences,1,0.0
Arca - Repositório Institucional da Fiocruz,1,0.0
Journal of Bionic Engineering,1,0.0
Journal of Medical Imaging and Radiation Oncology,1,0.0
Teaching and Teacher Education,1,0.0
Petroleum Research,1,0.0
Bioelectrochemistry,1,0.0
Progress in medicinal chemistry,1,0.0
LWT,1,0.0
Surface Science,1,0.0
Bratislavské lekárske listy/Bratislava medical journal,1,0.0
Computer Law Review International,1,0.0
Current Genomics,1,0.0
International Journal of Advanced Computer Science and Applications,1,0.0
Community Development Journal,1,0.0
JAC-Antimicrobial Resistance,1,0.0
Fish & Shellfish Immunology,1,0.0
The International Journal of Logistics Management,1,0.0
World Journal of Methodology,1,0.0
Workplace Health & Safety,1,0.0
Prehospital and Disaster Medicine,1,0.0
Scanning,1,0.0
Pediatric Neurology,1,0.0
Resources Environment and Sustainability,1,0.0
Frontiers in Earth Science,1,0.0
Revista Española de Cardiología,1,0.0
Biotechnology and Applied Biochemistry,1,0.0
REMEA - Revista Eletrônica do Mestrado em Educação Ambiental,1,0.0
Critical Inquiry in Language Studies,1,0.0
Journal of Genetic Engineering and Biotechnology,1,0.0
Journal of Global Antimicrobial Resistance,1,0.0
Endocrinology and Metabolism Clinics of North America,1,0.0
Mathematics and Computers in Simulation,1,0.0
Neural Regeneration Research,1,0.0
Child and Adolescent Mental Health,1,0.0
Proteins Structure Function and Bioinformatics,1,0.0
Fractal and Fractional,1,0.0
JMIR Cancer,1,0.0
Soundings,1,0.0
Clinical Simulation in Nursing,1,0.0
Journal of Orthopaedic Translation,1,0.0
British Journal of Clinical Psychology,1,0.0
BioEnergy Research,1,0.0
Práxis Educacional,1,0.0
Nursing Forum,1,0.0
Durham Research Online (Durham University),1,0.0
The Spanish Journal of Psychology,1,0.0
Geographical Journal,1,0.0
Journal of Industrial Integration and Management,1,0.0
Solid State Communications,1,0.0
Molecular Plant-Microbe Interactions,1,0.0
Food Policy,1,0.0
American Journal on Intellectual and Developmental Disabilities,1,0.0
Indian Journal of Ophthalmology,1,0.0
European Neuropsychopharmacology,1,0.0
Annals of Medicine and Surgery,1,0.0
Revista de Filosofía de la Universidad de Costa Rica,1,0.0
Science & Justice,1,0.0
Journal of Pharmaceutical and Biomedical Analysis,1,0.0
Advanced NanoBiomed Research,1,0.0
elib (German Aerospace Center),1,0.0
Jurnal Ilmiah Pendidikan Citra Bakti,1,0.0
Journal of Research on Adolescence,1,0.0
Annals of General Psychiatry,1,0.0
Environmental Nanotechnology Monitoring & Management,1,0.0
Forum,1,0.0
The Photogrammetric Record,1,0.0
Current Research in Microbial Sciences,1,0.0
Advances in Materials Science and Engineering,1,0.0
British Journal of Radiology,1,0.0
Psychological Reports,1,0.0
The Psychology of learning and motivation/The psychology of learning and motivation,1,0.0
Open Psychology,1,0.0
Chemistry International,1,0.0
BiblioBoard Library Catalog (Open Research Library),1,0.0
Cronfa (Swansea University),1,0.0
Annual Review of Financial Economics,1,0.0
Zed Books,1,0.0
Jurnal Abdimas Peradaban,1,0.0
Vestnik MIRBIS.,1,0.0
Frontiers in mathematics,1,0.0
Journal of Marine Research,1,0.0
University of Groningen research database (University of Groningen / Centre for Information Technology),1,0.0
The Electronic Journal of Combinatorics,1,0.0
Operations Research Forum,1,0.0
Mathematics of Operations Research,1,0.0
Report of the United Nations Scientific Committee on the Effects of Atomic Radiation,1,0.0
University of Exeter Press eBooks,1,0.0
International journal of information systems and project management,1,0.0
Empirical Software Engineering,1,0.0
Experiential Learning and Teaching in Higher Education,1,0.0
Proceedings of the ... International Florida Artificial Intelligence Research Society Conference,1,0.0
Biblos-e Archivo (Universidad Autónoma de Madrid),1,0.0
Social Cognition,1,0.0
Statistics Surveys,1,0.0
Journal of Statistical Mechanics Theory and Experiment,1,0.0
2022 IEEE/RSJ International Conference on Intelligent Robots and Systems (IROS),1,0.0
Venture Capital,1,0.0
IEEE Transactions on Cognitive and Developmental Systems,1,0.0
Proceedings of the 2022 Conference of the North American Chapter of the Association for Computational Linguistics: Human Language Technologies,1,0.0
Journal of Modern Power Systems and Clean Energy,1,0.0
Quantum Machine Intelligence,1,0.0
Iris (University of Trento),1,0.0
Advances in Water Resources,1,0.0
Proceedings of the Fifteenth ACM International Conference on Web Search and Data Mining,1,0.0
NOMS 2022-2022 IEEE/IFIP Network Operations and Management Symposium,1,0.0
ANU Open Research (Australian National University),1,0.0
APSIPA Transactions on Signal and Information Processing,1,0.0
"ICASSP 2022 - 2022 IEEE International Conference on Acoustics, Speech and Signal Processing (ICASSP)",1,0.0
Interspeech 2022,1,0.0
IEEE Internet of Things Magazine,1,0.0
Deposito Adademico Digital Universidad De Navarra (University of Navarra),1,0.0
BMC Musculoskeletal Disorders,1,0.0
Assessment,1,0.0
Laboratory Medicine,1,0.0
Contact Lens and Anterior Eye,1,0.0
Nature-Based Solutions,1,0.0
Connected Health,1,0.0
Emergent Materials,1,0.0
Business & Society,1,0.0
Arabian Journal for Science and Engineering,1,0.0
LSTM Online Archive (Liverpool School of Tropical Medicine),1,0.0
Molecular Horticulture,1,0.0
Acta Scientific Dental Scienecs,1,0.0
BOA (University of Milano-Bicocca),1,0.0
IEEE Transactions on Components Packaging and Manufacturing Technology,1,0.0
Heredity,1,0.0
Frontiers in Climate,1,0.0
IET Image Processing,1,0.0
MicrobiologyOpen,1,0.0
European Journal of Plant Pathology,1,0.0
Pathology International,1,0.0
Photosynthesis Research,1,0.0
Fuel Communications,1,0.0
Current Opinion in Colloid & Interface Science,1,0.0
Mutagenesis,1,0.0
Advances in agronomy,1,0.0
British Journal of Hospital Medicine,1,0.0
Plant Signaling & Behavior,1,0.0
Current Research in Green and Sustainable Chemistry,1,0.0
The CRISPR Journal,1,0.0
Kölner Universitäts PublikationsServer (Universität zu Köln),1,0.0
Elementa Science of the Anthropocene,1,0.0
Journal of Family and Economic Issues,1,0.0
OPUS 4 (Zuse Institute Berlin),1,0.0
Energy Efficiency,1,0.0
Journal of Public Administration Research and Theory,1,0.0
Managerial and Decision Economics,1,0.0
Caliphate Journal of Science and Technology,1,0.0
Robotics,1,0.0
Structural Change and Economic Dynamics,1,0.0
npj Urban Sustainability,1,0.0
"Smart innovation, systems and technologies",1,0.0
Biochemical Engineering Journal,1,0.0
Journal of Public Health,1,0.0
Current Psychology,1,0.0
Redox Report,1,0.0
Blockchain Research and Applications,1,0.0
BioFactors,1,0.0
International Journal of Plant Biology,1,0.0
Autism Research,1,0.0
Cytokine,1,0.0
Bioinformatics Advances,1,0.0
ACS Applied Bio Materials,1,0.0
Advances in experimental social psychology,1,0.0
Science China Earth Sciences,1,0.0
ECS Sensors Plus,1,0.0
Focus on Health Professional Education A Multi-Professional Journal,1,0.0
Frontiers in Bioscience-Landmark,1,0.0
Journal of Business Strategy,1,0.0
Auerbach Publications eBooks,1,0.0
Textiles,1,0.0
BMC Endocrine Disorders,1,0.0
Campbell Systematic Reviews,1,0.0
Neurology and Therapy,1,0.0
EXPERIMENTAL ANIMALS,1,0.0
Visual Informatics,1,0.0
Functional Ecology,1,0.0
Frontiers in Surgery,1,0.0
Political Geography,1,0.0
Intelligent and Converged Networks,1,0.0
Sensors and Actuators Reports,1,0.0
The Lancet Regional Health - Americas,1,0.0
The Journal of Marketing Theory and Practice,1,0.0
IET Nanobiotechnology,1,0.0
International Journal of Eating Disorders,1,0.0
Sleep Medicine Clinics,1,0.0
Journal of the American Academy of Orthopaedic Surgeons,1,0.0
World Journal of Clinical Oncology,1,0.0
History of European Ideas,1,0.0
Human Communication Research,1,0.0
Tumour Virus Research,1,0.0
Primary Care Clinics in Office Practice,1,0.0
Northumbria Research Link (Northumbria University),1,0.0
CHI Conference on Human Factors in Computing Systems Extended Abstracts,1,0.0
Progress in Nuclear Energy,1,0.0
Proceedings of the Indian National Science Academy,1,0.0
VUBIR (Vrije Universiteit Brussel),1,0.0
Statistical Analysis and Data Mining The ASA Data Science Journal,1,0.0
Bern Open Repository and Information System (University of Bern),1,0.0
PDXScholar  (Portland State University),1,0.0
Case Studies in Construction Materials,1,0.0
Optical Materials,1,0.0
Research Repository Portal (Ilam University of Medical Sciences),1,0.0
Revista Vianna Sapiens,1,0.0
Frontiers in Sociology,1,0.0
Chem Catalysis,1,0.0
Documenta Ophthalmologica,1,0.0
Practical Radiation Oncology,1,0.0
Particle & Particle Systems Characterization,1,0.0
Small Science,1,0.0
Journal of Korean Medical Science,1,0.0
Applied Food Research,1,0.0
Journal of the Pakistan Medical Association,1,0.0
Frontiers in Integrative Neuroscience,1,0.0
Edition Politik,1,0.0
American Journal of Industrial Medicine,1,0.0
American Journal of Qualitative Research,1,0.0
American Psychiatric Association Publishing eBooks,1,0.0
Weather and Forecasting,1,0.0
Carbon Neutrality,1,0.0
Acta Botanica Yunnanica,1,0.0
Medical Oncology,1,0.0
Public Health Research & Practice,1,0.0
Carbon Research,1,0.0
Global Spine Journal,1,0.0
"2022 ACM Conference on Fairness, Accountability, and Transparency",1,0.0
Sustainability and Climate Change,1,0.0
Nature Cardiovascular Research,1,0.0
NAM Perspectives,1,0.0
Inflammation Research,1,0.0
New Astronomy Reviews,1,0.0
Environmental Research Climate,1,0.0
EDULEAD Journal of Christian Education and Leadership,1,0.0
Laboratory Animal Research,1,0.0
Building trust in public institutions,1,0.0
Eco-Environment & Health,1,0.0
Journal of Energy,1,0.0
Critical Finance Review,1,0.0
Energy Storage and Saving,1,0.0
IWA Publishing eBooks,1,0.0
Green Energy & Environment,1,0.0
Amyloid,1,0.0
Wiadomości Lekarskie,1,0.0
The International Islamic University Malaysia Repository (The International Islamic University Malaysia),1,0.0
IEEE Transactions on Artificial Intelligence,1,0.0
Comparative Education,1,0.0
Energy and Climate Change,1,0.0
Journal of the American Psychoanalytic Association,1,0.0
Proceedings of the 28th ACM SIGKDD Conference on Knowledge Discovery and Data Mining,1,0.0
Journal of Clinical Laboratory Analysis,1,0.0
International Journal of Engineering Technology and Management Sciences,1,0.0
FEMS Microbiology Letters,1,0.0
Current Nanoscience,1,0.0
ChemCatChem,1,0.0
Nuclear Physics A,1,0.0
Progress in Additive Manufacturing,1,0.0
Intelligent Medicine,1,0.0
Revista de Estudos de Cultura,1,0.0
Research Portal (Queen's University Belfast),1,0.0
CAFI - Contabilidade Atuária Finanças & Informação,1,0.0
Springer texts in education,1,0.0
Jurnal Ilmiah Pendidikan Holistik (JIPH),1,0.0
American Economic Review Insights,1,0.0
Inflammation,1,0.0
International Journal of Transgender Health,1,0.0
Journal of Magnetic Resonance Imaging,1,0.0
Advanced Sustainable Systems,1,0.0
Journal of Mixed Methods Research,1,0.0
The Slavonic and East European Review,1,0.0
Computer Graphics Forum,1,0.0
Sciendo eBooks,1,0.0
Contemporary Accounting Research,1,0.0
Journal of Investigative Surgery,1,0.0
2022 IEEE Aerospace Conference (AERO),1,0.0
Analytical Sciences,1,0.0
Lecture notes in mathematics,1,0.0
Critical Reviews in Oncology/Hematology,1,0.0
Journal of Vascular and Interventional Radiology,1,0.0
JOM,1,0.0
Pediatric Diabetes,1,0.0
The Nucleus,1,0.0
Australian Archaeology,1,0.0
Entomologia Generalis,1,0.0
2022 IEEE International Conference on Image Processing (ICIP),1,0.0
Advanced Agrochem,1,0.0
British Journal of Neuroscience Nursing,1,0.0
Organizational Psychology Review,1,0.0
Influenza and Other Respiratory Viruses,1,0.0
Public Affairs Quarterly,1,0.0
International Journal of Cultural Policy,1,0.0
Water Resources and Industry,1,0.0
Jupiter Publications Consortium eBooks,1,0.0
OECD public governance reviews,1,0.0
Latin American economic outlook,1,0.0
Journal of Plant Ecology,1,0.0
Nursing Outlook,1,0.0
Current Opinion in Immunology,1,0.0
Inter-American Development Bank eBooks,1,0.0
Thoracic Cancer,1,0.0
Letras de Hoje,1,0.0
Journal of General and Family Medicine,1,0.0
The Electronic Journal of e-Learning,1,0.0
Socio-Environmental Systems Modeling,1,0.0
Fagbokforlaget eBooks,1,0.0
Lecture notes on mathematical modelling in the life sciences,1,0.0
The Philosophers Magazine,1,0.0
Revista Panamericana de Salud Pública,1,0.0
Journal of the Energy Institute,1,0.0
Financial Management,1,0.0
Biota Neotropica,1,0.0
Applied Mechanics and Materials,1,0.0
edoc (University of Basel),1,0.0
Zeszyty Naukowe Wyższej Szkoły Bankowej w Poznaniu,1,0.0
Jurnal Multidisiplin Dehasen (MUDE),1,0.0
Hindustan Book Agency,1,0.0
Research Online (University of Wollongong),1,0.0
Compact textbooks in mathematics,1,0.0
Gebr. Mann Verlag eBooks,1,0.0
Autism and child psychopathology series,1,0.0
Journal of Experimental and Theoretical Physics Letters,1,0.0
"Organic Eprints (International Centre for Research in Organic Food Systems, and Research Institute of Organic Agriculture)",1,0.0
Cognitive Neuroscience,1,0.0
Dykinson eBooks,1,0.0
Soziale Passagen,1,0.0
Berkshire Publishing Group eBooks,1,0.0
Österreichische Gesellschaft für Entomofaunistik (OEGEF),1,0.0
FAO; WHO; eBooks,1,0.0
Advances in Computational Mathematics,1,0.0
IEEE Transactions on Biometrics Behavior and Identity Science,1,0.0
Graduate texts in mathematics,1,0.0
Cellular and Molecular Bioengineering,1,0.0
IEEE Transactions on Technology and Society,1,0.0
International Journal of Food Properties,1,0.0
Cancer Reports,1,0.0
Journalism & Mass Communication Educator,1,0.0
Soil Dynamics and Earthquake Engineering,1,0.0
Water Cycle,1,0.0
Frontiers in Computing and Intelligent Systems,1,0.0
ACM Transactions on Recommender Systems,1,0.0
Utilities Policy,1,0.0
Intelligent Service Robotics,1,0.0
Medicine Health Care and Philosophy,1,0.0
Sustainable Energy Grids and Networks,1,0.0
International Journal of Environmental Research,1,0.0
ACS Environmental Au,1,0.0
Frontiers in Mechanical Engineering,1,0.0
Cardiology and Cardiovascular Medicine,1,0.0
Industrial Chemistry and Materials,1,0.0
Vitamins and hormones,1,0.0
Research for policy,1,0.0
PLOS Global Public Health,1,0.0
Gases,1,0.0
International Journal on Interactive Design and Manufacturing (IJIDeM),1,0.0
Fishes,1,0.0
Regulation & Governance,1,0.0
Revista Brasileira de Cancerologia,1,0.0
New Biotechnology,1,0.0
Education in the Knowledge Society (EKS),1,0.0
Worldviews on Evidence-Based Nursing,1,0.0
npj Primary Care Respiratory Medicine,1,0.0
Current Opinion in Structural Biology,1,0.0
Artificial Organs,1,0.0
New Ideas in Psychology,1,0.0
Journal of Computational and Applied Mathematics,1,0.0
New Journal of Chemistry,1,0.0
IMF staff discussion note,1,0.0
STUDI ORGANIZZATIVI,1,0.0
Scientific African,1,0.0
The EPMA Journal,1,0.0
American Journal of Medical Genetics Part A,1,0.0
Library Hi Tech News,1,0.0
Big Data Mining and Analytics,1,0.0
AAPS PharmSciTech,1,0.0
Social naja politika i social noe partnerstvo (Social Policy and Social Partnership),1,0.0
ACS Biomaterials Science & Engineering,1,0.0
Journal of Responsible Technology,1,0.0
Informing Science The International Journal of an Emerging Transdiscipline,1,0.0
Neuro-Oncology Advances,1,0.0
Hepatology Research,1,0.0
Trauma Violence & Abuse,1,0.0
Circular Economy,1,0.0
International Review of Education,1,0.0
Journal of American Ethnic History,1,0.0
Nordic Wittgenstein Review,1,0.0
Health and Technology,1,0.0
BMJ Medicine,1,0.0
International Journal of Information technology and Computer Engineering,1,0.0
JBJS Open Access,1,0.0
Eating Disorders,1,0.0
Diagnostic and Interventional Imaging,1,0.0
Advanced Industrial and Engineering Polymer Research,1,0.0
Computation,1,0.0
Journal of Artificial Intelligence and Technology,1,0.0
International Journal of Thermofluids,1,0.0
Plant and Soil,1,0.0
Annual Review of Chemical and Biomolecular Engineering,1,0.0
Frontiers in Science,1,0.0
Journal of English Studies in Arabia Felix,1,0.0
Oil Crop Science,1,0.0
"Advances in knowledge acquisition, transfer, and management book series/Advances in knowledge acquisition, transfer and management book series",1,0.0
INQUIRY The Journal of Health Care Organization Provision and Financing,1,0.0
Biology of Sport,1,0.0
Journal of Intelligence,1,0.0
Dublin City University Open Access Institutional Repository (Dublin City University),1,0.0
JNCI Cancer Spectrum,1,0.0
The Medical Journal of Australia,1,0.0
Biogeotechnics,1,0.0
Central European Management Journal,1,0.0
Farming System,1,0.0
Molecules and Cells,1,0.0
Narra J,1,0.0
International Biodeterioration & Biodegradation,1,0.0
RENDICONTI LINCEI,1,0.0
Journal of Oral Microbiology,1,0.0
Journal of Decision System,1,0.0
Proceedings of the ACM on Programming Languages,1,0.0
International Journal of Robotics and Control Systems,1,0.0
International Journal of Computational Intelligence Systems,1,0.0
Environments,1,0.0
Functional & Integrative Genomics,1,0.0
International Journal of Computing and Digital Systems,1,0.0
ECNU Review of Education,1,0.0
Versus,1,0.0
BMC Cardiovascular Disorders,1,0.0
Yonsei Medical Journal,1,0.0
Ultrasonics,1,0.0
The Journal of Academic Librarianship,1,0.0
Journal of Consumer Psychology,1,0.0
Environmental Earth Sciences,1,0.0
Zeitschrift für Kristallographie - Crystalline Materials,1,0.0
Repository Alungcipta,1,0.0
Journal of Bone and Mineral Research,1,0.0
Materials Today Advances,1,0.0
HTS Teologiese Studies / Theological Studies,1,0.0
Ophthalmology Science,1,0.0
Physics of Life Reviews,1,0.0
Journal of Universal College of Medical Sciences,1,0.0
Forestry An International Journal of Forest Research,1,0.0
JAMIA Open,1,0.0
NTM Zeitschrift für Geschichte der Wissenschaften Technik und Medizin,1,0.0
Journal of Economic Behavior & Organization,1,0.0
Journal of Data and Information Quality,1,0.0
Visual Computing for Industry Biomedicine and Art,1,0.0
Archives of Physical Medicine and Rehabilitation,1,0.0
Journal of Geodesy,1,0.0
NBER Macroeconomics Annual,1,0.0
Seminars in Nuclear Medicine,1,0.0
Microbiology,1,0.0
Middle East Current Psychiatry,1,0.0
Developments in the Built Environment,1,0.0
European Journal of Engineering Education,1,0.0
Academic Journal of Nawroz University,1,0.0
Nursing and Health Sciences Journal (NHSJ),1,0.0
Medicine in Microecology,1,0.0
Reactive and Functional Polymers,1,0.0
Revenue statistics in Latin America and the Caribbean,1,0.0
Carbon Trends,1,0.0
Agrochemicals,1,0.0
Nano Select,1,0.0
Implementation Science Communications,1,0.0
Nordic Council of Ministers eBooks,1,0.0
Seminars in Immunology,1,0.0
Annals of Hepatology,1,0.0
Electronic Commerce Research,1,0.0
Sustainable Manufacturing and Service Economics,1,0.0
Decision Making Advances,1,0.0
CAAI Artificial Intelligence Research,1,0.0
AL-ISHLAH Jurnal Pendidikan,1,0.0
Natural Hazards,1,0.0
JAMA Health Forum,1,0.0
IEEE Software,1,0.0
Applied and Computational Engineering,1,0.0
Journal of Hospitality & Tourism Research,1,0.0
Materials Chemistry Frontiers,1,0.0
Entrepreneurial Business and Economics Review,1,0.0
JPI (Jurnal Pendidikan Indonesia),1,0.0
Gas Science and Engineering,1,0.0
Journal of New Approaches in Educational Research,1,0.0
Circuits Systems and Signal Processing,1,0.0
International Conference on Applied Engineering and Natural Sciences,1,0.0
Innovation in Language Learning and Teaching,1,0.0
SpringerBriefs in physics,1,0.0
Engineering Failure Analysis,1,0.0
Bioelectronic Medicine,1,0.0
Nano Trends,1,0.0
Global Business and Organizational Excellence,1,0.0
Environment & Health,1,0.0
Surfaces and Interfaces,1,0.0
Jurnal IHSAN Jurnal Pendidikan Islam,1,0.0
AIMS neuroscience,1,0.0
Public Choice,1,0.0
Meta-Radiology,1,0.0
ACS Materials Au,1,0.0
Journal of Digital Learning in Teacher Education,1,0.0
Cognitive Computation,1,0.0
Interactive Technology and Smart Education,1,0.0
Journal of genetics and genomics/Journal of Genetics and Genomics,1,0.0
Water-Energy Nexus,1,0.0
ELT Forum Journal of English Language Teaching,1,0.0
Waste,1,0.0
Practice and Experience in Advanced Research Computing,1,0.0
Languages,1,0.0
Information Development,1,0.0
REI - REVISTA ESTUDOS INSTITUCIONAIS,1,0.0
International Journal of Emerging Technologies in Learning (iJET),1,0.0
Basic & Clinical Pharmacology & Toxicology,1,0.0
Journal of Future Foods,1,0.0
Quarterly Journal of Marketing,1,0.0
Biomedical Technology,1,0.0
Micro and Nano Engineering,1,0.0
Cyber Security and Applications,1,0.0
International migration outlook,1,0.0
Scientifica,1,0.0
Journal of Information and Intelligence,1,0.0
Umsida Press eBooks,1,0.0
Oxford Open Climate Change,1,0.0
Crystals,1,0.0
World energy outlook,1,0.0
Bonplandia,1,0.0
Carbohydrate Polymer Technologies and Applications,1,0.0
Industrial and applied mathematics,1,0.0
Immunity & Ageing,1,0.0
Soil and Tillage Research,1,0.0
Logos Universality Mentality Education Novelty SOCIAL SCIENCES,1,0.0
Acta Alimentaria,1,0.0
ACS Engineering Au,1,0.0
Verlag Österreich eBooks,1,0.0
Journal of Creativity,1,0.0
Journal of AI,1,0.0
Cadernos de Pesquisa,1,0.0
Lecture notes in mechanical engineering,1,0.0
Clinical Epidemiology and Global Health,1,0.0
Social Science Academic,1,0.0
QALAMUNA Jurnal Pendidikan Sosial dan Agama,1,0.0
Brain Communications,1,0.0
Psikohumaniora Jurnal Penelitian Psikologi,1,0.0
Universitas Brawijaya Press eBooks,1,0.0
Journal of Educational Technology and Innovation,1,0.0
UNHCR Global Trends,1,0.0
JURNAL AKUNTANSI DAN AUDITING,1,0.0
Sociology of power,1,0.0
EMS Press eBooks,1,0.0
University of Utah Press eBooks,1,0.0
Methuen Drama eBooks,1,0.0
Cognitive linguistic studies in cultural contexts,1,0.0
Universidad Pedagógica Nacional eBooks,1,0.0
Complex Systems,1,0.0
LCC MAKS Press eBooks,1,0.0
EDIS,1,0.0
ValpoScholar (Valparaiso University),1,0.0
Johns Hopkins University Press eBooks,1,0.0
Springer proceedings in physics,1,0.0
Open Repository and Bibliography (University of Liège),1,0.0
heiDOK (Heidelberg University),1,0.0
Public domain series,1,0.0
Fish physiology,1,0.0
Applied Biosciences,1,0.0
ACS Pharmacology & Translational Science,1,0.0
International Journal of Nursing Studies Advances,1,0.0
Green Energy and Intelligent Transportation,1,0.0
Measurement Sensors,1,0.0
Diamond and Related Materials,1,0.0
Journal of Computing and Information Science in Engineering,1,0.0
Energy and Built Environment,1,0.0
Neuroradiology,1,0.0
Anaerobe,1,0.0
Clean Technologies and Environmental Policy,1,0.0
Nature Chemical Engineering,1,0.0
Journal of Health Population and Nutrition,1,0.0
Culture and language use,1,0.0
Evolving Systems,1,0.0
AIMS Public Health,1,0.0
Robotics and Autonomous Systems,1,0.0
Cell Division,1,0.0
Journal of Wildlife Diseases,1,0.0
Current Osteoporosis Reports,1,0.0
IEEE Transactions on Learning Technologies,1,0.0
Exploration,1,0.0
Global Sustainability,1,0.0
SN Business & Economics,1,0.0
Journal of Phycology,1,0.0
Ad Hoc Networks,1,0.0
Mayo Clinic Proceedings Innovations Quality & Outcomes,1,0.0
Chemistry and Ecology,1,0.0
Sports,1,0.0
World Journal of English Language,1,0.0
ReCALL,1,0.0
Indian Journal of Psychiatry,1,0.0
Technical reports series.,1,0.0
Global Heart,1,0.0
Renewable energy focus,1,0.0
Frontiers in Drug Safety and Regulation,1,0.0
Cleaner Materials,1,0.0
Therapeutic Advances in Endocrinology and Metabolism,1,0.0
IEEE Electron Device Letters,1,0.0
BMC Medical Genomics,1,0.0
Journal of PHYSIOLOGICAL ANTHROPOLOGY,1,0.0
Ecology and Evolution,1,0.0
International Journal of Data Science and Analytics,1,0.0
Cambridge Explorations in Arts and Sciences,1,0.0
Psychology Research and Behavior Management,1,0.0
ACM Transactions on Design Automation of Electronic Systems,1,0.0
Autonomous Intelligent Systems,1,0.0
Accounting in Europe,1,0.0
East Asian Journal of Philosophy,1,0.0
Data and Information Management,1,0.0
ACM / IMS Journal of Data Science,1,0.0
Biomaterials and Biosystems,1,0.0
Intensive and Critical Care Nursing,1,0.0
International Journal of Advances in Scientific Research and Engineering,1,0.0
Journal of Computational Social Science,1,0.0
Nuclear Instruments and Methods in Physics Research Section B Beam Interactions with Materials and Atoms,1,0.0
Bulletin of Biological and Allied Sciences Research,1,0.0
Green Technologies and Sustainability,1,0.0
Smart Medicine,1,0.0
University of Lisbon Repository (University of Lisbon),1,0.0
Journal of Engineering Research,1,0.0
Measurement Energy,1,0.0
Springer series in solid and structural mechanics,1,0.0
High-Confidence Computing,1,0.0
Human-computer interaction series,1,0.0
Customer Needs and Solutions,1,0.0
Hypertension Research,1,0.0
SCIENTIFIC RESEARCH,1,0.0
Health Services Research and Managerial Epidemiology,1,0.0
Proceedings of the ACM on Interactive Mobile Wearable and Ubiquitous Technologies,1,0.0
Magna Scientia Advanced Research and Reviews,1,0.0
Report of the International Narcotics Control Board for.../Report of the International Narcotics Control Board for ...,1,0.0
Journal of Hazardous Materials Letters,1,0.0
Frontiers in Fuels,1,0.0
RSC Pharmaceutics,1,0.0
International Journal of Community Well-Being,1,0.0
Experimental Dermatology,1,0.0
Human development report,1,0.0
EuroMed Journal of Business,1,0.0
Journal of Science and Technology Policy Management,1,0.0
Acta Mechanica,1,0.0
Phytomedicine Plus,1,0.0
Toxicology Research,1,0.0
Handbook of experimental pharmacology,1,0.0
Magnetic Resonance in Medical Sciences,1,0.0
Journal of clinical lipidology,1,0.0
Limnological Review,1,0.0
Giant,1,0.0
Food Packaging and Shelf Life,1,0.0
Journal of Economic Surveys,1,0.0
Brazilian Journal of Operations & Production Management,1,0.0
IEEE Transactions on Consumer Electronics,1,0.0
Editora Scienza eBooks,1,0.0
Data & Knowledge Engineering,1,0.0
JMIR Medical Informatics,1,0.0
International Studies Quarterly,1,0.0
International Journal of Applied Research in Social Sciences,1,0.0
Applied Chemical Engineering,1,0.0
Saudi Medical Journal,1,0.0
International Journal of Energy and Water Resources,1,0.0
Journal of Primary Care & Community Health,1,0.0
Transportation Engineering,1,0.0
Dental Update,1,0.0
Online Information Review,1,0.0
European Journal of Microbiology and Immunology,1,0.0
"Advances in systems analysis, software engineering, and high performance computing book series",1,0.0
Theory and Practice in Language Studies,1,0.0
Future Foods,1,0.0
Cognitive Systems Research,1,0.0
AIP conference proceedings,1,0.0
Journal of Cancer Research and Clinical Oncology,1,0.0
Protection and Control of Modern Power Systems,1,0.0
Journal of Renewable Energy,1,0.0
Journal of Sea Research,1,0.0
Urban Climate,1,0.0
International Journal of Applied Linguistics,1,0.0
Talanta Open,1,0.0
Journal of Transport & Health,1,0.0
"Advances in educational marketing, administration, and leadership book series",1,0.0
Publishing house of the Russian state agrarian University UN-TA im. K. A. Timiryazeva eBooks,1,0.0
IMA Journal of Applied Mathematics,1,0.0
Asian Journal of Economics and Banking,1,0.0
Energy & Environment,1,0.0
Resources,1,0.0
ESC Heart Failure,1,0.0
Sciences Humaines,1,0.0
Land Degradation and Development,1,0.0
Coral Reefs,1,0.0
Crop and Environment,1,0.0
Technology Knowledge and Learning,1,0.0
TSAQOFAH,1,0.0
Journal of Engineering Research and Reports,1,0.0
Ethics and Information Technology,1,0.0
Photonics Insights,1,0.0
Ecological Frontiers,1,0.0
KIDNEYS,1,0.0
Cancer Genetics,1,0.0
Journal of Clinical Gastroenterology,1,0.0
Meteoritics and Planetary Science,1,0.0
The Journal of Legal Analysis,1,0.0
SPE Polymers,1,0.0
Pelita,1,0.0
HLA,1,0.0
Opto-Electronic Science,1,0.0
Sustainable Food Technology,1,0.0
Journal of financial reporting & accounting,1,0.0
International Journal of Public Administration Management and Economic Development,1,0.0
Frontiers in Human Dynamics,1,0.0
Journal of Umm Al-Qura University for Applied Sciences,1,0.0
Journal of Trade Science,1,0.0
Indo-MathEdu Intellectuals Journal,1,0.0
Government at glance.,1,0.0
Carbon letters,1,0.0
Asian Journal of Economics Business and Accounting,1,0.0
Babylonian Journal of Machine Learning,1,0.0
Brepols Publishers eBooks,1,0.0
Public Health Challenges,1,0.0
Global Finance Review,1,0.0
Lesohozâjstvennaâ informaciâ,1,0.0
Latin American Perspectives,1,0.0
Materials Technology,1,0.0
"Springer textbooks in earth sciences, geography and environment",1,0.0
Metabolic Brain Disease,1,0.0
Frontiers in Ecology and Evolution,1,0.0
Journal of Alloys and Compounds Communications,1,0.0
Canadian Journal of Plant Pathology,1,0.0
Science and Technology of Advanced Materials Methods,1,0.0
Economic Policy,1,0.0
DI LOGUS,1,0.0
Cancer Pathogenesis and Therapy,1,0.0
Journal of Small Business Management,1,0.0
Indian Institute of Metals series,1,0.0
FEBS Open Bio,1,0.0
Journal of Clean Energy and Energy Storage,1,0.0
World Electric Vehicle Journal,1,0.0
Hybrid Advances,1,0.0
Physiological and Molecular Plant Pathology,1,0.0
Janaki Medical College Journal of Medical Science,1,0.0
Journal of Economy and Technology,1,0.0
Studies In Educational Evaluation,1,0.0
AI,1,0.0
International Journal of Mining and Mineral Engineering,1,0.0
Human well-being research and policy making,1,0.0
REVELL - REVISTA DE ESTUDOS LITERÁRIOS DA UEMS,1,0.0
The Egyptian Journal of Radiology and Nuclear Medicine,1,0.0
JACC CardioOncology,1,0.0
Mineral Economics,1,0.0
Dewantara Jurnal Pendidikan Sosial Humaniora,1,0.0
Oral Oncology Reports,1,0.0
China Communications,1,0.0
SpringerBriefs in psychology,1,0.0
CRANIO®,1,0.0
Chinese Journal of Physics,1,0.0
Vicinagearth.,1,0.0
World Trade Report,1,0.0
JCIS Open,1,0.0
Dil Eğitimi ve Araştırmaları Dergisi,1,0.0
Hygiene and Environmental Health Advances,1,0.0
Cognitive Psychology,1,0.0
CQ Press eBooks,1,0.0
JMIR AI,1,0.0
Industrial Psychiatry Journal,1,0.0
Journal of Health Politics Policy and Law,1,0.0
Bloomsbury Publishing Plc eBooks,1,0.0
Toxicology Reports,1,0.0
African Journal of Biomedical Research,1,0.0
Diversity,1,0.0
Data & Metadata,1,0.0
International Journal of Applied Science and Research,1,0.0
Photonics and Nanostructures - Fundamentals and Applications,1,0.0
Visual Intelligence,1,0.0
Journal of Indonesian Primary School.,1,0.0
Manchester University Press eBooks,1,0.0
University of Tennessee Press eBooks,1,0.0
Waxmann Verlag GmbH eBooks,1,0.0
"Advanced courses in mathematics, CRM Barcelona",1,0.0
Cells and Development,1,0.0
Zeitschrift für philosophische Forschung,1,0.0
Colloquium Publications - American Mathematical Society/Colloquium Publications,1,0.0
Graduate Institute Geneva Institutional Repository (Graduate Institute of International and Development Studies),1,0.0
Harrassowitz Verlag eBooks,1,0.0
World Scientific series in economic theory,1,0.0
Book Reading Media,1,0.0
Digital Academic REpository of VU University Amsterdam (Vrije Universiteit Amsterdam),1,0.0
Low Temperature Physics,1,0.0
"Advances in anatomy, embryology and cell biology",1,0.0
DuEPublico (University of Duisburg-Essen),1,0.0
Palgrave studies in prisons and penology,1,0.0
Quadrige,1,0.0
Law and Human Behavior,1,0.0
NIU journal of humanities.,1,0.0
Aaltodoc (Aalto University),1,0.0
International Journal of Biology Pharmacy and Allied Sciences,1,0.0
Editora Studies Publicações eBooks,1,0.0
Journal of Nuclear Medicine Technology,1,0.0
Universitäts- und Stadtbibliothek Köln,1,0.0
Edinburgh Research Explorer (University of Edinburgh),1,0.0
Ghent University Academic Bibliography (Ghent University),1,0.0
TUbilio (Technical University of Darmstadt),1,0.0
Media studies.,1,0.0
Journal of Modern Accounting and Auditing,1,0.0
CyTA - Journal of Food,1,0.0
Control Engineering Practice,1,0.0
Applied Mathematics and Mechanics,1,0.0
Aspects of Molecular Medicine,1,0.0
Spectrum of Engineering and Management Sciences,1,0.0
Journal of Thermal Analysis and Calorimetry,1,0.0
Zoonoses,1,0.0
IEEE Transactions on Computational Social Systems,1,0.0
Journal of Intelligent Systems and Internet of Things,1,0.0
European Respiratory Review,1,0.0
Journal of Experimental Psychology Human Perception & Performance,1,0.0
SmartMat,1,0.0
International Communications in Heat and Mass Transfer,1,0.0
International Journal of Engineering Pedagogy (iJEP),1,0.0
International Journal of Science and Research Archive,1,0.0
Energy Science,1,0.0
Communications Psychology,1,0.0
International Journal for Numerical and Analytical Methods in Geomechanics,1,0.0
Journal of Biochemical and Molecular Toxicology,1,0.0
Jordan Journal of Business Administration,1,0.0
Soil & Environmental Health,1,0.0
Cambridge Prisms Water,1,0.0
Journal of Religion and Health,1,0.0
Med-X,1,0.0
foresight,1,0.0
EES batteries.,1,0.0
Journal of Tissue Viability,1,0.0
Gastrointestinal Disorders,1,0.0
IEEE Transactions on Audio Speech and Language Processing,1,0.0
Nature Reviews Biodiversity,1,0.0
Plastic & Reconstructive Surgery Global Open,1,0.0
Surgery Today,1,0.0
Building Simulation,1,0.0
Babylonian Journal of Internet of Things,1,0.0
Science China Physics Mechanics and Astronomy,1,0.0
Metaheuristic Optimization Review,1,0.0
BMJ Health & Care Informatics,1,0.0
GetMobile Mobile Computing and Communications,1,0.0
Matter and Radiation at Extremes,1,0.0
International Journal of Procurement Management,1,0.0
Journal of Pharmaceutical Policy and Practice,1,0.0
Merits,1,0.0
Journal of Al-Azhar University Engineering Sector,1,0.0
Learning Disability Quarterly,1,0.0
Revista Multidisciplinar do Nordeste Mineiro,1,0.0
IEEE Transactions on Circuits and Systems I Regular Papers,1,0.0
Sustainable Futures,1,0.0
Spectrum of Decision Making and Applications.,1,0.0
Journal Of Vacation Marketing,1,0.0
Library Management,1,0.0
npj Health Systems,1,0.0
Adsorption,1,0.0
Journal of artificial intelligence and metaheuristics.,1,0.0
Interactive Journal of Medical Research,1,0.0
Next research.,1,0.0
Journal of Engineering and Applied Science,1,0.0
Iran Journal of Computer Science,1,0.0
Human Genomics,1,0.0
Educational Process International Journal,1,0.0
Journal of Education and Health Promotion,1,0.0
International Journal of Minerals Metallurgy and Materials,1,0.0
Environment Science and Policy for Sustainable Development,1,0.0
Review of International Political Economy,1,0.0
npj Biological Timing and Sleep,1,0.0
Journal of theoretical and applied electronic commerce research,1,0.0
Applied Biochemistry and Biotechnology,1,0.0
Acta Biochimica Polonica,1,0.0
Polymer Degradation and Stability,1,0.0
E-Commerce Letters,1,0.0
Wear,1,0.0
Neural Processing Letters,1,0.0
Osong Public Health and Research Perspectives,1,0.0
Journal of Materials Engineering and Performance,1,0.0
British Journal of Political Science,1,0.0
Additive Manufacturing Frontiers,1,0.0
Journal of Academic Ethics,1,0.0
Digestion,1,0.0
Water Conservation Science and Engineering,1,0.0
Journal of Global Marketing,1,0.0
Journal of Statistical Theory and Applications,1,0.0
Human-Centric Intelligent Systems,1,0.0
Discover Education,1,0.0
Lubricants,1,0.0
IJIREEICE,1,0.0
Comprehensive physiology,1,0.0
Energy statistics pocketbook,1,0.0
International Journal of Financial Engineering,1,0.0
Rock Mechanics and Rock Engineering,1,0.0
Stress Biology,1,0.0
PhotoniX,1,0.0
Journal of Experimental Agriculture International,1,0.0
Inorganics,1,0.0
Cogent Arts and Humanities,1,0.0
Journal of Physics and Chemistry of Solids,1,0.0
Discover Soil.,1,0.0
Social Responsibility Journal,1,0.0
IJID One Health,1,0.0
BMC Nephrology,1,0.0
EcoEnergy,1,0.0
Journal of Financial Management of Property and Construction,1,0.0
Euro-Mediterranean Journal for Environmental Integration,1,0.0
ACS Applied Electronic Materials,1,0.0
npj Heritage Science,1,0.0
Microplastics and Nanoplastics,1,0.0
Discover Materials,1,0.0
Nutrition Metabolism and Cardiovascular Diseases,1,0.0
Chemical Physics Impact,1,0.0
Equality Diversity and Inclusion An International Journal,1,0.0
Business Strategy & Development,1,0.0
Journal of Translational Internal Medicine,1,0.0
Discover Polymers.,1,0.0
Environmental Science Nano,1,0.0
ASIDE Internal Medicine,1,0.0
IMA Fungus,1,0.0
Applied Radiation and Isotopes,1,0.0
Journal of Uncertain Systems,1,0.0
Advanced Powder Technology,1,0.0
Journal of Nanotheranostics,1,0.0
Environmental Policy and Governance,1,0.0
Disease-a-Month,1,0.0
International Journal of Robust and Nonlinear Control,1,0.0
Journal of Pharmaceutical Investigation,1,0.0
Trends in Higher Education,1,0.0
Human capital leadership.,1,0.0
Clinical Nutrition ESPEN,1,0.0
Retos,1,0.0
Device,1,0.0
Cleaner Chemical Engineering,1,0.0
Cell Biomaterials,1,0.0
Journal of Sustainable Agriculture and Environment,1,0.0
American Heart Journal,1,0.0
International Journal of Systems Assurance Engineering and Management,1,0.0
ImmunoTargets and Therapy,1,0.0
Expert Review of Anticancer Therapy,1,0.0
Journal of Cyber Security and Risk Auditing,1,0.0
Pediatric Research,1,0.0
Artificial photosynthesis.,1,0.0
Journal of Geographical Systems,1,0.0
Discover Chemistry.,1,0.0
AgriEngineering,1,0.0
The Microbe,1,0.0
Informatics and Health,1,0.0
Polymer,1,0.0
Quantitative Biology,1,0.0
Bulletin of the National Research Centre/Bulletin of the National Research Center,1,0.0
Buildings,1,0.0
Physica B Condensed Matter,1,0.0
Discover Medicine,1,0.0
Sustainable Chemistry for Climate Action,1,0.0
Neurodiversity,1,0.0
Advances in Simulation,1,0.0
Journal of Ginseng Research,1,0.0
International Journal of Coal Science & Technology,1,0.0
Telecommunication Systems,1,0.0
Experimental Astronomy,1,0.0
Emergency Management Science and Technology,1,0.0
Journal of Empirical Legal Studies,1,0.0
Polymer science & technology.,1,0.0
International Journal of Progressive Research in Engineering Management and Science,1,0.0
Blood Cancer Discovery,1,0.0
Nature Mental Health,1,0.0
Tomography,1,0.0
Chemical Research in Toxicology,1,0.0
Photonics,1,0.0
Archives of Pharmacal Research,1,0.0
ENLIGHTEN (Jurnal Bimbingan dan Konseling Islam),1,0.0
BMC Chemistry,1,0.0
Materials Circular Economy,1,0.0
International journal of mechanical system dynamics,1,0.0
Unitext,1,0.0
International Journal of School Social Work,1,0.0
Polymer Composites,1,0.0
Sustainable Chemistry and Pharmacy,1,0.0
Augmentative and Alternative Communication,1,0.0
International Journal of Mathematics for Industry,1,0.0
Journal of Research in Special Educational Needs,1,0.0
Journal of Contaminant Hydrology,1,0.0
Chinese Journal of Plastic and Reconstructive Surgery,1,0.0
Materials Today Nano,1,0.0
Microbiology Research,1,0.0
Next Sustainability,1,0.0
npj Artificial Intelligence,1,0.0
Advances in Neurodevelopmental Disorders,1,0.0
Journal of Peace Research,1,0.0
Discover Plants.,1,0.0
Vacuum,1,0.0
Proceedings of the ACM on software engineering.,1,0.0
Ocean Yearbook Online,1,0.0
Chaos An Interdisciplinary Journal of Nonlinear Science,1,0.0
Emergentes - Revista Científica,1,0.0
Chemical Research in Chinese Universities,1,0.0
Journal of Human Earth and Future,1,0.0
IET Smart Grid,1,0.0
Teaching Exceptional Children,1,0.0
Coatings,1,0.0
npj Biofilms and Microbiomes,1,0.0
IEEE/ASME Transactions on Mechatronics,1,0.0
Materials Genome Engineering Advances,1,0.0
"Biological and medical physics, biomedical engineering",1,0.0
The Planetary Science Journal,1,0.0
Imaging Neuroscience,1,0.0
Multimodal Technologies and Interaction,1,0.0
INTERNATIONAL JOURNAL OF CREATIVE RESEARCH THOUGHTS,1,0.0
Advances in Data Science and Adaptive Analysis,1,0.0
Nephrology Dialysis Transplantation,1,0.0
Drug Research,1,0.0
International Journal of Big Data Mining for Global Warming,1,0.0
European Journal of Education and Pedagogy,1,0.0
Immunity & Inflammation,1,0.0
Clinics and Practice,1,0.0
Micro and Nanostructures,1,0.0
Handbooks of sociology and social research,1,0.0
Engineering Technology & Applied Science Research,1,0.0
Economics Open,1,0.0
ACS electrochemistry.,1,0.0
CNS Neuroscience & Therapeutics,1,0.0
Materials Characterization,1,0.0
Studies in English Literature 1500-1900,1,0.0
Religions,1,0.0
Rhetorica Scandinavica,1,0.0
Repositorio Universidade de Évora (Universidade de Évora),1,0.0
Revista Ensino & Pesquisa,1,0.0
Advances in engineering research/Advances in Engineering Research,1,0.0
