topic,publication_count,percentage
Advanced Photocatalysis Techniques,1163,2.33
Electrocatalysts for Energy Conversion,1153,2.31
SARS-CoV-2 and COVID-19 Research,1092,2.18
Advancements in Battery Materials,1092,2.18
COVID-19 Clinical Research Studies,1061,2.12
Advanced battery technologies research,1041,2.08
Advanced Battery Materials and Technologies,983,1.97
Cancer Immunotherapy and Biomarkers,941,1.88
Gut microbiota and health,940,1.88
Advanced Neural Network Applications,844,1.69
Perovskite Materials and Applications,834,1.67
Artificial Intelligence in Healthcare and Education,826,1.65
Genomics and Phylogenetic Studies,745,1.49
Advanced Battery Technologies Research,655,1.31
Single-cell and spatial transcriptomics,643,1.29
Immune cells in cancer,621,1.24
RNA modifications and cancer,583,1.17
Cancer Genomics and Diagnostics,578,1.16
Microplastics and Plastic Pollution,564,1.13
Advanced Sensor and Energy Harvesting Materials,555,1.11
Topic Modeling,550,1.1
Long-Term Effects of COVID-19,541,1.08
Conducting polymers and applications,540,1.08
CAR-T cell therapy research,539,1.08
Supercapacitor Materials and Fabrication,534,1.07
Immune Cell Function and Interaction,525,1.05
Immunotherapy and Immune Responses,509,1.02
Recycling and Waste Management Techniques,505,1.01
COVID-19 and Mental Health,473,0.95
Domain Adaptation and Few-Shot Learning,465,0.93
Catalytic Processes in Materials Science,464,0.93
Advanced Image and Video Retrieval Techniques,434,0.87
Epigenetics and DNA Methylation,421,0.84
COVID-19 diagnosis using AI,420,0.84
Metal-Organic Frameworks: Synthesis and Applications,419,0.84
Computational Drug Discovery Methods,415,0.83
Neuroinflammation and Neurodegeneration Mechanisms,411,0.82
2D Materials and Applications,410,0.82
Quantum Dots Synthesis And Properties,410,0.82
RNA and protein synthesis mechanisms,407,0.81
Fuel Cells and Related Materials,405,0.81
Liver Disease Diagnosis and Treatment,392,0.78
Bioinformatics and Genomic Networks,391,0.78
Diet and metabolism studies,389,0.78
CRISPR and Genetic Engineering,378,0.76
Alzheimer's disease research and treatments,375,0.75
Multimodal Machine Learning Applications,372,0.74
MXene and MAX Phase Materials,371,0.74
Graphene research and applications,371,0.74
CO2 Reduction Techniques and Catalysts,362,0.72
Nanoplatforms for cancer theranostics,361,0.72
RNA Research and Splicing,361,0.72
Covalent Organic Framework Applications,355,0.71
Anomaly Detection Techniques and Applications,350,0.7
Machine Learning in Materials Science,347,0.69
COVID-19 epidemiological studies,345,0.69
Advanced biosensing and bioanalysis techniques,336,0.67
Radiomics and Machine Learning in Medical Imaging,335,0.67
RNA Interference and Gene Delivery,332,0.66
Ferroptosis and cancer prognosis,329,0.66
Chalcogenide Semiconductor Thin Films,329,0.66
MicroRNA in disease regulation,326,0.65
Genetic Associations and Epidemiology,323,0.65
Nanoparticles: synthesis and applications,319,0.64
Meta-analysis and systematic reviews,318,0.64
Diabetes Treatment and Management,314,0.63
Machine Learning in Healthcare,313,0.63
Advanced Memory and Neural Computing,309,0.62
Ammonia Synthesis and Nitrogen Reduction,306,0.61
Cancer Cells and Metastasis,302,0.6
Inflammasome and immune disorders,301,0.6
Extracellular vesicles in disease,301,0.6
Additive Manufacturing and 3D Printing Technologies,298,0.6
Microbial Community Ecology and Physiology,295,0.59
Digital Transformation in Industry,293,0.59
Hybrid Renewable Energy Systems,293,0.59
Nanoparticle-Based Drug Delivery,288,0.58
Explainable Artificial Intelligence (XAI),287,0.57
Graphene and Nanomaterials Applications,286,0.57
biodegradable polymer synthesis and properties,284,0.57
"Energy, Environment, Economic Growth",283,0.57
"Cancer, Hypoxia, and Metabolism",282,0.56
Blockchain Technology Applications and Security,282,0.56
Lung Cancer Treatments and Mutations,281,0.56
Natural Language Processing Techniques,280,0.56
Advanced Nanomaterials in Catalysis,280,0.56
IoT and Edge/Fog Computing,280,0.56
Tryptophan and brain disorders,277,0.55
AI in cancer detection,277,0.55
Cancer-related molecular mechanisms research,276,0.55
"Diabetes, Cardiovascular Risks, and Lipoproteins",273,0.55
Online Learning and Analytics,269,0.54
Video Surveillance and Tracking Methods,264,0.53
Electrochemical Analysis and Applications,264,0.53
Advanced Vision and Imaging,263,0.53
Climate variability and models,259,0.52
Sustainable Supply Chain Management,259,0.52
Protein Structure and Dynamics,257,0.51
Ethics and Social Impacts of AI,254,0.51
SARS-CoV-2 detection and testing,254,0.51
Human Pose and Action Recognition,247,0.49
"Health Systems, Economic Evaluations, Quality of Life",247,0.49
Gene expression and cancer classification,246,0.49
3D Printing in Biomedical Research,242,0.48
Advanced Image Processing Techniques,241,0.48
Environmental Sustainability in Business,240,0.48
Metabolomics and Mass Spectrometry Studies,238,0.48
Neural dynamics and brain function,237,0.47
Cell Image Analysis Techniques,234,0.47
Functional Brain Connectivity Studies,234,0.47
Air Quality and Health Impacts,229,0.46
Dementia and Cognitive Impairment Research,229,0.46
Antibiotic Resistance in Bacteria,229,0.46
Organic Electronics and Photovoltaics,226,0.45
Clostridium difficile and Clostridium perfringens research,225,0.45
Genomics and Chromatin Dynamics,224,0.45
Autophagy in Disease and Therapy,223,0.45
Soil Carbon and Nitrogen Dynamics,221,0.44
Pharmaceutical and Antibiotic Environmental Impacts,220,0.44
COVID-19 and healthcare impacts,220,0.44
Adversarial Robustness in Machine Learning,218,0.44
Topological Materials and Phenomena,215,0.43
Generative Adversarial Networks and Image Synthesis,214,0.43
AI in Service Interactions,214,0.43
Nanomaterials for catalytic reactions,211,0.42
Electrospun Nanofibers in Biomedical Applications,211,0.42
Atmospheric and Environmental Gas Dynamics,210,0.42
Mitochondrial Function and Pathology,203,0.41
Digital Marketing and Social Media,202,0.4
Pancreatic and Hepatic Oncology Research,201,0.4
Gas Sensing Nanomaterials and Sensors,201,0.4
Probiotics and Fermented Foods,200,0.4
Energy and Environment Impacts,200,0.4
Immune Response and Inflammation,198,0.4
T-cell and B-cell Immunology,198,0.4
Technology Adoption and User Behaviour,193,0.39
Mental Health Research Topics,193,0.39
"Cancer, Lipids, and Metabolism",192,0.38
Image Enhancement Techniques,191,0.38
Luminescence and Fluorescent Materials,191,0.38
Genomics and Rare Diseases,190,0.38
Hydrogen Storage and Materials,189,0.38
Global Cancer Incidence and Screening,189,0.38
Climate Change and Health Impacts,188,0.38
Metamaterials and Metasurfaces Applications,188,0.38
Advanced oxidation water treatment,187,0.37
Digital Mental Health Interventions,186,0.37
Plant Stress Responses and Tolerance,186,0.37
Nutritional Studies and Diet,185,0.37
Quantum Information and Cryptography,183,0.37
Cardiovascular Function and Risk Factors,181,0.36
"Obesity, Physical Activity, Diet",181,0.36
Advanced Antenna and Metasurface Technologies,179,0.36
Machine Learning and Data Classification,178,0.36
Health disparities and outcomes,177,0.35
Ionic liquids properties and applications,177,0.35
Atmospheric chemistry and aerosols,177,0.35
Robotics and Sensor-Based Localization,176,0.35
Land Use and Ecosystem Services,175,0.35
Extraction and Separation Processes,175,0.35
Climate Change Policy and Economics,174,0.35
"Metabolism, Diabetes, and Cancer",174,0.35
Species Distribution and Climate Change,173,0.35
Lung Cancer Diagnosis and Treatment,173,0.35
Privacy-Preserving Technologies in Data,173,0.35
Viral gastroenteritis research and epidemiology,172,0.34
interferon and immune responses,172,0.34
Misinformation and Its Impacts,170,0.34
Wound Healing and Treatments,169,0.34
Vaccine Coverage and Hesitancy,169,0.34
Copper-based nanomaterials and applications,167,0.33
Plant-Microbe Interactions and Immunity,167,0.33
Adsorption and biosorption for pollutant removal,167,0.33
Electromagnetic wave absorption materials,167,0.33
Animal Virus Infections Studies,166,0.33
Adipose Tissue and Metabolism,166,0.33
COVID-19 Pandemic Impacts,165,0.33
Phytochemicals and Antioxidant Activities,164,0.33
Virus-based gene therapy research,163,0.33
Remote-Sensing Image Classification,163,0.33
Big Data and Business Intelligence,162,0.32
"Energy, Environment, and Transportation Policies",162,0.32
Health Policy Implementation Science,162,0.32
Phagocytosis and Immune Regulation,161,0.32
"Galaxies: Formation, Evolution, Phenomena",160,0.32
Environmental Impact and Sustainability,159,0.32
Advanced Wireless Communication Technologies,158,0.32
Sepsis Diagnosis and Treatment,157,0.31
Remote Sensing in Agriculture,157,0.31
Bacteriophages and microbial interactions,156,0.31
Machine Learning in Bioinformatics,154,0.31
"Adipokines, Inflammation, and Metabolic Diseases",154,0.31
Network Security and Intrusion Detection,154,0.31
Metaheuristic Optimization Algorithms Research,154,0.31
Nutrition and Health in Aging,153,0.31
Genetic factors in colorectal cancer,153,0.31
Neuroscience and Neuropharmacology Research,152,0.3
Quantum Computing Algorithms and Architecture,152,0.3
Chromosomal and Genetic Variations,152,0.3
Membrane Separation Technologies,152,0.3
Colorectal Cancer Screening and Detection,151,0.3
Genetic Mapping and Diversity in Plants and Animals,149,0.3
Organic Light-Emitting Diodes Research,148,0.3
Neural Networks and Applications,148,0.3
Breast Cancer Treatment Studies,148,0.3
Advanced Graph Neural Networks,148,0.3
Pancreatic function and diabetes,147,0.29
Lung Cancer Research Studies,147,0.29
Corporate Social Responsibility Reporting,146,0.29
Gamma-ray bursts and supernovae,146,0.29
Mental Health Treatment and Access,146,0.29
Smart Agriculture and AI,146,0.29
Hepatocellular Carcinoma Treatment and Prognosis,146,0.29
HER2/EGFR in Cancer Research,145,0.29
Artificial Intelligence in Healthcare,145,0.29
Advanced Image Fusion Techniques,145,0.29
Colorectal Cancer Treatments and Studies,145,0.29
Acute Ischemic Stroke Management,144,0.29
Cosmology and Gravitation Theories,143,0.29
TiO2 Photocatalysis and Solar Cells,142,0.28
Parkinson's Disease Mechanisms and Treatments,141,0.28
Heavy metals in environment,141,0.28
Additive Manufacturing Materials and Processes,140,0.28
Child and Adolescent Psychosocial and Emotional Development,140,0.28
Circular RNAs in diseases,139,0.28
Monoclonal and Polyclonal Antibodies Research,139,0.28
Nanocluster Synthesis and Applications,138,0.28
Lipoproteins and Cardiovascular Health,137,0.27
Ubiquitin and proteasome pathways,137,0.27
EEG and Brain-Computer Interfaces,136,0.27
Antibiotic Use and Resistance,136,0.27
Ecology and Vegetation Dynamics Studies,136,0.27
Biosensors and Analytical Detection,135,0.27
Gold and Silver Nanoparticles Synthesis and Applications,135,0.27
Pulsars and Gravitational Waves Research,133,0.27
Advanced Breast Cancer Therapies,133,0.27
Bariatric Surgery and Outcomes,133,0.27
Glioma Diagnosis and Treatment,132,0.26
High Entropy Alloys Studies,132,0.26
Respiratory viral infections research,132,0.26
Heart Failure Treatment and Management,131,0.26
Advanced Materials and Mechanics,131,0.26
Diabetes and associated disorders,130,0.26
Gastric Cancer Management and Outcomes,130,0.26
"Diet, Metabolism, and Disease",129,0.26
Respiratory Support and Mechanisms,128,0.26
Immune responses and vaccinations,127,0.25
Atrial Fibrillation Management and Outcomes,126,0.25
Visual Attention and Saliency Detection,126,0.25
Carbon dioxide utilization in catalysis,126,0.25
Blood Pressure and Hypertension Studies,126,0.25
vaccines and immunoinformatics approaches,126,0.25
Healthcare professionals’ stress and burnout,125,0.25
Caching and Content Delivery,125,0.25
Cardiac Imaging and Diagnostics,125,0.25
Impact of Technology on Adolescents,125,0.25
Inflammatory Bowel Disease,123,0.25
Diabetes Management and Research,123,0.25
Liver Disease and Transplantation,123,0.25
Microbial Metabolic Engineering and Bioproduction,122,0.24
Astronomy and Astrophysical Research,122,0.24
Cancer-related gene regulation,122,0.24
Behavioral Health and Interventions,121,0.24
Gastrointestinal motility and disorders,121,0.24
Peptidase Inhibition and Analysis,121,0.24
"Genetics, Bioinformatics, and Biomedical Research",121,0.24
Advanced Multi-Objective Optimization Algorithms,121,0.24
Legume Nitrogen Fixing Symbiosis,121,0.24
Meteorological Phenomena and Simulations,121,0.24
Plant Water Relations and Carbon Dynamics,120,0.24
Prostate Cancer Diagnosis and Treatment,120,0.24
Neuroscience and Neural Engineering,120,0.24
Advanced Proteomics Techniques and Applications,120,0.24
Chronic Kidney Disease and Diabetes,120,0.24
Rheumatoid Arthritis Research and Therapies,119,0.24
Prostate Cancer Treatment and Research,119,0.24
Image and Signal Denoising Methods,118,0.24
3D Shape Modeling and Analysis,118,0.24
Bone Tissue Engineering Materials,118,0.24
"Neutrophil, Myeloperoxidase and Oxidative Mechanisms",117,0.23
Biomedical Text Mining and Ontologies,116,0.23
Global Public Health Policies and Epidemiology,116,0.23
Advanced Malware Detection Techniques,116,0.23
Electronic and Structural Properties of Oxides,116,0.23
Neural Networks and Reservoir Computing,116,0.23
Physical Activity and Health,115,0.23
Agriculture Sustainability and Environmental Impact,115,0.23
Ferroelectric and Negative Capacitance Devices,114,0.23
Plant and animal studies,114,0.23
"Cardiac, Anesthesia and Surgical Outcomes",114,0.23
Enzyme Structure and Function,113,0.23
Photonic and Optical Devices,113,0.23
"IL-33, ST2, and ILC Pathways",112,0.22
Mosquito-borne diseases and control,112,0.22
Sleep and related disorders,111,0.22
Social Media and Politics,111,0.22
Cancer Research and Treatments,111,0.22
Market Dynamics and Volatility,111,0.22
Esophageal Cancer Research and Treatment,110,0.22
Asthma and respiratory diseases,110,0.22
Helicobacter pylori-related gastroenterology studies,110,0.22
"Genetics, Aging, and Longevity in Model Organisms",109,0.22
"Hydrogels: synthesis, properties, applications",109,0.22
Delphi Technique in Research,109,0.22
Evolutionary Algorithms and Applications,109,0.22
Catalysis and Oxidation Reactions,108,0.22
Advanced Causal Inference Techniques,108,0.22
Genetic diversity and population structure,108,0.22
Endoplasmic Reticulum Stress and Disease,108,0.22
Energy Load and Power Forecasting,108,0.22
Catalytic C–H Functionalization Methods,108,0.22
Cancer-related Molecular Pathways,107,0.21
Radical Photochemical Reactions,107,0.21
Acute Myocardial Infarction Research,107,0.21
Intensive Care Unit Cognitive Disorders,106,0.21
Nanocomposite Films for Food Packaging,106,0.21
"Stellar, planetary, and galactic studies",106,0.21
Pluripotent Stem Cells Research,106,0.21
Protein Degradation and Inhibitors,106,0.21
Frailty in Older Adults,106,0.21
PARP inhibition in cancer therapy,106,0.21
Mobile Health and mHealth Applications,106,0.21
Urban Heat Island Mitigation,106,0.21
Solar-Powered Water Purification Methods,106,0.21
Model Reduction and Neural Networks,105,0.21
Viral Infections and Vectors,105,0.21
Face recognition and analysis,105,0.21
Electrochemical sensors and biosensors,104,0.21
Medical Image Segmentation Techniques,104,0.21
Brain Tumor Detection and Classification,103,0.21
Solid-state spectroscopy and crystallography,103,0.21
Computer Graphics and Visualization Techniques,102,0.2
Hydrology and Watershed Management Studies,102,0.2
Carbon Dioxide Capture Technologies,102,0.2
Oral microbiology and periodontitis research,102,0.2
Statistical Methods and Inference,102,0.2
Qualitative Research Methods and Applications,102,0.2
Innovation and Knowledge Management,100,0.2
Advanced Drug Delivery Systems,100,0.2
Biofuel production and bioconversion,100,0.2
COVID-19 Impact on Reproduction,100,0.2
Cardiovascular Health and Risk Factors,100,0.2
Supply Chain Resilience and Risk Management,100,0.2
Advanced Chemical Sensor Technologies,99,0.2
Innovative Microfluidic and Catalytic Techniques Innovation,99,0.2
Complex Network Analysis Techniques,99,0.2
"Birth, Development, and Health",99,0.2
Advanced Condensed Matter Physics,99,0.2
Quantum and electron transport phenomena,99,0.2
Stress Responses and Cortisol,99,0.2
Flood Risk Assessment and Management,98,0.2
Statistical Methods and Bayesian Inference,97,0.19
Recommender Systems and Techniques,97,0.19
Manufacturing Process and Optimization,97,0.19
Melanoma and MAPK Pathways,97,0.19
Drug Transport and Resistance Mechanisms,97,0.19
Time Series Analysis and Forecasting,97,0.19
Virtual Reality Applications and Impacts,97,0.19
Systemic Lupus Erythematosus Research,97,0.19
Face and Expression Recognition,97,0.19
Image Processing Techniques and Applications,96,0.19
Plant Virus Research Studies,96,0.19
Plant Molecular Biology Research,96,0.19
Carbon and Quantum Dots Applications,96,0.19
Atherosclerosis and Cardiovascular Diseases,96,0.19
Municipal Solid Waste Management,96,0.19
Neonatal Respiratory Health Research,95,0.19
Viral Infections and Outbreaks Research,95,0.19
Molecular Biology Techniques and Applications,95,0.19
BRCA gene mutations in cancer,95,0.19
Global Maternal and Child Health,94,0.19
Renal cell carcinoma treatment,94,0.19
Heavy Metal Exposure and Toxicity,93,0.19
Gene Regulatory Network Analysis,93,0.19
"Genomics, phytochemicals, and oxidative stress",92,0.18
Autism Spectrum Disorder Research,92,0.18
"Health, Environment, Cognitive Aging",92,0.18
Statistical Methods in Clinical Trials,92,0.18
Imbalanced Data Classification Techniques,91,0.18
Corporate Finance and Governance,91,0.18
Catalysts for Methane Reforming,91,0.18
Bacterial biofilms and quorum sensing,91,0.18
Machine Fault Diagnosis Techniques,91,0.18
Dietary Effects on Health,91,0.18
Neurogenesis and neuroplasticity mechanisms,91,0.18
Chronic Obstructive Pulmonary Disease (COPD) Research,91,0.18
Bladder and Urothelial Cancer Treatments,90,0.18
Photosynthetic Processes and Mechanisms,90,0.18
Essential Oils and Antimicrobial Activity,90,0.18
Electric Vehicles and Infrastructure,89,0.18
Effects and risks of endocrine disrupting chemicals,89,0.18
Sentiment Analysis and Opinion Mining,89,0.18
Astrophysical Phenomena and Observations,89,0.18
Consumer Behavior in Brand Consumption and Identification,89,0.18
Thermal Radiation and Cooling Technologies,89,0.18
Urban Green Space and Health,88,0.18
Quantum many-body systems,88,0.18
Genetic and phenotypic traits in livestock,88,0.18
"Telomeres, Telomerase, and Senescence",88,0.18
Tactile and Sensory Interactions,88,0.18
Photoreceptor and optogenetics research,87,0.17
Global Energy and Sustainability Research,87,0.17
Membrane Separation and Gas Transport,87,0.17
Advanced MIMO Systems Optimization,87,0.17
X-ray Diffraction in Crystallography,86,0.17
Venous Thromboembolism Diagnosis and Management,86,0.17
Financial Markets and Investment Strategies,86,0.17
Customer Service Quality and Loyalty,86,0.17
Dielectric materials and actuators,86,0.17
Environmental Education and Sustainability,86,0.17
Speech Recognition and Synthesis,86,0.17
Cardiovascular Disease and Adiposity,85,0.17
Qualitative Research Methods and Ethics,85,0.17
Cardiac Valve Diseases and Treatments,85,0.17
Semiconductor materials and devices,85,0.17
Advanced Thermoelectric Materials and Devices,84,0.17
Catalysis for Biomass Conversion,84,0.17
Dermatology and Skin Diseases,84,0.17
Evolution and Genetic Dynamics,84,0.17
Solar Thermal and Photovoltaic Systems,84,0.17
Scientific Computing and Data Management,83,0.17
Circadian rhythm and melatonin,83,0.17
"Conservation, Biodiversity, and Resource Management",83,0.17
High-Temperature Coating Behaviors,83,0.17
Stock Market Forecasting Methods,83,0.17
Infection Control and Ventilation,83,0.17
Microgrid Control and Optimization,83,0.17
Analytical Chemistry and Sensors,82,0.16
Astrophysics and Cosmic Phenomena,82,0.16
Alcohol Consumption and Health Effects,82,0.16
Cardiac Arrest and Resuscitation,82,0.16
Particle physics theoretical and experimental studies,82,0.16
Spectroscopy and Chemometric Analyses,81,0.16
Cancer Mechanisms and Therapy,81,0.16
Remote Sensing and LiDAR Applications,81,0.16
Mycorrhizal Fungi and Plant Interactions,81,0.16
Pregnancy and preeclampsia studies,80,0.16
Acute Myeloid Leukemia Research,80,0.16
Nanowire Synthesis and Applications,80,0.16
"FinTech, Crowdfunding, Digital Finance",80,0.16
Microbial Natural Products and Biosynthesis,80,0.16
Plasmonic and Surface Plasmon Research,80,0.16
Chronic Disease Management Strategies,79,0.16
Cytokine Signaling Pathways and Interactions,79,0.16
Trace Elements in Health,79,0.16
UAV Applications and Optimization,79,0.16
Fire effects on ecosystems,79,0.16
Energy Harvesting in Wireless Networks,79,0.16
Neurological disorders and treatments,79,0.16
Fault Detection and Control Systems,79,0.16
Cryospheric studies and observations,78,0.16
Infrastructure Maintenance and Monitoring,78,0.16
Climate change impacts on agriculture,78,0.16
Advanced Chemical Physics Studies,78,0.16
Advanced Neuroimaging Techniques and Applications,78,0.16
Bacterial Identification and Susceptibility Testing,78,0.16
Free Radicals and Antioxidants,78,0.16
Microscopic Colitis,78,0.16
ATP Synthase and ATPases Research,78,0.16
ZnO doping and properties,78,0.16
Reinforcement Learning in Robotics,77,0.15
Plant nutrient uptake and metabolism,77,0.15
Industrial Vision Systems and Defect Detection,77,0.15
Ferroelectric and Piezoelectric Materials,77,0.15
Advanced Text Analysis Techniques,77,0.15
Hepatitis B Virus Studies,77,0.15
Cervical Cancer and HPV Research,77,0.15
Interstitial Lung Diseases and Idiopathic Pulmonary Fibrosis,76,0.15
RNA regulation and disease,76,0.15
"Healthcare cost, quality, practices",76,0.15
Tissue Engineering and Regenerative Medicine,76,0.15
Pharmacology and Obesity Treatment,76,0.15
Plant Parasitism and Resistance,76,0.15
Smart Grid Energy Management,76,0.15
Cryptography and Data Security,75,0.15
Antimicrobial Peptides and Activities,75,0.15
Child Nutrition and Water Access,75,0.15
Antioxidant Activity and Oxidative Stress,75,0.15
Traffic Prediction and Management Techniques,75,0.15
Cell death mechanisms and regulation,75,0.15
Ovarian cancer diagnosis and treatment,75,0.15
Cancer Risks and Factors,75,0.15
Viral Infections and Immunology Research,75,0.15
Colorectal Cancer Surgical Treatments,75,0.15
3D Surveying and Cultural Heritage,75,0.15
scientometrics and bibliometrics research,74,0.15
Retinal Diseases and Treatments,74,0.15
Cerebrovascular and Carotid Artery Diseases,74,0.15
Internet Traffic Analysis and Secure E-voting,74,0.15
Sleep and Wakefulness Research,74,0.15
Atmospheric Ozone and Climate,73,0.15
Genomic variations and chromosomal abnormalities,73,0.15
Osteoarthritis Treatment and Mechanisms,73,0.15
Chronic Lymphocytic Leukemia Research,73,0.15
Hyperglycemia and glycemic control in critically ill and hospitalized patients,73,0.15
Plant responses to elevated CO2,73,0.15
Retinal Imaging and Analysis,73,0.15
Music and Audio Processing,73,0.15
Employment and Welfare Studies,73,0.15
Mesenchymal stem cell research,73,0.15
Lymphoma Diagnosis and Treatment,73,0.15
Nosocomial Infections in ICU,72,0.14
Ethics in Clinical Research,72,0.14
Diabetic Foot Ulcer Assessment and Management,72,0.14
Dialysis and Renal Disease Management,72,0.14
Antenna Design and Analysis,72,0.14
Catalysis and Hydrodesulfurization Studies,72,0.14
Cholangiocarcinoma and Gallbladder Cancer Studies,71,0.14
Autonomous Vehicle Technology and Safety,71,0.14
Data Analysis with R,71,0.14
Dark Matter and Cosmic Phenomena,71,0.14
PI3K/AKT/mTOR signaling in cancer,71,0.14
Speech and Audio Processing,71,0.14
Thermal Expansion and Ionic Conductivity,71,0.14
Cutaneous Melanoma Detection and Management,71,0.14
Zoonotic diseases and public health,71,0.14
Multiple Myeloma Research and Treatments,70,0.14
Molecular Sensors and Ion Detection,70,0.14
Quantum Mechanics and Applications,70,0.14
Polymer composites and self-healing,70,0.14
Air Quality Monitoring and Forecasting,70,0.14
Global Health Care Issues,70,0.14
Food Security and Health in Diverse Populations,70,0.14
Thermal properties of materials,70,0.14
Concrete and Cement Materials Research,70,0.14
Psychological Well-being and Life Satisfaction,69,0.14
Multiple Sclerosis Research Studies,69,0.14
"Anxiety, Depression, Psychometrics, Treatment, Cognitive Processes",69,0.14
Treatment of Major Depression,69,0.14
Evaluation and Performance Assessment,69,0.14
Memory and Neural Mechanisms,69,0.14
Mass Spectrometry Techniques and Applications,69,0.14
Thermochemical Biomass Conversion Processes,69,0.14
Cell Adhesion Molecules Research,69,0.14
Mechanical Circulatory Support Devices,69,0.14
Water-Energy-Food Nexus Studies,68,0.14
Marine and coastal ecosystems,68,0.14
Barrier Structure and Function Studies,68,0.14
Cardiac Health and Mental Health,68,0.14
Vitamin C and Antioxidants Research,68,0.14
Schizophrenia research and treatment,68,0.14
Coronary Interventions and Diagnostics,68,0.14
Chemistry and Chemical Engineering,68,0.14
Stroke Rehabilitation and Recovery,68,0.14
Neurological Disease Mechanisms and Treatments,67,0.13
Advanced Statistical Methods and Models,67,0.13
Advanced MRI Techniques and Applications,67,0.13
Advanced Electron Microscopy Techniques and Applications,67,0.13
Autoimmune and Inflammatory Disorders Research,67,0.13
Receptor Mechanisms and Signaling,67,0.13
Intracerebral and Subarachnoid Hemorrhage Research,67,0.13
Pneumonia and Respiratory Infections,67,0.13
Software Engineering Research,67,0.13
Innovations in Concrete and Construction Materials,66,0.13
Histone Deacetylase Inhibitors Research,66,0.13
Colorectal and Anal Carcinomas,66,0.13
Pancreatitis Pathology and Treatment,66,0.13
Pharmacological Receptor Mechanisms and Effects,65,0.13
Renal and related cancers,65,0.13
Integrated Energy Systems Optimization,65,0.13
Water Quality Monitoring and Analysis,65,0.13
Cellular Mechanics and Interactions,65,0.13
Membrane-based Ion Separation Techniques,65,0.13
Lignin and Wood Chemistry,64,0.13
Intelligent Tutoring Systems and Adaptive Learning,64,0.13
Monetary Policy and Economic Impact,64,0.13
Text and Document Classification Technologies,64,0.13
Spectroscopy and Quantum Chemical Studies,64,0.13
Endometrial and Cervical Cancer Treatments,64,0.13
Musculoskeletal pain and rehabilitation,64,0.13
Cardiac Arrhythmias and Treatments,64,0.13
Online and Blended Learning,64,0.13
Digital Media Forensic Detection,64,0.13
Quality and Supply Management,64,0.13
Context-Aware Activity Recognition Systems,64,0.13
DNA Repair Mechanisms,64,0.13
Advanced Cellulose Research Studies,64,0.13
Toxic Organic Pollutants Impact,64,0.13
Amyotrophic Lateral Sclerosis Research,63,0.13
Surface Modification and Superhydrophobicity,63,0.13
Micro and Nano Robotics,63,0.13
COVID-19 impact on air quality,63,0.13
Multiple and Secondary Primary Cancers,62,0.12
Building Energy and Comfort Optimization,62,0.12
Natural Antidiabetic Agents Studies,62,0.12
Brain Metastases and Treatment,62,0.12
Computational Physics and Python Applications,62,0.12
Acute Kidney Injury Research,62,0.12
Cancer Treatment and Pharmacology,62,0.12
Traumatic Brain Injury and Neurovascular Disturbances,62,0.12
Genetics and Neurodevelopmental Disorders,62,0.12
Cardiac pacing and defibrillation studies,61,0.12
Physics of Superconductivity and Magnetism,61,0.12
Educational Games and Gamification,61,0.12
Geophysics and Gravity Measurements,61,0.12
Clinical Reasoning and Diagnostic Skills,61,0.12
Human Mobility and Location-Based Analysis,61,0.12
Lipid Membrane Structure and Behavior,61,0.12
Machine Learning and ELM,61,0.12
Head and Neck Cancer Studies,61,0.12
Magnetic properties of thin films,61,0.12
Climate change and permafrost,61,0.12
Hydrology and Drought Analysis,61,0.12
Neural and Behavioral Psychology Studies,61,0.12
Luminescence Properties of Advanced Materials,61,0.12
Innovation and Socioeconomic Development,60,0.12
Hepatitis C virus research,60,0.12
Image Retrieval and Classification Techniques,60,0.12
Nematode management and characterization studies,60,0.12
Economic and Environmental Valuation,60,0.12
Cardiac Structural Anomalies and Repair,60,0.12
Cancer survivorship and care,60,0.12
Influenza Virus Research Studies,60,0.12
Reproductive System and Pregnancy,60,0.12
Environmental remediation with nanomaterials,59,0.12
Bone health and osteoporosis research,59,0.12
Psoriasis: Treatment and Pathogenesis,59,0.12
Data Stream Mining Techniques,59,0.12
Clinical practice guidelines implementation,59,0.12
Job Satisfaction and Organizational Behavior,59,0.12
Chemical Synthesis and Analysis,59,0.12
Child Development and Digital Technology,59,0.12
Magnetic and transport properties of perovskites and related materials,59,0.12
Aluminum Alloys Composites Properties,59,0.12
Liver physiology and pathology,58,0.12
Heme Oxygenase-1 and Carbon Monoxide,58,0.12
Water Treatment and Disinfection,58,0.12
Obesity and Health Practices,58,0.12
"Cancer, Stress, Anesthesia, and Immune Response",58,0.12
Electronic Health Records Systems,58,0.12
Gestational Diabetes Research and Management,58,0.12
Fiscal Policy and Economic Growth,58,0.12
Sulfur-Based Synthesis Techniques,58,0.12
Photodynamic Therapy Research Studies,58,0.12
Service and Product Innovation,57,0.11
Opioid Use Disorder Treatment,57,0.11
Metabolism and Genetic Disorders,57,0.11
Modular Robots and Swarm Intelligence,57,0.11
Food Waste Reduction and Sustainability,56,0.11
Geology and Paleoclimatology Research,56,0.11
Arctic and Antarctic ice dynamics,56,0.11
Forecasting Techniques and Applications,56,0.11
Robotic Path Planning Algorithms,56,0.11
Posttraumatic Stress Disorder Research,56,0.11
Remote Sensing and Land Use,56,0.11
Inflammatory Biomarkers in Disease Prognosis,55,0.11
Molecular Junctions and Nanostructures,55,0.11
Substance Abuse Treatment and Outcomes,55,0.11
Crystallography and molecular interactions,55,0.11
Cholinesterase and Neurodegenerative Diseases,55,0.11
Telemedicine and Telehealth Implementation,55,0.11
Click Chemistry and Applications,55,0.11
Peripheral Neuropathies and Disorders,55,0.11
Radio Astronomy Observations and Technology,54,0.11
Psychology of Moral and Emotional Judgment,54,0.11
Antifungal resistance and susceptibility,54,0.11
Traumatic Brain Injury Research,54,0.11
Neurotransmitter Receptor Influence on Behavior,54,0.11
Suicide and Self-Harm Studies,54,0.11
Healthcare Policy and Management,54,0.11
Water Quality Monitoring Technologies,53,0.11
Digital Platforms and Economics,53,0.11
Analytical chemistry methods development,53,0.11
Climate Change Communication and Perception,53,0.11
"Gout, Hyperuricemia, Uric Acid",53,0.11
Redox biology and oxidative stress,53,0.11
Radiopharmaceutical Chemistry and Applications,53,0.11
Innovative Teaching and Learning Methods,53,0.11
IoT Networks and Protocols,53,0.11
Maternal Mental Health During Pregnancy and Postpartum,53,0.11
Sirtuins and Resveratrol in Medicine,53,0.11
Emotion and Mood Recognition,53,0.11
"Auditing, Earnings Management, Governance",53,0.11
Technology-Enhanced Education Studies,53,0.11
Consumer Retail Behavior Studies,52,0.1
Supramolecular Self-Assembly in Materials,52,0.1
Peatlands and Wetlands Ecology,52,0.1
Electron and X-Ray Spectroscopy Techniques,52,0.1
Fibromyalgia and Chronic Fatigue Syndrome Research,52,0.1
Viral Infectious Diseases and Gene Expression in Insects,52,0.1
Bone Metabolism and Diseases,52,0.1
CCD and CMOS Imaging Sensors,52,0.1
Multiferroics and related materials,52,0.1
Polymer Surface Interaction Studies,52,0.1
Plant responses to water stress,52,0.1
Smart Cities and Technologies,52,0.1
Opinion Dynamics and Social Influence,52,0.1
Political Economy and Marxism,52,0.1
Natural Fiber Reinforced Composites,51,0.1
Innovative concrete reinforcement materials,51,0.1
Nanopore and Nanochannel Transport Studies,51,0.1
Digital Economy and Work Transformation,51,0.1
Advanced Glycation End Products research,51,0.1
Advanced Fluorescence Microscopy Techniques,51,0.1
Child Abuse and Trauma,51,0.1
Sustainability and Climate Change Governance,51,0.1
Mobile Crowdsensing and Crowdsourcing,51,0.1
Social and Intergroup Psychology,51,0.1
Smart Grid Security and Resilience,50,0.1
Flexible and Reconfigurable Manufacturing Systems,50,0.1
Resilience and Mental Health,50,0.1
Asymmetric Hydrogenation and Catalysis,50,0.1
Advanced materials and composites,50,0.1
Sodium Intake and Health,50,0.1
Pharmacogenetics and Drug Metabolism,50,0.1
Antiplatelet Therapy and Cardiovascular Diseases,50,0.1
Pain Mechanisms and Treatments,50,0.1
Cytomegalovirus and herpesvirus research,50,0.1
Astro and Planetary Science,50,0.1
High-pressure geophysics and materials,50,0.1
Allergic Rhinitis and Sensitization,50,0.1
Hate Speech and Cyberbullying Detection,50,0.1
Indoor and Outdoor Localization Technologies,49,0.1
Cold Atom Physics and Bose-Einstein Condensates,49,0.1
Neuroendocrine Tumor Research Advances,49,0.1
Eating Disorders and Behaviors,49,0.1
Solar Radiation and Photovoltaics,49,0.1
Glycosylation and Glycoproteins Research,49,0.1
Primary Care and Health Outcomes,49,0.1
Hydrological Forecasting Using AI,49,0.1
Iron Metabolism and Disorders,49,0.1
Psychometric Methodologies and Testing,49,0.1
Consumer Attitudes and Food Labeling,49,0.1
Environmental DNA in Biodiversity Studies,48,0.1
Cellular and Composite Structures,48,0.1
CO2 Sequestration and Geologic Interactions,48,0.1
Sustainable Industrial Ecology,48,0.1
Non-Invasive Vital Sign Monitoring,48,0.1
Cancer therapeutics and mechanisms,48,0.1
Dermatological and COVID-19 studies,48,0.1
Machine Learning and Algorithms,48,0.1
Heart Rate Variability and Autonomic Control,48,0.1
Advanced Fiber Laser Technologies,48,0.1
Attention Deficit Hyperactivity Disorder,48,0.1
Healthcare and Environmental Waste Management,48,0.1
Gaussian Processes and Bayesian Inference,48,0.1
Cardiac electrophysiology and arrhythmias,47,0.09
Soft Robotics and Applications,47,0.09
Pain Management and Opioid Use,47,0.09
Ga2O3 and related materials,47,0.09
Eosinophilic Esophagitis,47,0.09
Bacterial Genetics and Biotechnology,47,0.09
Sustainable Development and Environmental Policy,47,0.09
Mental Health via Writing,47,0.09
Insect and Pesticide Research,46,0.09
Methane Hydrates and Related Phenomena,46,0.09
Quantum Mechanics and Non-Hermitian Physics,46,0.09
Thyroid Cancer Diagnosis and Treatment,46,0.09
Mycobacterium research and diagnosis,46,0.09
Antimicrobial agents and applications,46,0.09
"Trauma, Hemostasis, Coagulopathy, Resuscitation",46,0.09
Stochastic Gradient Optimization Techniques,46,0.09
"Nutrition, Genetics, and Disease",46,0.09
Innovation Diffusion and Forecasting,46,0.09
Data Mining Algorithms and Applications,45,0.09
Neurogenetic and Muscular Disorders Research,45,0.09
Angiogenesis and VEGF in Cancer,45,0.09
Cannabis and Cannabinoid Research,45,0.09
Early Childhood Education and Development,45,0.09
Optical Network Technologies,45,0.09
Geochemistry and Geologic Mapping,45,0.09
Heparin-Induced Thrombocytopenia and Thrombosis,45,0.09
Soil and Water Nutrient Dynamics,45,0.09
Sustainable Finance and Green Bonds,45,0.09
Analytical Chemistry and Chromatography,45,0.09
Phase Change Materials Research,45,0.09
Health Promotion and Cardiovascular Prevention,45,0.09
Radioactive element chemistry and processing,45,0.09
Microbial Metabolites in Food Biotechnology,45,0.09
Per- and polyfluoroalkyl substances research,45,0.09
Economic and Financial Impacts of Cancer,45,0.09
Motivation and Self-Concept in Sports,45,0.09
Insect symbiosis and bacterial influences,44,0.09
Coral and Marine Ecosystems Studies,44,0.09
Green IT and Sustainability,44,0.09
Qualitative Comparative Analysis Research,44,0.09
Advancements in Semiconductor Devices and Circuit Design,44,0.09
Black Holes and Theoretical Physics,44,0.09
Childhood Cancer Survivors' Quality of Life,44,0.09
Data Quality and Management,44,0.09
Wildlife Ecology and Conservation,44,0.09
Plant tissue culture and regeneration,44,0.09
Healthcare Systems and Reforms,44,0.09
Body Composition Measurement Techniques,44,0.09
Child Nutrition and Feeding Issues,44,0.09
Concrete Corrosion and Durability,44,0.09
Sharing Economy and Platforms,44,0.09
Photoacoustic and Ultrasonic Imaging,44,0.09
Smoking Behavior and Cessation,44,0.09
Astrophysics and Star Formation Studies,44,0.09
Cardiovascular and exercise physiology,44,0.09
Plant biochemistry and biosynthesis,44,0.09
Synthesis and Catalytic Reactions,43,0.09
Olfactory and Sensory Function Studies,43,0.09
Organizational and Employee Performance,43,0.09
Liver Diseases and Immunity,43,0.09
Management and Organizational Studies,43,0.09
Spondyloarthritis Studies and Treatments,43,0.09
Soil Geostatistics and Mapping,43,0.09
Spectroscopy Techniques in Biomedical and Chemical Research,43,0.09
Quantum Chromodynamics and Particle Interactions,43,0.09
Biomedical and Engineering Education,43,0.09
Biochemical Analysis and Sensing Techniques,43,0.09
Zeolite Catalysis and Synthesis,43,0.09
Spam and Phishing Detection,43,0.09
Innovations in Medical Education,43,0.09
"Privacy, Security, and Data Protection",42,0.08
Family and Disability Support Research,42,0.08
Advancements in Transdermal Drug Delivery,42,0.08
Bacillus and Francisella bacterial research,42,0.08
Lipid metabolism and biosynthesis,42,0.08
Hormonal Regulation and Hypertension,42,0.08
Reproductive Biology and Fertility,42,0.08
E-Learning and Knowledge Management,42,0.08
Enzyme-mediated dye degradation,42,0.08
Photonic Crystals and Applications,42,0.08
Aortic Disease and Treatment Approaches,42,0.08
Transition Metal Oxide Nanomaterials,42,0.08
Ovarian function and disorders,42,0.08
Nerve injury and regeneration,42,0.08
Neuropeptides and Animal Physiology,42,0.08
Neurological diseases and metabolism,42,0.08
Advanced Thermodynamics and Statistical Mechanics,42,0.08
Water resources management and optimization,42,0.08
Protein Hydrolysis and Bioactive Peptides,42,0.08
Bone health and treatments,42,0.08
Muscle activation and electromyography studies,42,0.08
Digital Imaging for Blood Diseases,42,0.08
Vibrio bacteria research studies,42,0.08
Advanced Polymer Synthesis and Characterization,42,0.08
Decision-Making and Behavioral Economics,42,0.08
"Health, psychology, and well-being",42,0.08
Medical Imaging Techniques and Applications,42,0.08
Chronic Myeloid Leukemia Treatments,42,0.08
Adrenal Hormones and Disorders,42,0.08
Economic and Technological Innovation,41,0.08
Herpesvirus Infections and Treatments,41,0.08
ECG Monitoring and Analysis,41,0.08
Bipolar Disorder and Treatment,41,0.08
Obstructive Sleep Apnea Research,41,0.08
Silk-based biomaterials and applications,41,0.08
Curcumin's Biomedical Applications,41,0.08
Plant Gene Expression Analysis,41,0.08
Plant Pathogens and Fungal Diseases,41,0.08
Infective Endocarditis Diagnosis and Management,41,0.08
Cardiac Fibrosis and Remodeling,41,0.08
"Migration, Health and Trauma",41,0.08
Media Influence and Health,41,0.08
Evolution and Paleontology Studies,41,0.08
Atmospheric aerosols and clouds,41,0.08
Optical Wireless Communication Technologies,40,0.08
Advanced X-ray and CT Imaging,40,0.08
Image and Video Quality Assessment,40,0.08
Text Readability and Simplification,40,0.08
Tuberculosis Research and Epidemiology,40,0.08
Acute Lymphoblastic Leukemia research,40,0.08
Clinical Nutrition and Gastroenterology,40,0.08
Structural Health Monitoring Techniques,40,0.08
"Insurance, Mortality, Demography, Risk Management",40,0.08
Mercury impact and mitigation studies,40,0.08
Complex Systems and Time Series Analysis,40,0.08
Welding Techniques and Residual Stresses,40,0.08
Cardiovascular Effects of Exercise,40,0.08
Fungal Infections and Studies,40,0.08
Systemic Sclerosis and Related Diseases,40,0.08
Pulmonary Hypertension Research and Treatments,40,0.08
Entrepreneurship Studies and Influences,40,0.08
Glutathione Transferases and Polymorphisms,40,0.08
Pediatric health and respiratory diseases,40,0.08
Media Influence and Politics,40,0.08
Hippo pathway signaling and YAP/TAZ,39,0.08
Genetic Neurodegenerative Diseases,39,0.08
Cloud Computing and Resource Management,39,0.08
Mechanical and Optical Resonators,39,0.08
Economic Growth and Productivity,39,0.08
Health Sciences Research and Education,39,0.08
Laser-Ablation Synthesis of Nanoparticles,39,0.08
Lanthanide and Transition Metal Complexes,39,0.08
Corrosion Behavior and Inhibition,39,0.08
Cholesterol and Lipid Metabolism,39,0.08
Neuroblastoma Research and Treatments,39,0.08
Forest Management and Policy,39,0.08
Inflammatory mediators and NSAID effects,39,0.08
Video Analysis and Summarization,39,0.08
Food composition and properties,39,0.08
Robot Manipulation and Learning,39,0.08
Protist diversity and phylogeny,39,0.08
Congenital heart defects research,39,0.08
Congenital Heart Disease Studies,39,0.08
Streptococcal Infections and Treatments,39,0.08
Renal Diseases and Glomerulopathies,39,0.08
Economic theories and models,38,0.08
Psychosomatic Disorders and Their Treatments,38,0.08
Breast Lesions and Carcinomas,38,0.08
Photovoltaic System Optimization Techniques,38,0.08
Fluid Dynamics and Turbulent Flows,38,0.08
Neuroendocrine regulation and behavior,38,0.08
Fibroblast Growth Factor Research,38,0.08
Noise Effects and Management,38,0.08
Antimicrobial Resistance in Staphylococcus,38,0.08
Antibiotics Pharmacokinetics and Efficacy,38,0.08
Algal biology and biofuel production,38,0.08
Hemodynamic Monitoring and Therapy,38,0.08
Cerebrospinal fluid and hydrocephalus,38,0.08
Calcium signaling and nucleotide metabolism,38,0.08
Transportation and Mobility Innovations,38,0.08
Global trade and economics,38,0.08
solar cell performance optimization,38,0.08
Infrared Target Detection Methodologies,38,0.08
Polysaccharides and Plant Cell Walls,38,0.08
Housing Market and Economics,37,0.07
Clay minerals and soil interactions,37,0.07
Retinal and Optic Conditions,37,0.07
Enzyme Catalysis and Immobilization,37,0.07
Polydiacetylene-based materials and applications,37,0.07
Dental Health and Care Utilization,37,0.07
Satellite Communication Systems,37,0.07
Diabetes Management and Education,37,0.07
Soil erosion and sediment transport,37,0.07
Bayesian Modeling and Causal Inference,37,0.07
Myeloproliferative Neoplasms: Diagnosis and Treatment,37,0.07
Marine and fisheries research,37,0.07
Lipid metabolism and disorders,37,0.07
Muscle Physiology and Disorders,37,0.07
Digestive system and related health,37,0.07
NF-κB Signaling Pathways,37,0.07
Coastal wetland ecosystem dynamics,37,0.07
Teacher Education and Leadership Studies,37,0.07
Cancer-related cognitive impairment studies,37,0.07
Complex Systems and Decision Making,36,0.07
Advancements in Solid Oxide Fuel Cells,36,0.07
Organ Transplantation Techniques and Outcomes,36,0.07
Plant Micronutrient Interactions and Effects,36,0.07
Hematopoietic Stem Cell Transplantation,36,0.07
Landslides and related hazards,36,0.07
Oceanographic and Atmospheric Processes,36,0.07
Vitamin D Research Studies,36,0.07
Parallel Computing and Optimization Techniques,36,0.07
Transportation Planning and Optimization,36,0.07
Advanced Statistical Modeling Techniques,36,0.07
Microtubule and mitosis dynamics,36,0.07
Cystic Fibrosis Research Advances,36,0.07
Microstructure and mechanical properties,36,0.07
Data-Driven Disease Surveillance,36,0.07
Muscle metabolism and nutrition,36,0.07
Urinary and Genital Oncology Studies,36,0.07
Urinary Tract Infections Management,36,0.07
Peripheral Artery Disease Management,36,0.07
Fatty Acid Research and Health,36,0.07
Advanced Data Storage Technologies,36,0.07
Total Knee Arthroplasty Outcomes,36,0.07
"Income, Poverty, and Inequality",35,0.07
Economic Theory and Policy,35,0.07
Engineering Education and Technology,35,0.07
Orthopaedic implants and arthroplasty,35,0.07
Wastewater Treatment and Nitrogen Removal,35,0.07
Cultural Differences and Values,35,0.07
Psychotherapy Techniques and Applications,35,0.07
Magnetism in coordination complexes,35,0.07
Millimeter-Wave Propagation and Modeling,35,0.07
Mindfulness and Compassion Interventions,35,0.07
Tropical and Extratropical Cyclones Research,35,0.07
Spinal Cord Injury Research,35,0.07
Kawasaki Disease and Coronary Complications,35,0.07
Chemotherapy-induced cardiotoxicity and mitigation,35,0.07
Pressure Ulcer Prevention and Management,35,0.07
Neuroscience of respiration and sleep,35,0.07
Multi-Criteria Decision Making,35,0.07
Hemoglobinopathies and Related Disorders,35,0.07
Distributed Control Multi-Agent Systems,35,0.07
Nuclear Receptors and Signaling,35,0.07
Evolutionary Game Theory and Cooperation,35,0.07
Protease and Inhibitor Mechanisms,35,0.07
Cognitive Abilities and Testing,34,0.07
Education and Critical Thinking Development,34,0.07
Malaria Research and Control,34,0.07
Vasculitis and related conditions,34,0.07
Gallbladder and Bile Duct Disorders,34,0.07
Gait Recognition and Analysis,34,0.07
HIV/AIDS Research and Interventions,34,0.07
Sparse and Compressive Sensing Techniques,34,0.07
Mental Health and Psychiatry,34,0.07
Speech and dialogue systems,34,0.07
Enhanced Recovery After Surgery,34,0.07
Teaching and Learning Programming,34,0.07
Sulfur Compounds in Biology,34,0.07
Palliative Care and End-of-Life Issues,34,0.07
Racial and Ethnic Identity Research,34,0.07
Eicosanoids and Hypertension Pharmacology,34,0.07
Wnt/β-catenin signaling in development and cancer,34,0.07
Algorithms and Data Compression,34,0.07
Food Supply Chain Traceability,34,0.07
Impact of Light on Environment and Health,33,0.07
Coastal and Marine Management,33,0.07
Epilepsy research and treatment,33,0.07
Infant Development and Preterm Care,33,0.07
Reproductive tract infections research,33,0.07
Agricultural risk and resilience,33,0.07
Supramolecular Chemistry and Complexes,33,0.07
Microfinance and Financial Inclusion,33,0.07
Biochemical and Structural Characterization,33,0.07
Skin Protection and Aging,33,0.07
Maternal and fetal healthcare,33,0.07
Inflammation biomarkers and pathways,33,0.07
S100 Proteins and Annexins,33,0.07
Light effects on plants,33,0.07
Pregnancy and Medication Impact,33,0.07
Erythrocyte Function and Pathophysiology,33,0.07
Underwater Vehicles and Communication Systems,33,0.07
Proteins in Food Systems,33,0.07
Spacecraft and Cryogenic Technologies,33,0.07
Soil and Unsaturated Flow,33,0.07
Child and Adolescent Health,33,0.07
Research Data Management Practices,33,0.07
Protein Kinase Regulation and GTPase Signaling,33,0.07
Retinal Development and Disorders,33,0.07
Food Allergy and Anaphylaxis Research,33,0.07
Insect and Arachnid Ecology and Behavior,32,0.06
Peroxisome Proliferator-Activated Receptors,32,0.06
Cardiovascular Health and Disease Prevention,32,0.06
Transcranial Magnetic Stimulation Studies,32,0.06
Community Health and Development,32,0.06
Mesoporous Materials and Catalysis,32,0.06
Electrohydrodynamics and Fluid Dynamics,32,0.06
Ecosystem dynamics and resilience,32,0.06
Traffic control and management,32,0.06
Phosphorus and nutrient management,32,0.06
Cardiomyopathy and Myosin Studies,32,0.06
Fish Ecology and Management Studies,32,0.06
Esophageal and GI Pathology,32,0.06
Vehicle emissions and performance,32,0.06
BIM and Construction Integration,32,0.06
Occupational Health and Safety Research,32,0.06
Glaucoma and retinal disorders,32,0.06
Magnesium Oxide Properties and Applications,32,0.06
Estrogen and related hormone effects,32,0.06
Poxvirus research and outbreaks,32,0.06
Psychedelics and Drug Studies,32,0.06
Diverse Aspects of Tourism Research,32,0.06
Thyroid Disorders and Treatments,32,0.06
Marine and coastal plant biology,32,0.06
Magnesium Alloys: Properties and Applications,32,0.06
Viral-associated cancers and disorders,32,0.06
Recycled Aggregate Concrete Performance,32,0.06
Mental Health and Patient Involvement,31,0.06
Animal Disease Management and Epidemiology,31,0.06
Economic Theory and Institutions,31,0.06
Health and Medical Research Impacts,31,0.06
Endometriosis Research and Treatment,31,0.06
Labor market dynamics and wage inequality,31,0.06
Advanced NMR Techniques and Applications,31,0.06
Electricity Theft Detection Techniques,31,0.06
Maternal and Perinatal Health Interventions,31,0.06
Microfluidic and Bio-sensing Technologies,31,0.06
Educational Curriculum and Learning Methods,31,0.06
Photovoltaic Systems and Sustainability,31,0.06
Pesticide and Herbicide Environmental Studies,31,0.06
"Education, Achievement, and Giftedness",31,0.06
Tree-ring climate responses,31,0.06
Salmonella and Campylobacter epidemiology,31,0.06
Data Visualization and Analytics,31,0.06
Digital literacy in education,31,0.06
Aluminum toxicity and tolerance in plants and animals,31,0.06
Exercise and Physiological Responses,31,0.06
Blood Coagulation and Thrombosis Mechanisms,31,0.06
Ophthalmology and Visual Impairment Studies,31,0.06
Gear and Bearing Dynamics Analysis,31,0.06
Social Policy and Reform Studies,31,0.06
Educational Methods and Media Use,30,0.06
Educational Innovations and Technology,30,0.06
Immunodeficiency and Autoimmune Disorders,30,0.06
Nanotechnology research and applications,30,0.06
Adsorption and Cooling Systems,30,0.06
Advanced Biosensing Techniques and Applications,30,0.06
Photochromic and Fluorescence Chemistry,30,0.06
Carbon Nanotubes in Composites,30,0.06
Work-Family Balance Challenges,30,0.06
Augmented Reality Applications,30,0.06
Eosinophilic Disorders and Syndromes,30,0.06
Reliability and Maintenance Optimization,30,0.06
Sports injuries and prevention,30,0.06
Sarcoma Diagnosis and Treatment,30,0.06
Folate and B Vitamins Research,30,0.06
Renal Transplantation Outcomes and Treatments,30,0.06
Experimental Behavioral Economics Studies,30,0.06
"Climate Change, Adaptation, Migration",30,0.06
Optical measurement and interference techniques,30,0.06
Chemokine receptors and signaling,30,0.06
Workplace Health and Well-being,30,0.06
Molecular spectroscopy and chirality,30,0.06
Human-Automation Interaction and Safety,30,0.06
Titanium Alloys Microstructure and Properties,30,0.06
Oxidative Organic Chemistry Reactions,30,0.06
Global Health and Surgery,30,0.06
Optical properties and cooling technologies in crystalline materials,30,0.06
Microbial Fuel Cells and Bioremediation,30,0.06
"Quantum, superfluid, helium dynamics",30,0.06
Advanced Bandit Algorithms Research,29,0.06
Action Observation and Synchronization,29,0.06
Electoral Systems and Political Participation,29,0.06
Galectins and Cancer Biology,29,0.06
Forest ecology and management,29,0.06
Spine and Intervertebral Disc Pathology,29,0.06
"Computability, Logic, AI Algorithms",29,0.06
Advanced Control Systems Optimization,29,0.06
Urban Transport and Accessibility,29,0.06
"Populism, Right-Wing Movements",29,0.06
Amino Acid Enzymes and Metabolism,29,0.06
Sex and Gender in Healthcare,29,0.06
Platelet Disorders and Treatments,29,0.06
Currency Recognition and Detection,29,0.06
High-Energy Particle Collisions Research,29,0.06
DNA and Nucleic Acid Chemistry,29,0.06
Isotope Analysis in Ecology,29,0.06
Spatial and Panel Data Analysis,29,0.06
Surgical Simulation and Training,29,0.06
Orbital Angular Momentum in Optics,29,0.06
Aquaculture Nutrition and Growth,29,0.06
Sustainable Building Design and Assessment,29,0.06
Orthopedic Infections and Treatments,29,0.06
"HIV, Drug Use, Sexual Risk",29,0.06
Medical Imaging and Analysis,29,0.06
Impact of AI and Big Data on Business and Society,29,0.06
Rice Cultivation and Yield Improvement,29,0.06
Innovation Policy and R&D,28,0.06
Internet of Things and AI,28,0.06
Medicinal Plants and Neuroprotection,28,0.06
Reliability and Agreement in Measurement,28,0.06
Sports Performance and Training,28,0.06
Pharmacological Effects and Toxicity Studies,28,0.06
Advanced Combustion Engine Technologies,28,0.06
Knowledge Management and Sharing,28,0.06
Anesthesia and Neurotoxicity Research,28,0.06
Chemical Synthesis and Characterization,28,0.06
Dental Research and COVID-19,28,0.06
Advanced ceramic materials synthesis,28,0.06
Business Strategy and Innovation,28,0.06
Silicon and Solar Cell Technologies,28,0.06
Catalytic Cross-Coupling Reactions,28,0.06
Adenosine and Purinergic Signaling,28,0.06
Cardiovascular Issues in Pregnancy,28,0.06
Virology and Viral Diseases,28,0.06
Children's Physical and Motor Development,28,0.06
Tracheal and airway disorders,28,0.06
Transplantation: Methods and Outcomes,28,0.06
Arsenic contamination and mitigation,28,0.06
Thin-Film Transistor Technologies,28,0.06
Plant Pathogenic Bacteria Studies,28,0.06
Animal testing and alternatives,28,0.06
Cellular transport and secretion,28,0.06
Solar and Space Plasma Dynamics,27,0.05
Private Equity and Venture Capital,27,0.05
Focus Groups and Qualitative Methods,27,0.05
Chemical Looping and Thermochemical Processes,27,0.05
Innovative Energy Harvesting Technologies,27,0.05
Atomic and Subatomic Physics Research,27,0.05
Boron and Carbon Nanomaterials Research,27,0.05
Groundwater and Isotope Geochemistry,27,0.05
"Race, History, and American Society",27,0.05
Participatory Visual Research Methods,27,0.05
Animal and Plant Science Education,27,0.05
Genetics and Plant Breeding,27,0.05
Computational and Text Analysis Methods,27,0.05
Meat and Animal Product Quality,27,0.05
Bayesian Methods and Mixture Models,27,0.05
Heat Transfer and Optimization,27,0.05
"Banking stability, regulation, efficiency",27,0.05
HIV/AIDS drug development and treatment,27,0.05
Radiology practices and education,27,0.05
Respiratory and Cough-Related Research,27,0.05
Migraine and Headache Studies,27,0.05
Blind Source Separation Techniques,27,0.05
Biosimilars and Bioanalytical Methods,27,0.05
Firm Innovation and Growth,27,0.05
Neonatal and fetal brain pathology,27,0.05
Neurobiology and Insect Physiology Research,27,0.05
Neurological Disorders and Treatments,27,0.05
Non-Destructive Testing Techniques,27,0.05
Infant Nutrition and Health,27,0.05
Nitric Oxide and Endothelin Effects,27,0.05
Polyoxometalates: Synthesis and Applications,27,0.05
Synthesis and Properties of Aromatic Compounds,26,0.05
Cerebral Palsy and Movement Disorders,26,0.05
Advanced Radiotherapy Techniques,26,0.05
Tea Polyphenols and Effects,26,0.05
Botulinum Toxin and Related Neurological Disorders,26,0.05
Wastewater Treatment and Reuse,26,0.05
HVDC Systems and Fault Protection,26,0.05
Electric and Hybrid Vehicle Technologies,26,0.05
Thermal Regulation in Medicine,26,0.05
Biomarkers in Disease Mechanisms,26,0.05
Molecular Communication and Nanonetworks,26,0.05
Supply Chain and Inventory Management,26,0.05
Regulation of Appetite and Obesity,26,0.05
"Language, Metaphor, and Cognition",26,0.05
Reproductive Health and Technologies,26,0.05
Iron oxide chemistry and applications,26,0.05
Cardiac Ischemia and Reperfusion,26,0.05
Vehicular Ad Hoc Networks (VANETs),26,0.05
Oral Health Pathology and Treatment,26,0.05
Dye analysis and toxicity,26,0.05
Simulation-Based Education in Healthcare,26,0.05
Inhalation and Respiratory Drug Delivery,25,0.05
Insect Pest Control Strategies,25,0.05
Image Processing and 3D Reconstruction,25,0.05
Precipitation Measurement and Analysis,25,0.05
Sleep and Work-Related Fatigue,25,0.05
Innovative Human-Technology Interaction,25,0.05
Drug Solubulity and Delivery Systems,25,0.05
Distributed and Parallel Computing Systems,25,0.05
Pain Management and Placebo Effect,25,0.05
Natural product bioactivities and synthesis,25,0.05
Diamond and Carbon-based Materials Research,25,0.05
Chromium effects and bioremediation,25,0.05
Social Media in Health Education,25,0.05
Biometric Identification and Security,25,0.05
"Grit, Self-Efficacy, and Motivation",25,0.05
Handwritten Text Recognition Techniques,25,0.05
Renin-Angiotensin System Studies,25,0.05
"LGBTQ Health, Identity, and Policy",25,0.05
Water Quality and Pollution Assessment,25,0.05
Dental Implant Techniques and Outcomes,25,0.05
Dendrimers and Hyperbranched Polymers,25,0.05
Gastrointestinal Tumor Research and Treatment,25,0.05
HIV-related health complications and treatments,25,0.05
Radiation Dose and Imaging,25,0.05
Patient Satisfaction in Healthcare,25,0.05
Cutaneous lymphoproliferative disorders research,25,0.05
"Amyloidosis: Diagnosis, Treatment, Outcomes",25,0.05
Aerogels and thermal insulation,25,0.05
Inorganic Fluorides and Related Compounds,24,0.05
Interactive and Immersive Displays,24,0.05
Parathyroid Disorders and Treatments,24,0.05
Crystallization and Solubility Studies,24,0.05
Geriatric Care and Nursing Homes,24,0.05
Pediatric Pain Management Techniques,24,0.05
HIV Research and Treatment,24,0.05
Biochemical effects in animals,24,0.05
Marine Bivalve and Aquaculture Studies,24,0.05
History and advancements in chemistry,24,0.05
Radar Systems and Signal Processing,24,0.05
Metal and Thin Film Mechanics,24,0.05
Semiconductor Quantum Structures and Devices,24,0.05
Public Policy and Administration Research,24,0.05
Thermoregulation and physiological responses,24,0.05
Diagnosis and Treatment of Venous Diseases,24,0.05
Breastfeeding Practices and Influences,24,0.05
Vagus Nerve Stimulation Research,24,0.05
Disaster Response and Management,24,0.05
Porphyrin and Phthalocyanine Chemistry,24,0.05
TGF-β signaling in diseases,24,0.05
Neutrino Physics Research,24,0.05
Disaster Management and Resilience,24,0.05
COVID-19 Digital Contact Tracing,24,0.05
Diversity and Career in Medicine,24,0.05
Energy Efficient Wireless Sensor Networks,24,0.05
Escherichia coli research studies,24,0.05
Agricultural Innovations and Practices,24,0.05
Innovative Teaching Methods,24,0.05
Information Systems Theories and Implementation,24,0.05
Academic Publishing and Open Access,24,0.05
Acoustic Wave Phenomena Research,23,0.05
Cognitive Science and Mapping,23,0.05
Optical Imaging and Spectroscopy Techniques,23,0.05
E-Government and Public Services,23,0.05
Adaptive Control of Nonlinear Systems,23,0.05
Automated Road and Building Extraction,23,0.05
Leaf Properties and Growth Measurement,23,0.05
"Language, Discourse, Communication Strategies",23,0.05
Hydrocarbon exploration and reservoir analysis,23,0.05
Health Literacy and Information Accessibility,23,0.05
Hand Gesture Recognition Systems,23,0.05
Biomedical Ethics and Regulation,23,0.05
Marine Biology and Environmental Chemistry,23,0.05
Second Language Learning and Teaching,23,0.05
Bee Products Chemical Analysis,23,0.05
Collaboration in agile enterprises,23,0.05
Complement system in diseases,23,0.05
Ocular Surface and Contact Lens,23,0.05
Graph Theory and Algorithms,23,0.05
Biodiesel Production and Applications,23,0.05
Patient-Provider Communication in Healthcare,23,0.05
Synthesis and Biological Evaluation,23,0.05
Neurobiology of Language and Bilingualism,23,0.05
Fiber-reinforced polymer composites,23,0.05
Software Testing and Debugging Techniques,23,0.05
Plant Diversity and Evolution,23,0.05
EFL/ESL Teaching and Learning,23,0.05
Nuclear Structure and Function,23,0.05
Infant Health and Development,23,0.05
Pharmacological Effects of Natural Compounds,23,0.05
Distributed systems and fault tolerance,23,0.05
earthquake and tectonic studies,23,0.05
Prion Diseases and Protein Misfolding,23,0.05
Embodied and Extended Cognition,23,0.05
"Optimism, Hope, and Well-being",23,0.05
Celiac Disease Research and Management,23,0.05
"Neuroethics, Human Enhancement, Biomedical Innovations",23,0.05
"Gender, Labor, and Family Dynamics",23,0.05
Aquaculture disease management and microbiota,23,0.05
Quantum Electrodynamics and Casimir Effect,23,0.05
Surgical Sutures and Adhesives,23,0.05
Gastroesophageal reflux and treatments,23,0.05
Chemical and Physical Properties of Materials,22,0.04
Creativity in Education and Neuroscience,22,0.04
E-Learning and COVID-19,22,0.04
Cooperative Communication and Network Coding,22,0.04
Iron-based superconductors research,22,0.04
Adolescent and Pediatric Healthcare,22,0.04
Insect-Plant Interactions and Control,22,0.04
Polyamine Metabolism and Applications,22,0.04
Urban Agriculture and Sustainability,22,0.04
Ultrasound in Clinical Applications,22,0.04
Innovative Approaches in Technology and Social Development,22,0.04
Industrial Gas Emission Control,22,0.04
Wireless Communication Security Techniques,22,0.04
Wireless Signal Modulation Classification,22,0.04
Synthetic Organic Chemistry Methods,22,0.04
Synthesis and biological activity,22,0.04
Allelopathy and phytotoxic interactions,22,0.04
Forensic and Genetic Research,22,0.04
Technology Assessment and Management,22,0.04
Fire Detection and Safety Systems,22,0.04
Periodontal Regeneration and Treatments,22,0.04
Hip and Femur Fractures,22,0.04
Environmental Toxicology and Ecotoxicology,22,0.04
Trauma and Emergency Care Studies,22,0.04
Autopsy Techniques and Outcomes,22,0.04
"Balance, Gait, and Falls Prevention",22,0.04
Advanced Materials Characterization Techniques,22,0.04
Quantum chaos and dynamical systems,22,0.04
Soil Moisture and Remote Sensing,22,0.04
Probabilistic and Robust Engineering Design,22,0.04
Multilingual Education and Policy,22,0.04
Advanced X-ray Imaging Techniques,22,0.04
Toxoplasma gondii Research Studies,22,0.04
Geological and Geochemical Analysis,22,0.04
Aquatic Ecosystems and Phytoplankton Dynamics,22,0.04
Transgenic Plants and Applications,22,0.04
Central Venous Catheters and Hemodialysis,22,0.04
Diverse Scientific Research Studies,22,0.04
Microbial bioremediation and biosurfactants,22,0.04
Fluorine in Organic Chemistry,22,0.04
"Neuroscience, Education and Cognitive Function",22,0.04
Biological Research and Disease Studies,21,0.04
Education Systems and Policy,21,0.04
Pharmaceutical Economics and Policy,21,0.04
Metal complexes synthesis and properties,21,0.04
Theoretical and Computational Physics,21,0.04
Sperm and Testicular Function,21,0.04
Knee injuries and reconstruction techniques,21,0.04
Hydrogen embrittlement and corrosion behaviors in metals,21,0.04
Personality Disorders and Psychopathology,21,0.04
Intergenerational and Educational Inequality Studies,21,0.04
Pesticide Residue Analysis and Safety,21,0.04
Scientific Research and Discoveries,21,0.04
Relativity and Gravitational Theory,21,0.04
Sensory Analysis and Statistical Methods,21,0.04
Organizational Leadership and Management Strategies,21,0.04
Software-Defined Networks and 5G,21,0.04
Nanomaterials and Printing Technologies,21,0.04
Nuclear Materials and Properties,21,0.04
Nuclear Physics and Applications,21,0.04
Nonmelanoma Skin Cancer Studies,21,0.04
Vehicle License Plate Recognition,21,0.04
Space Science and Extraterrestrial Life,21,0.04
Chaos-based Image/Signal Encryption,21,0.04
Silicon Carbide Semiconductor Technologies,21,0.04
Financial Distress and Bankruptcy Prediction,21,0.04
Evolutionary Psychology and Human Behavior,21,0.04
Polysaccharides Composition and Applications,21,0.04
Plant Disease Management Techniques,21,0.04
Face Recognition and Perception,21,0.04
"Innovation, Sustainability, Human-Machine Systems",21,0.04
Phase Equilibria and Thermodynamics,20,0.04
Spectroscopy and Laser Applications,20,0.04
Semantic Web and Ontologies,20,0.04
Polymer Nanocomposites and Properties,20,0.04
Intermetallics and Advanced Alloy Properties,20,0.04
Interprofessional Education and Collaboration,20,0.04
Educational and Psychological Assessments,20,0.04
Pediatric Hepatobiliary Diseases and Treatments,20,0.04
Technology Use by Older Adults,20,0.04
Polyomavirus and related diseases,20,0.04
Advanced Optimization Algorithms Research,20,0.04
Microbial infections and disease research,20,0.04
Signaling Pathways in Disease,20,0.04
Advanced Technologies in Various Fields,20,0.04
Academic Writing and Publishing,20,0.04
Academic integrity and plagiarism,20,0.04
Adolescent Sexual and Reproductive Health,20,0.04
Inorganic Chemistry and Materials,20,0.04
Sarcoidosis and Beryllium Toxicity Research,20,0.04
Insect Resistance and Genetics,20,0.04
Fungal Biology and Applications,20,0.04
GABA and Rice Research,20,0.04
Ultrasound and Hyperthermia Applications,20,0.04
Coal and Its By-products,20,0.04
Death Anxiety and Social Exclusion,20,0.04
Moringa oleifera research and applications,20,0.04
Statistical Methods and Applications,20,0.04
Gender Diversity and Inequality,20,0.04
Dental Radiography and Imaging,20,0.04
Behavioral and Psychological Studies,20,0.04
Animal Genetics and Reproduction,20,0.04
Anesthesia and Pain Management,20,0.04
Phytochemistry and Biological Activities,20,0.04
Biochemical and Molecular Research,20,0.04
Engineering Diagnostics and Reliability,20,0.04
Nicotinic Acetylcholine Receptors Study,20,0.04
Drug-Induced Hepatotoxicity and Protection,20,0.04
Geochemistry and Elemental Analysis,20,0.04
Lysosomal Storage Disorders Research,20,0.04
Advanced Steganography and Watermarking Techniques,20,0.04
Bacterial Infections and Vaccines,20,0.04
Advanced Clustering Algorithms Research,20,0.04
Planarian Biology and Electrostimulation,20,0.04
Aging and Gerontology Research,20,0.04
Homelessness and Social Issues,20,0.04
Medical Imaging and Pathology Studies,19,0.04
Software Engineering Techniques and Practices,19,0.04
Political Philosophy and Ethics,19,0.04
Chemical Synthesis and Reactions,19,0.04
Cyclopropane Reaction Mechanisms,19,0.04
"Agriculture, Land Use, Rural Development",19,0.04
Ginseng Biological Effects and Applications,19,0.04
Photochemistry and Electron Transfer Studies,19,0.04
Pericarditis and Cardiac Tamponade,19,0.04
Financial Risk and Volatility Modeling,19,0.04
International Business and FDI,19,0.04
Global Health Workforce Issues,19,0.04
Wireless Body Area Networks,19,0.04
Visual and Cognitive Learning Processes,19,0.04
Anatomy and Medical Technology,19,0.04
Wireless Power Transfer Systems,19,0.04
Selenium in Biological Systems,19,0.04
Insect Utilization and Effects,19,0.04
Fetal and Pediatric Neurological Disorders,19,0.04
"Financial Literacy, Pension, Retirement Analysis",19,0.04
Artificial Intelligence in Games,19,0.04
Microfluidic and Capillary Electrophoresis Applications,19,0.04
Quantum optics and atomic interactions,19,0.04
Obsessive-Compulsive Spectrum Disorders,19,0.04
Ethnobotanical and Medicinal Plants Studies,19,0.04
Software System Performance and Reliability,19,0.04
Forensic Toxicology and Drug Analysis,19,0.04
Gastrointestinal disorders and treatments,19,0.04
Advanced Physical and Chemical Molecular Interactions,19,0.04
Marine animal studies overview,19,0.04
Marine Biology and Ecology Research,19,0.04
Regional Economics and Spatial Analysis,19,0.04
Urticaria and Related Conditions,19,0.04
Islanding Detection in Power Systems,19,0.04
Wheat and Barley Genetics and Pathology,19,0.04
Genome Rearrangement Algorithms,19,0.04
Social Acceptance of Renewable Energy,19,0.04
Medical Coding and Health Information,19,0.04
Anesthesia and Sedative Agents,19,0.04
Recycling and utilization of industrial and municipal waste in materials production,19,0.04
Data Management and Algorithms,19,0.04
ICT Impact and Policies,19,0.04
Uterine Myomas and Treatments,19,0.04
Nanofluid Flow and Heat Transfer,19,0.04
Force Microscopy Techniques and Applications,19,0.04
Layered Double Hydroxides Synthesis and Applications,19,0.04
"Housing, Finance, and Neoliberalism",19,0.04
Plant Disease Resistance and Genetics,19,0.04
Aluminum Alloy Microstructure Properties,19,0.04
Various Chemistry Research Topics,19,0.04
Plant and Fungal Interactions Research,19,0.04
Age of Information Optimization,19,0.04
Pharmaceutical Practices and Patient Outcomes,19,0.04
Aeolian processes and effects,19,0.04
Coenzyme Q10 studies and effects,19,0.04
Infectious Encephalopathies and Encephalitis,19,0.04
nanoparticles nucleation surface interactions,19,0.04
Injury Epidemiology and Prevention,18,0.04
Dyeing and Modifying Textile Fibers,18,0.04
Opportunistic and Delay-Tolerant Networks,18,0.04
Zebrafish Biomedical Research Applications,18,0.04
Plant Reproductive Biology,18,0.04
Pain Management and Treatment,18,0.04
Nonlinear Photonic Systems,18,0.04
AI and HR Technologies,18,0.04
Advanced DC-DC Converters,18,0.04
Process Optimization and Integration,18,0.04
Congenital Diaphragmatic Hernia Studies,18,0.04
Plant Pathogens and Resistance,18,0.04
Salivary Gland Disorders and Functions,18,0.04
Protein purification and stability,18,0.04
Tribology and Wear Analysis,18,0.04
Nuclear reactor physics and engineering,18,0.04
Risk Perception and Management,18,0.04
Terahertz technology and applications,18,0.04
Big Data and Digital Economy,18,0.04
Forest Ecology and Biodiversity Studies,18,0.04
Biochemical and biochemical processes,18,0.04
"Perfectionism, Procrastination, Anxiety Studies",18,0.04
Identification and Quantification in Food,18,0.04
Energy Efficiency and Management,18,0.04
Environmental Justice and Health Disparities,18,0.04
Ion channel regulation and function,18,0.04
Human-Animal Interaction Studies,18,0.04
Technostress in Professional Settings,18,0.04
Proteoglycans and glycosaminoglycans research,18,0.04
"Gender, Feminism, and Media",18,0.04
Renal and Vascular Pathologies,18,0.04
Connective Tissue Growth Factor Research,18,0.04
Social Capital and Networks,18,0.04
Education and Character Development,18,0.04
Medicinal Plants and Bioactive Compounds,18,0.04
Neonatal and Maternal Infections,18,0.04
"Sexuality, Behavior, and Technology",18,0.04
Digital Games and Media,18,0.04
Preterm Birth and Chorioamnionitis,18,0.04
Prenatal Substance Exposure Effects,18,0.04
Social Robot Interaction and HRI,18,0.04
Calcium Carbonate Crystallization and Inhibition,18,0.04
Nursing education and management,18,0.04
Pneumocystis jirovecii pneumonia detection and treatment,18,0.04
Microwave Engineering and Waveguides,18,0.04
Economic Growth and Development,18,0.04
Fermentation and Sensory Analysis,18,0.04
Visual perception and processing mechanisms,18,0.04
Cloud Data Security Solutions,17,0.03
Infrastructure Resilience and Vulnerability Analysis,17,0.03
Aortic aneurysm repair treatments,17,0.03
Noncommutative and Quantum Gravity Theories,17,0.03
Kruppel-like factors research,17,0.03
Plant Growth Enhancement Techniques,17,0.03
Language and cultural evolution,17,0.03
Cardiovascular and Diving-Related Complications,17,0.03
Discourse Analysis in Language Studies,17,0.03
Electric Power System Optimization,17,0.03
"Adhesion, Friction, and Surface Interactions",17,0.03
Polymer-Based Agricultural Enhancements,17,0.03
Groundwater flow and contamination studies,17,0.03
Medication Adherence and Compliance,17,0.03
Radioactivity and Radon Measurements,17,0.03
Semiconductor materials and interfaces,17,0.03
Crop Yield and Soil Fertility,17,0.03
Rangeland and Wildlife Management,17,0.03
Chromatin Remodeling and Cancer,17,0.03
Spinal Dysraphism and Malformations,17,0.03
Cyberloafing and Workplace Behavior,17,0.03
Ocean Acidification Effects and Responses,17,0.03
Advanced Optical Imaging Technologies,17,0.03
Sinusitis and nasal conditions,17,0.03
Menopause: Health Impacts and Treatments,17,0.03
Meningioma and schwannoma management,17,0.03
Risk and Safety Analysis,17,0.03
Anaerobic Digestion and Biogas Production,17,0.03
Stress and Burnout Research,17,0.03
Enzyme Production and Characterization,17,0.03
Global Financial Crisis and Policies,17,0.03
Hedgehog Signaling Pathway Studies,17,0.03
Pituitary Gland Disorders and Treatments,17,0.03
Corneal Surgery and Treatments,17,0.03
Urinary Bladder and Prostate Research,17,0.03
Organic and Molecular Conductors Research,17,0.03
Consumer Market Behavior and Pricing,17,0.03
Quality and Safety in Healthcare,17,0.03
Pickering emulsions and particle stabilization,17,0.03
Autoimmune and Inflammatory Disorders,17,0.03
Date Palm Research Studies,17,0.03
Climate Change and Geoengineering,17,0.03
Control Systems and Identification,17,0.03
Contact Dermatitis and Allergies,17,0.03
Image and Object Detection Techniques,16,0.03
"Race, Genetics, and Society",16,0.03
Economic Policies and Impacts,16,0.03
Strong Light-Matter Interactions,16,0.03
Integrated Circuits and Semiconductor Failure Analysis,16,0.03
Advances in Oncology and Radiotherapy,16,0.03
Emergency and Acute Care Studies,16,0.03
Apelin-related biomedical research,16,0.03
Particle Detector Development and Performance,16,0.03
Adrenal and Paraganglionic Tumors,16,0.03
Intimate Partner and Family Violence,16,0.03
Acoustic Wave Resonator Technologies,16,0.03
Social and Cultural Dynamics,16,0.03
Cultural Industries and Urban Development,16,0.03
"Poverty, Education, and Child Welfare",16,0.03
Global Energy Security and Policy,16,0.03
Intraperitoneal and Appendiceal Malignancies,16,0.03
Open Source Software Innovations,16,0.03
Microbial Inactivation Methods,16,0.03
Microencapsulation and Drying Processes,16,0.03
Matrix Theory and Algorithms,16,0.03
FOXO transcription factor regulation,16,0.03
Genetic Syndromes and Imprinting,16,0.03
Optimization and Mathematical Programming,16,0.03
Antenna Design and Optimization,16,0.03
Heavy Metals in Plants,16,0.03
"Urban, Neighborhood, and Segregation Studies",16,0.03
Coastal and Marine Dynamics,16,0.03
Mechanical Behavior of Composites,16,0.03
Educational Research and Methods,16,0.03
Advanced machining processes and optimization,16,0.03
Dielectric properties of ceramics,16,0.03
Insurance and Financial Risk Management,16,0.03
Parvovirus B19 Infection Studies,16,0.03
Blood groups and transfusion,16,0.03
Human Motion and Animation,16,0.03
Radiation Detection and Scintillator Technologies,16,0.03
Electrokinetic Soil Remediation Techniques,16,0.03
Animal Vocal Communication and Behavior,16,0.03
Soil and Land Suitability Analysis,15,0.03
Axon Guidance and Neuronal Signaling,15,0.03
MRI in cancer diagnosis,15,0.03
Full-Duplex Wireless Communications,15,0.03
Nuclear physics research studies,15,0.03
Carcinogens and Genotoxicity Assessment,15,0.03
Laser-induced spectroscopy and plasma,15,0.03
Trigeminal Neuralgia and Treatments,15,0.03
GaN-based semiconductor devices and materials,15,0.03
Personality Traits and Psychology,15,0.03
Pesticide Exposure and Toxicity,15,0.03
GDF15 and Related Biomarkers,15,0.03
Cardiac and Coronary Surgery Techniques,15,0.03
Infectious Diseases and Tuberculosis,15,0.03
Asphalt Pavement Performance Evaluation,15,0.03
Asymmetric Synthesis and Catalysis,15,0.03
Atomic and Molecular Physics,15,0.03
Inflammatory Myopathies and Dermatomyositis,15,0.03
X-ray Spectroscopy and Fluorescence Analysis,15,0.03
melanin and skin pigmentation,15,0.03
demographic modeling and climate adaptation,15,0.03
Environmental and Social Impact Assessments,15,0.03
Competitive and Knowledge Intelligence,15,0.03
Liquid Crystal Research Advancements,15,0.03
Numerical methods for differential equations,15,0.03
Hepatitis Viruses Studies and Epidemiology,15,0.03
Genetic and Kidney Cyst Diseases,15,0.03
Genetic and Clinical Aspects of Sex Determination and Chromosomal Abnormalities,15,0.03
Organic Food and Agriculture,15,0.03
Pelvic floor disorders treatments,15,0.03
Migration and Labor Dynamics,15,0.03
Simulation Techniques and Applications,15,0.03
Sphingolipid Metabolism and Signaling,15,0.03
Wind Energy Research and Development,15,0.03
Healthcare Systems and Technology,15,0.03
Corneal surgery and disorders,15,0.03
Retinoids in leukemia and cellular processes,15,0.03
Rangeland Management and Livestock Ecology,15,0.03
Heat shock proteins research,15,0.03
Gaze Tracking and Assistive Technology,15,0.03
Biotin and Related Studies,15,0.03
Hormonal and reproductive studies,15,0.03
Wind and Air Flow Studies,15,0.03
Spaceflight effects on biology,15,0.03
Potassium and Related Disorders,15,0.03
Surgical site infection prevention,15,0.03
Critical Theory and Philosophy,15,0.03
Chemical synthesis and alkaloids,15,0.03
Cancer Diagnosis and Treatment,15,0.03
Prenatal Screening and Diagnostics,15,0.03
Takotsubo Cardiomyopathy and Associated Phenomena,15,0.03
Sexual Differentiation and Disorders,15,0.03
Flame retardant materials and properties,15,0.03
Intergenerational Family Dynamics and Caregiving,15,0.03
Metastasis and carcinoma case studies,15,0.03
Seismology and Earthquake Studies,15,0.03
Seismic Imaging and Inversion Techniques,15,0.03
Advanced Photonic Communication Systems,15,0.03
HIV/AIDS oral health manifestations,15,0.03
Surface Chemistry and Catalysis,15,0.03
Quantum-Dot Cellular Automata,15,0.03
Information Technology Governance and Strategy,14,0.03
Philosophy and History of Science,14,0.03
Neurological Complications and Syndromes,14,0.03
Neurosurgical Procedures and Complications,14,0.03
Digital Communication and Language,14,0.03
Intracranial Aneurysms: Treatment and Complications,14,0.03
Animal Behavior and Reproduction,14,0.03
"Retirement, Disability, and Employment",14,0.03
Forest Insect Ecology and Management,14,0.03
Quantum and Classical Electrodynamics,14,0.03
Survey Methodology and Nonresponse,14,0.03
Online Learning Methods and Innovations,14,0.03
Digital Holography and Microscopy,14,0.03
Security and Verification in Computing,14,0.03
Restless Legs Syndrome Research,14,0.03
Empathy and Medical Education,14,0.03
Cancer Research and Treatment,14,0.03
Tendon Structure and Treatment,14,0.03
Geophysics and Sensor Technology,14,0.03
Cultural Competency in Health Care,14,0.03
Lattice Boltzmann Simulation Studies,14,0.03
Phosphodiesterase function and regulation,14,0.03
Skin and Cellular Biology Research,14,0.03
Hydrology and Sediment Transport Processes,14,0.03
Geomagnetism and Paleomagnetism Studies,14,0.03
Medical and Biological Ozone Research,14,0.03
Patient Safety and Medication Errors,14,0.03
Toxin Mechanisms and Immunotoxins,14,0.03
Mechanical Engineering and Vibrations Research,14,0.03
Biocrusts and Microbial Ecology,14,0.03
Vestibular and auditory disorders,14,0.03
Muscle and Compartmental Disorders,14,0.03
Big Data Technologies and Applications,14,0.03
Child and Animal Learning Development,14,0.03
"Coagulation, Bradykinin, Polyphosphates, and Angioedema",14,0.03
Earth Systems and Cosmic Evolution,14,0.03
Myasthenia Gravis and Thymoma,14,0.03
Fullerene Chemistry and Applications,14,0.03
Family Support in Illness,14,0.03
Agronomic Practices and Intercropping Systems,14,0.03
Student Assessment and Feedback,14,0.03
Neutropenia and Cancer Infections,14,0.03
Adaptive Dynamic Programming Control,14,0.03
Erythropoietin and Anemia Treatment,14,0.03
American Constitutional Law and Politics,14,0.03
Plant and Biological Electrophysiology Studies,14,0.03
Linguistic Variation and Morphology,14,0.03
Photopolymerization techniques and applications,14,0.03
Photorefractive and Nonlinear Optics,14,0.03
Burn Injury Management and Outcomes,14,0.03
Contemporary Sociological Theory and Practice,14,0.03
Biochemical Acid Research Studies,14,0.03
Radiation Therapy and Dosimetry,14,0.03
Multi-Agent Systems and Negotiation,14,0.03
Health and Well-being Studies,14,0.03
Media Studies and Communication,14,0.03
Greenhouse Technology and Climate Control,13,0.03
Enterobacteriaceae and Cronobacter Research,13,0.03
Ocular Infections and Treatments,13,0.03
Sociology and Education Studies,13,0.03
Software Reliability and Analysis Research,13,0.03
International Development and Aid,13,0.03
Blood transfusion and management,13,0.03
Prosthetics and Rehabilitation Robotics,13,0.03
Labor Movements and Unions,13,0.03
Laser-Matter Interactions and Applications,13,0.03
Kidney Stones and Urolithiasis Treatments,13,0.03
Critical Realism in Sociology,13,0.03
PAPR reduction in OFDM,13,0.03
Electron Spin Resonance Studies,13,0.03
Health Education and Validation,13,0.03
Global Educational Policies and Reforms,13,0.03
Crystal Structures and Properties,13,0.03
Thermal and Kinetic Analysis,13,0.03
Ionosphere and magnetosphere dynamics,13,0.03
Organoboron and organosilicon chemistry,13,0.03
Philosophy and Theoretical Science,13,0.03
Pediatric Urology and Nephrology Studies,13,0.03
Drug-Induced Adverse Reactions,13,0.03
Optimal Power Flow Distribution,13,0.03
Autoimmune Neurological Disorders and Treatments,13,0.03
Fire dynamics and safety research,13,0.03
Robotic Locomotion and Control,13,0.03
Philosophical Ethics and Theory,13,0.03
University-Industry-Government Innovation Models,13,0.03
Polymer crystallization and properties,13,0.03
Fluid Dynamics and Heat Transfer,13,0.03
Flavonoids in Medical Research,13,0.03
Crime Patterns and Interventions,13,0.03
Bioeconomy and Sustainability Development,13,0.03
Data Analysis and Archiving,13,0.03
Blood disorders and treatments,13,0.03
Fractional Differential Equations Solutions,13,0.03
Business Process Modeling and Analysis,13,0.03
Bone fractures and treatments,13,0.03
Body Contouring and Surgery,13,0.03
Mast cells and histamine,13,0.03
Seaweed-derived Bioactive Compounds,13,0.03
Child Abuse and Related Trauma,13,0.03
Gender Roles and Identity Studies,13,0.03
Genetically Modified Organisms Research,13,0.03
Economic and Technological Systems Analysis,13,0.03
Regional Development and Policy,13,0.03
Physiological and biochemical adaptations,13,0.03
Healthcare Systems and Public Health,13,0.03
"Bullying, Victimization, and Aggression",13,0.03
Education and Learning Interventions,13,0.03
Pharmaceutical studies and practices,13,0.03
Cardiac tumors and thrombi,13,0.03
Scheduling and Optimization Algorithms,13,0.03
Macrophage Migration Inhibitory Factor,13,0.03
Composting and Vermicomposting Techniques,13,0.03
Connective tissue disorders research,13,0.03
Thyroid and Parathyroid Surgery,13,0.03
Breast Implant and Reconstruction,13,0.03
Characterization and Applications of Magnetic Nanoparticles,13,0.03
Archaeology and ancient environmental studies,13,0.03
Higher Education Learning Practices,13,0.03
Brazilian Legal Issues,13,0.03
Vehicle Routing Optimization Methods,13,0.03
Advanced Data Compression Techniques,13,0.03
Statistical Methods in Epidemiology,13,0.03
Nonlinear Waves and Solitons,13,0.03
Underwater Acoustics Research,13,0.03
Parkinson's Disease and Spinal Disorders,13,0.03
Phase-change materials and chalcogenides,13,0.03
"Yersinia bacterium, plague, ectoparasites research",12,0.02
Infections and bacterial resistance,12,0.02
Robotics and Automated Systems,12,0.02
Youth Development and Social Support,12,0.02
AI-based Problem Solving and Planning,12,0.02
Interdisciplinary Research and Collaboration,12,0.02
Optical Coherence Tomography Applications,12,0.02
Family Business Performance and Succession,12,0.02
Topology Optimization in Engineering,12,0.02
Indoor Air Quality and Microbial Exposure,12,0.02
Traffic and Road Safety,12,0.02
Reproductive Health and Contraception,12,0.02
Winter Sports Injuries and Performance,12,0.02
Wildlife-Road Interactions and Conservation,12,0.02
Sustainability in Higher Education,12,0.02
Target Tracking and Data Fusion in Sensor Networks,12,0.02
Evaluation of Teaching Practices,12,0.02
Listeria monocytogenes in Food Safety,12,0.02
Nonlinear Optical Materials Studies,12,0.02
Heusler alloys: electronic and magnetic properties,12,0.02
Tree Root and Stability Studies,12,0.02
Constructed Wetlands for Wastewater Treatment,12,0.02
Chemical Reactions and Isotopes,12,0.02
Nail Diseases and Treatments,12,0.02
Blockchain Technology in Education and Learning,12,0.02
School Leadership and Teacher Performance,12,0.02
Reflective Practices in Education,12,0.02
Regional resilience and development,12,0.02
Education and Technology Integration,12,0.02
Advanced SAR Imaging Techniques,12,0.02
"Migration, Refugees, and Integration",12,0.02
Chemical Thermodynamics and Molecular Structure,12,0.02
Fractal and DNA sequence analysis,12,0.02
Soil Management and Crop Yield,12,0.02
Phytase and its Applications,12,0.02
Gender Politics and Representation,12,0.02
Head and Neck Surgical Oncology,12,0.02
Transboundary Water Resource Management,12,0.02
Dental materials and restorations,12,0.02
"Law, AI, and Intellectual Property",12,0.02
Geophysical Methods and Applications,12,0.02
Healthcare Technology and Patient Monitoring,12,0.02
Laser Material Processing Techniques,12,0.02
Human Resource Development and Performance Evaluation,12,0.02
Enhanced Oil Recovery Techniques,12,0.02
Hydraulic Fracturing and Reservoir Analysis,12,0.02
Carbohydrate Chemistry and Synthesis,12,0.02
Food Safety and Hygiene,12,0.02
Financial Reporting and Valuation Research,12,0.02
Seismic Waves and Analysis,12,0.02
Information and Cyber Security,12,0.02
Autoimmune Bullous Skin Diseases,12,0.02
Infrared Thermography in Medicine,12,0.02
bioluminescence and chemiluminescence research,12,0.02
Metal Extraction and Bioleaching,12,0.02
Structural Analysis and Optimization,12,0.02
Global Peace and Security Dynamics,12,0.02
Airway Management and Intubation Techniques,12,0.02
Experimental Learning in Engineering,12,0.02
Classical Philosophy and Thought,12,0.02
Cognitive and psychological constructs research,11,0.02
Pharmacological Effects of Medicinal Plants,11,0.02
Pharmacovigilance and Adverse Drug Reactions,11,0.02
Educational Innovations and Challenges,11,0.02
Attachment and Relationship Dynamics,11,0.02
Bauxite Residue and Utilization,11,0.02
Protein Tyrosine Phosphatases,11,0.02
Plant Genetic and Mutation Studies,11,0.02
Sport Psychology and Performance,11,0.02
Sport and Mega-Event Impacts,11,0.02
Ultrasonics and Acoustic Wave Propagation,11,0.02
Elasticity and Material Modeling,11,0.02
Parental Involvement in Education,11,0.02
Information Retrieval and Search Behavior,11,0.02
Advanced Fiber Optic Sensors,11,0.02
Advanced Frequency and Time Standards,11,0.02
Water Governance and Infrastructure,11,0.02
Mobile Ad Hoc Networks,11,0.02
Business and Economic Development,11,0.02
Parasites and Host Interactions,11,0.02
Educational Methods and Impacts,11,0.02
Ethics in medical practice,11,0.02
Random lasers and scattering media,11,0.02
Drilling and Well Engineering,11,0.02
Plant and Fungal Species Descriptions,11,0.02
Body Image and Dysmorphia Studies,11,0.02
Management of metastatic bone disease,11,0.02
Hemophilia Treatment and Research,11,0.02
Gender and Technology in Education,11,0.02
Physical Unclonable Functions (PUFs) and Hardware Security,11,0.02
Environmental Conservation and Management,11,0.02
Problem and Project Based Learning,11,0.02
Phenomenology and Existential Philosophy,11,0.02
Academic and Historical Perspectives in Psychology,11,0.02
Structural Behavior of Reinforced Concrete,11,0.02
Agricultural Economics and Policy,11,0.02
Elder Abuse and Neglect,11,0.02
Ethics in Business and Education,11,0.02
High Temperature Alloys and Creep,11,0.02
European Union Policy and Governance,11,0.02
Water Systems and Optimization,11,0.02
Stability and Control of Uncertain Systems,11,0.02
Renal function and acid-base balance,11,0.02
Global Education and Multiculturalism,11,0.02
Otitis Media and Relapsing Polychondritis,11,0.02
Employee Performance and Motivation,11,0.02
Ophthalmology and Eye Disorders,11,0.02
Alcoholism and Thiamine Deficiency,11,0.02
Smart Systems and Machine Learning,11,0.02
Therapeutic Uses of Natural Elements,11,0.02
Research on Leishmaniasis Studies,11,0.02
Reservoir Engineering and Simulation Methods,11,0.02
Hydrogen's biological and therapeutic effects,11,0.02
Surfactants and Colloidal Systems,11,0.02
Laser-Plasma Interactions and Diagnostics,11,0.02
Dermatologic Treatments and Research,11,0.02
Advanced Manufacturing and Logistics Optimization,11,0.02
Genital Health and Disease,11,0.02
Animal Behavior and Welfare Studies,11,0.02
Fluid Dynamics and Vibration Analysis,11,0.02
Animal Ecology and Behavior Studies,11,0.02
Fluoride Effects and Removal,11,0.02
"Grief, Bereavement, and Mental Health",11,0.02
Bioenergy crop production and management,11,0.02
"Counseling, Therapy, and Family Dynamics",11,0.02
Economic Development and Digital Transformation,11,0.02
Silicon Effects in Agriculture,11,0.02
Diagnosis and treatment of tuberculosis,11,0.02
Neural Networks Stability and Synchronization,11,0.02
Seed Germination and Physiology,11,0.02
Power System Optimization and Stability,11,0.02
Neonatal Health and Biochemistry,11,0.02
Vitamin K Research Studies,11,0.02
Voice and Speech Disorders,11,0.02
Advanced Optical Sensing Technologies,11,0.02
Polymer Nanocomposite Synthesis and Irradiation,11,0.02
Aesthetic Perception and Analysis,11,0.02
Education and Vocational Training,11,0.02
Wittgensteinian philosophy and applications,10,0.02
Advanced Data Processing Techniques,10,0.02
Advanced Numerical Analysis Techniques,10,0.02
Advanced Wireless Communication Techniques,10,0.02
Advanced Surface Polishing Techniques,10,0.02
Synthesis and properties of polymers,10,0.02
Insect behavior and control techniques,10,0.02
Traditional Chinese Medicine Studies,10,0.02
Ultrasound Imaging and Elastography,10,0.02
Ureteral procedures and complications,10,0.02
Urologic and reproductive health conditions,10,0.02
"Syntax, Semantics, Linguistic Variation",10,0.02
Appendicitis Diagnosis and Management,10,0.02
Cellular Automata and Applications,10,0.02
Chemical and Physical Properties in Aqueous Solutions,10,0.02
Biotechnology and Related Fields,10,0.02
Seed and Plant Biochemistry,10,0.02
"Chaos, Complexity, and Education",10,0.02
Chaos control and synchronization,10,0.02
Blood properties and coagulation,10,0.02
Smart Materials for Construction,10,0.02
Assisted Reproductive Technology and Twin Pregnancy,10,0.02
Surface and Thin Film Phenomena,10,0.02
Bioactive Compounds and Antitumor Agents,10,0.02
Groundwater and Watershed Analysis,10,0.02
Educational Methods and Outcomes,10,0.02
Educational Leadership and Practices,10,0.02
Polar Research and Ecology,10,0.02
Poisoning and overdose treatments,10,0.02
Planetary Science and Exploration,10,0.02
Dysphagia Assessment and Management,10,0.02
Human auditory perception and evaluation,10,0.02
Phonocardiography and Auscultation Techniques,10,0.02
Hospital Admissions and Outcomes,10,0.02
Human Rights and Development,10,0.02
Phytoestrogen effects and research,10,0.02
Effects of Radiation Exposure,10,0.02
Oil and Gas Production Techniques,10,0.02
Outsourcing and Supply Chain Management,10,0.02
Paleontology and Stratigraphy of Fossils,10,0.02
Design Education and Practice,10,0.02
Political Conflict and Governance,10,0.02
Diverse Scientific and Economic Studies,10,0.02
Critical Race Theory in Education,10,0.02
"Crime, Illicit Activities, and Governance",10,0.02
Public Health Policies and Education,10,0.02
Developmental Biology and Gene Regulation,10,0.02
Protein Interaction Studies and Fluorescence Analysis,10,0.02
Primate Behavior and Ecology,10,0.02
Iterative Methods for Nonlinear Equations,10,0.02
Rare-earth and actinide compounds,10,0.02
Icing and De-icing Technologies,10,0.02
Combustion and flame dynamics,10,0.02
Complementary and Alternative Medicine Studies,10,0.02
Concrete Properties and Behavior,10,0.02
Reading and Literacy Development,10,0.02
Iron and Steelmaking Processes,10,0.02
Retinopathy of Prematurity Studies,10,0.02
Collagen: Extraction and Characterization,10,0.02
Accounting and Organizational Management,10,0.02
3D Modeling in Geospatial Applications,10,0.02
Acupuncture Treatment Research Studies,10,0.02
Management Theory and Practice,10,0.02
Higher Education Governance and Development,10,0.02
Magnesium in Health and Disease,10,0.02
Growth Hormone and Insulin-like Growth Factors,10,0.02
Gun Ownership and Violence Research,10,0.02
Maritime Transport Emissions and Efficiency,10,0.02
Hematological disorders and diagnostics,10,0.02
Heart rate and cardiovascular health,10,0.02
Material Properties and Applications,10,0.02
Historical and Contemporary Political Dynamics,10,0.02
Mobile Learning in Education,10,0.02
Mind wandering and attention,10,0.02
Geotechnical Engineering and Analysis,10,0.02
Multisensory perception and integration,10,0.02
Gambling Behavior and Treatments,10,0.02
Geographies of human-animal interactions,10,0.02
Geographic Information Systems Studies,10,0.02
Microwave Dielectric Ceramics Synthesis,10,0.02
Nanofabrication and Lithography Techniques,10,0.02
Mycotoxins in Agriculture and Food,10,0.02
Fungal and yeast genetics research,10,0.02
Nuclear Engineering Thermal-Hydraulics,10,0.02
Nonlinear Differential Equations Analysis,10,0.02
Family and Patient Care in Intensive Care Units,10,0.02
"Law, Economics, and Judicial Systems",10,0.02
Occupational Health and Performance,10,0.02
Numerical methods in inverse problems,10,0.02
Ocean Waves and Remote Sensing,10,0.02
Ocular Oncology and Treatments,10,0.02
Health and Conflict Studies,10,0.02
Maternal and Neonatal Healthcare,10,0.02
Mathematical Biology Tumor Growth,10,0.02
Gynecological conditions and treatments,10,0.02
Health and Wellbeing Research,10,0.02
Advanced Welding Techniques Analysis,9,0.02
Web Data Mining and Analysis,9,0.02
Vascular Procedures and Complications,9,0.02
Business Strategies and Management Research,9,0.02
Subcritical and Supercritical Water Processes,9,0.02
Auction Theory and Applications,9,0.02
Statistics Education and Methodologies,9,0.02
Sports Analytics and Performance,9,0.02
Statistical Mechanics and Entropy,9,0.02
Bioactive natural compounds,9,0.02
Bone and Joint Diseases,9,0.02
Artificial Intelligence in Law,9,0.02
Artificial Immune Systems Applications,9,0.02
Assistive Technology in Communication and Mobility,9,0.02
Sustainability and Ecological Systems Analysis,9,0.02
International Relations and Foreign Policy,9,0.02
Infectious Diseases and Mycology,9,0.02
Advanced Data and IoT Technologies,9,0.02
Advanced Semiconductor Detectors and Materials,9,0.02
Trauma Management and Diagnosis,9,0.02
Agroforestry and silvopastoral systems,9,0.02
Urban Planning and Governance,9,0.02
Algebraic structures and combinatorial models,9,0.02
Analytical Methods in Pharmaceuticals,9,0.02
Topological and Geometric Data Analysis,9,0.02
Syphilis Diagnosis and Treatment,9,0.02
Architecture and Computational Design,9,0.02
School Health and Nursing Education,9,0.02
Science and Climate Studies,9,0.02
Semiconductor Lasers and Optical Devices,9,0.02
Child Therapy and Development,9,0.02
Career Development and Diversity,9,0.02
Social Science and Policy Research,9,0.02
Caveolin-1 and cellular processes,9,0.02
Interpreting and Communication in Healthcare,9,0.02
"Philosophy, Science, and History",9,0.02
Electrolyte and hormonal disorders,9,0.02
Policy Transfer and Learning,9,0.02
Pleural and Pulmonary Diseases,9,0.02
Human Health and Disease,9,0.02
Human Resource and Talent Management,9,0.02
History and Theory of Mathematics,9,0.02
Laser Applications in Dentistry and Medicine,9,0.02
Plant Physiology and Cultivation Studies,9,0.02
Radiation Effects in Electronics,9,0.02
"Psychopathy, Forensic Psychiatry, Sexual Offending",9,0.02
Robotic Mechanisms and Dynamics,9,0.02
Rock Mechanics and Modeling,9,0.02
Salivary Gland Tumors Diagnosis and Treatment,9,0.02
"Identity, Memory, and Therapy",9,0.02
School Choice and Performance,9,0.02
Credit Risk and Financial Regulations,9,0.02
Polynomial and algebraic computation,9,0.02
Political and Economic history of UK and US,9,0.02
Psychoanalysis and Social Critique,9,0.02
Psychological and Temporal Perspectives Research,9,0.02
Diverse Education Studies and Reforms,9,0.02
Phytochemical compounds biological activities,9,0.02
Physical Education and Pedagogy,9,0.02
"Environmental, Ecological, and Cultural Studies",9,0.02
Entomopathogenic Microorganisms in Pest Control,9,0.02
Environmental Philosophy and Ethics,9,0.02
Optimization and Search Problems,9,0.02
Emotional Intelligence and Performance,9,0.02
Pancasila Values in Education,9,0.02
Music Therapy and Health,9,0.02
Geothermal Energy Systems and Applications,9,0.02
Nursing Diagnosis and Documentation,9,0.02
Occupational and environmental lung diseases,9,0.02
Nuclear materials and radiation effects,9,0.02
Ocular Diseases and Behçet’s Syndrome,9,0.02
NMR spectroscopy and applications,9,0.02
Game Theory and Applications,9,0.02
Motor Control and Adaptation,9,0.02
Multilevel Inverters and Converters,9,0.02
Mineral Processing and Grinding,9,0.02
Mine drainage and remediation techniques,9,0.02
German Social Sciences and History,9,0.02
Lichen and fungal ecology,9,0.02
Management and Optimization Techniques,9,0.02
"Graphite, nuclear technology, radiation studies",9,0.02
Health and Lifestyle Studies,9,0.02
Magnetic confinement fusion research,9,0.02
Higher Education and Employability,9,0.02
Hip disorders and treatments,9,0.02
Magnetic Properties and Applications,9,0.02
Higher Education Practises and Engagement,9,0.02
Workplace Violence and Bullying,9,0.02
Local Government Finance and Decentralization,9,0.02
Acne and Rosacea Treatments and Effects,9,0.02
Working Capital and Financial Performance,9,0.02
Abdominal Surgery and Complications,8,0.02
Sexual function and dysfunction studies,8,0.02
Near-Field Optical Microscopy,8,0.02
Fish Biology and Ecology Studies,8,0.02
Advanced Optical Network Technologies,8,0.02
Advanced Numerical Methods in Computational Mathematics,8,0.02
Advanced Measurement and Metrology Techniques,8,0.02
"Linguistics, Language Diversity, and Identity",8,0.02
Higher Education Research Studies,8,0.02
Vascular Tumors and Angiosarcomas,8,0.02
User Authentication and Security Systems,8,0.02
Web visibility and informetrics,8,0.02
Economic and Social Issues,8,0.02
Silicone and Siloxane Chemistry,8,0.02
Forensic Anthropology and Bioarchaeology Studies,8,0.02
Nasal Surgery and Airway Studies,8,0.02
Cervical and Thoracic Myelopathy,8,0.02
Cerebrovascular and genetic disorders,8,0.02
Cephalopods and Marine Biology,8,0.02
GNSS positioning and interference,8,0.02
Economic Sanctions and International Relations,8,0.02
Phytoplasmas and Hemiptera pathogens,8,0.02
Phytochemistry and Bioactivity Studies,8,0.02
Diverse Educational Innovations Studies,8,0.02
Potato Plant Research,8,0.02
Power System Reliability and Maintenance,8,0.02
French Urban and Social Studies,8,0.02
IoT-based Smart Home Systems,8,0.02
Edcuational Technology Systems,8,0.02
"Foucault, Power, and Ethics",8,0.02
Medical Malpractice and Liability Issues,8,0.02
Medical Case Reports and Studies,8,0.02
Translation Studies and Practices,8,0.02
Animal Nutrition and Physiology,8,0.02
Infection Control in Healthcare,8,0.02
Inorganic and Organometallic Chemistry,8,0.02
Educational Leadership and Innovation,8,0.02
Pharmaceutical Quality and Counterfeiting,8,0.02
Educational Strategies and Epistemologies,8,0.02
Demographic Trends and Gender Preferences,8,0.02
Mathematical and Theoretical Epidemiology and Ecology Models,8,0.02
Tuberous Sclerosis Complex Research,8,0.02
"Aging, Elder Care, and Social Issues",8,0.02
Markov Chains and Monte Carlo Methods,8,0.02
High Altitude and Hypoxia,8,0.02
"Hearing, Cochlea, Tinnitus, Genetics",8,0.02
Digital Radiography and Breast Imaging,8,0.02
Disability Education and Employment,8,0.02
Myofascial pain diagnosis and treatment,8,0.02
Scoliosis diagnosis and treatment,8,0.02
Scientific Measurement and Uncertainty Evaluation,8,0.02
Family Caregiving in Mental Illness,8,0.02
Aerosol Filtration and Electrostatic Precipitation,8,0.02
Hemostasis and retained surgical items,8,0.02
N-Heterocyclic Carbenes in Organic and Inorganic Chemistry,8,0.02
Urban Stormwater Management Solutions,8,0.02
Musculoskeletal Disorders and Rehabilitation,8,0.02
Digital Education and Society,8,0.02
Nonlinear Optical Materials Research,8,0.02
Gastrointestinal Bleeding Diagnosis and Treatment,8,0.02
"Dietetics, Nutrition, and Education",8,0.02
Mathematics Education and Pedagogy,8,0.02
Community Development and Social Impact,8,0.02
Consumer Packaging Perceptions and Trends,8,0.02
Composite Material Mechanics,8,0.02
Bluetooth and Wireless Communication Technologies,8,0.02
"Epistemology, Ethics, and Metaphysics",8,0.02
Constraint Satisfaction and Optimization,8,0.02
Optimal Experimental Design Methods,8,0.02
Religion and Society Interactions,8,0.02
Statistical Distribution Estimation and Applications,8,0.02
Religious Education and Schools,8,0.02
Construction Project Management and Performance,8,0.02
Berberine and alkaloids research,8,0.02
Xenotransplantation and immune response,8,0.02
Whipple's Disease and Interleukins,8,0.02
Microbial Metabolism and Applications,8,0.02
"Workaholism, burnout, and well-being",8,0.02
Lower Extremity Biomechanics and Pathologies,8,0.02
Plant and fungal interactions,8,0.02
Advanced Aircraft Design and Technologies,8,0.02
Lymphadenopathy Diagnosis and Analysis,8,0.02
Ginger and Zingiberaceae research,8,0.02
"Migration, Ethnicity, and Economy",8,0.02
Stochastic processes and financial applications,8,0.02
Optical Coatings and Gratings,8,0.02
Botany and Plant Ecology Studies,8,0.02
Morphological variations and asymmetry,8,0.02
HIV/AIDS Impact and Responses,8,0.02
Cognitive Science and Education Research,8,0.02
Cognitive Functions and Memory,8,0.02
Superconductivity in MgB2 and Alloys,8,0.02
Rough Sets and Fuzzy Logic,8,0.02
Ruminant Nutrition and Digestive Physiology,8,0.02
Coffee research and impacts,8,0.02
COVID-19 Prevention and Impact,8,0.02
Superconducting and THz Device Technology,8,0.02
Numerical methods in engineering,8,0.02
Hygrothermal properties of building materials,8,0.02
Energetic Materials and Combustion,8,0.02
Coronary Artery Anomalies,8,0.02
Metal Forming Simulation Techniques,8,0.02
Globalization and Cultural Identity,8,0.02
Astronomical and nuclear sciences,8,0.02
Irrigation Practices and Water Management,8,0.02
"Culture, Economy, and Development Studies",8,0.02
Paranormal Experiences and Beliefs,8,0.02
History and Developments in Astronomy,8,0.02
Experimental and Theoretical Physics Studies,8,0.02
Cognitive and developmental aspects of mathematical skills,8,0.02
Case Reports on Hematomas,8,0.02
Electroconvulsive Therapy Studies,8,0.02
Synthetic Aperture Radar (SAR) Applications and Techniques,8,0.02
Criminal Justice and Corrections Analysis,8,0.02
Taxation and Compliance Studies,8,0.02
Team Dynamics and Performance,8,0.02
Legionella and Acanthamoeba research,8,0.02
Public Administration and Political Analysis,8,0.02
Customer churn and segmentation,8,0.02
Tensor decomposition and applications,8,0.02
Organ Donation and Transplantation,8,0.02
Oral health in cancer treatment,8,0.02
Congenital gastrointestinal and neural anomalies,8,0.02
Oral and gingival health research,8,0.02
Congenital Anomalies and Fetal Surgery,8,0.02
Traditional Chinese Medicine Analysis,7,0.01
Cybercrime and Law Enforcement Studies,7,0.01
Healthcare Systems and Challenges,7,0.01
Fuzzy Logic and Control Systems,7,0.01
Educational Challenges and Innovations,7,0.01
"Agriculture, Soil, Plant Science",7,0.01
Agriculture and Rural Development Research,7,0.01
Dermatological and Skeletal Disorders,7,0.01
Dam Engineering and Safety,7,0.01
Differential Equations and Numerical Methods,7,0.01
Science Education and Pedagogy,7,0.01
Family Dynamics and Relationships,7,0.01
Fatigue and fracture mechanics,7,0.01
"Science, Research, and Medicine",7,0.01
Scientific Research and Technology,7,0.01
Urban and Rural Development Challenges,7,0.01
Urbanization and City Planning,7,0.01
Histiocytic Disorders and Treatments,7,0.01
Hereditary Neurological Disorders,7,0.01
Tumors and Oncological Cases,7,0.01
Facial Nerve Paralysis Treatment and Research,7,0.01
"Diaspora, migration, transnational identity",7,0.01
Gas Dynamics and Kinetic Theory,7,0.01
Climate Change and Environmental Impact,7,0.01
Coding theory and cryptography,7,0.01
Clusterin in disease pathology,7,0.01
Hearing Loss and Rehabilitation,7,0.01
Advanced Machining and Optimization Techniques,7,0.01
Advanced Statistical Process Monitoring,7,0.01
Ion Channels and Receptors,7,0.01
Magnetic Properties of Alloys,7,0.01
Diverse Approaches in Healthcare and Education Studies,7,0.01
Chemical Analysis and Environmental Impact,7,0.01
Advanced Mathematical Theories,7,0.01
Advanced Mathematical Modeling in Engineering,7,0.01
Nanoporous metals and alloys,7,0.01
Wine Industry and Tourism,7,0.01
Chemotherapy-induced organ toxicity mitigation,7,0.01
Fecal contamination and water quality,7,0.01
Historical and modern epidemiology studies,7,0.01
Political Theology and Sovereignty,7,0.01
Fiscal Policies and Political Economy,7,0.01
Neurofibromatosis and Schwannoma Cases,7,0.01
Economics of Agriculture and Food Markets,7,0.01
Phonetics and Phonology Research,7,0.01
Education and Teacher Training,7,0.01
Posthumanist Ethics and Activism,7,0.01
Postharvest Quality and Shelf Life Management,7,0.01
Vector-borne infectious diseases,7,0.01
Urological Disorders and Treatments,7,0.01
Photonic Crystal and Fiber Optics,7,0.01
Urban Design and Spatial Analysis,7,0.01
Heat Transfer and Boiling Studies,7,0.01
Social Development and Education Research,7,0.01
Marine Sponges and Natural Products,7,0.01
Power Systems and Renewable Energy,7,0.01
Trypanosoma species research and implications,7,0.01
Education Practices and Challenges,7,0.01
Latin American and Latino Studies,7,0.01
IgG4-Related and Inflammatory Diseases,7,0.01
Ion Transport and Channel Regulation,7,0.01
"Business, Innovation, and Economy",7,0.01
Building materials and conservation,7,0.01
Organometallic Complex Synthesis and Catalysis,7,0.01
"Grouting, Rheology, and Soil Mechanics",7,0.01
Radio Wave Propagation Studies,7,0.01
CNS Lymphoma Diagnosis and Treatment,7,0.01
Counseling Practices and Supervision,7,0.01
Teleoperation and Haptic Systems,7,0.01
Sociopolitical Dynamics in Russia,7,0.01
Electrostatics and Colloid Interactions,7,0.01
Corruption and Economic Development,7,0.01
Moyamoya disease diagnosis and treatment,7,0.01
Expert finding and Q&A systems,7,0.01
Particle accelerators and beam dynamics,7,0.01
Teacher Professional Development and Motivation,7,0.01
Anorectal Disease Treatments and Outcomes,7,0.01
Psychology of Development and Education,7,0.01
Lexicography and Language Studies,7,0.01
Psychology of Social Influence,7,0.01
Electric Motor Design and Analysis,7,0.01
Efficiency Analysis Using DEA,7,0.01
Effects of Environmental Stressors on Livestock,7,0.01
Public Relations and Crisis Communication,7,0.01
Language Development and Disorders,7,0.01
Cryptographic Implementations and Security,7,0.01
Aquatic Invertebrate Ecology and Behavior,7,0.01
Parasitic Diseases Research and Treatment,7,0.01
Studies on Chitinases and Chitosanases,7,0.01
Combustion and Detonation Processes,7,0.01
Structural Engineering and Vibration Analysis,7,0.01
Biblical Studies and Interpretation,7,0.01
Bat Biology and Ecology Studies,7,0.01
Oil Palm Production and Sustainability,7,0.01
Complexity and Algorithms in Graphs,7,0.01
"Indigenous Health, Education, and Rights",7,0.01
Statistical and numerical algorithms,7,0.01
Computational Geometry and Mesh Generation,7,0.01
Composite Structure Analysis and Optimization,7,0.01
Axial and Atropisomeric Chirality Synthesis,7,0.01
Bone and Dental Protein Studies,7,0.01
Communication in Education and Healthcare,7,0.01
"Logic, Reasoning, and Knowledge",7,0.01
"Logic, programming, and type systems",7,0.01
Injection Molding Process and Properties,7,0.01
Microstructure and Mechanical Properties of Steels,7,0.01
Microwave Imaging and Scattering Analysis,7,0.01
Wireless Communication Networks Research,7,0.01
Plant Ecology and Soil Science,7,0.01
Ecocriticism and Environmental Literature,7,0.01
Weed Control and Herbicide Applications,7,0.01
World Systems and Global Transformations,7,0.01
Lubricants and Their Additives,7,0.01
Lymphatic System and Diseases,7,0.01
Advanced Algorithms and Applications,7,0.01
Pleistocene-Era Hominins and Archaeology,7,0.01
Political Influence and Corporate Strategies,7,0.01
Dynamics and Control of Mechanical Systems,7,0.01
Plasma Applications and Diagnostics,7,0.01
Horticultural and Viticultural Research,7,0.01
Place Attachment and Urban Studies,7,0.01
Pineapple and bromelain studies,7,0.01
thermodynamics and calorimetric analyses,7,0.01
stochastic dynamics and bifurcation,6,0.01
Plant-based Medicinal Research,6,0.01
Adaptive optics and wavefront sensing,6,0.01
Ear Surgery and Otitis Media,6,0.01
Earthquake Detection and Analysis,6,0.01
Historical Linguistics and Language Studies,6,0.01
Stochastic processes and statistical mechanics,6,0.01
Stoma care and complications,6,0.01
Global Trade and Competitiveness,6,0.01
Glass properties and applications,6,0.01
Odor and Emission Control Technologies,6,0.01
Metallurgy and Material Forming,6,0.01
Computational Fluid Dynamics and Aerodynamics,6,0.01
Optical Polarization and Ellipsometry,6,0.01
Environmental Chemistry and Analysis,6,0.01
Avian ecology and behavior,6,0.01
Research in Cotton Cultivation,6,0.01
Color Science and Applications,6,0.01
Geotechnical Engineering and Underground Structures,6,0.01
Geotechnical and Geomechanical Engineering,6,0.01
Model-Driven Software Engineering Techniques,6,0.01
Biomimetic flight and propulsion mechanisms,6,0.01
Biofield Effects and Biophysics,6,0.01
Epoxy Resin Curing Processes,6,0.01
"Communism, Protests, Social Movements",6,0.01
Control and Dynamics of Mobile Robots,6,0.01
Regulation and Compliance Studies,6,0.01
Oral and Maxillofacial Pathology,6,0.01
"Religion, Ecology, and Ethics",6,0.01
"Religion, Society, and Development",6,0.01
"Religion, Spirituality, and Psychology",6,0.01
Connexins and lens biology,6,0.01
ICT in Developing Communities,6,0.01
Ichthyology and Marine Biology,6,0.01
Ion-surface interactions and analysis,6,0.01
Geophysical and Geoelectrical Methods,6,0.01
Business and Management Studies,6,0.01
Soil Mechanics and Vehicle Dynamics,6,0.01
Boron Compounds in Chemistry,6,0.01
Evacuation and Crowd Dynamics,6,0.01
Radioactive Decay and Measurement Techniques,6,0.01
Organizational Strategy and Culture,6,0.01
Emotions and Moral Behavior,6,0.01
"Recreation, Leisure, Wilderness Management",6,0.01
Superconducting Materials and Applications,6,0.01
Refrigeration and Air Conditioning Technologies,6,0.01
Evolution and Science Education,6,0.01
Risk Management in Financial Firms,6,0.01
Rocket and propulsion systems research,6,0.01
Cognitive Computing and Networks,6,0.01
Calibration and Measurement Techniques,6,0.01
"Law, logistics, and international trade",6,0.01
Learning Styles and Cognitive Differences,6,0.01
Anthropological Studies and Insights,6,0.01
"Anthropology: Ethics, History, Culture",6,0.01
Rabies epidemiology and control,6,0.01
Otolaryngology and Infectious Diseases,6,0.01
Electrowetting and Microfluidic Technologies,6,0.01
Corporate Taxation and Avoidance,6,0.01
Surface Treatment and Residual Stress,6,0.01
Art Therapy and Mental Health,6,0.01
Head and Neck Anomalies,6,0.01
Sympathectomy and Hyperhidrosis Treatments,6,0.01
"Homicide, Infanticide, and Child Abuse",6,0.01
Collaborative Teaching and Inclusion,6,0.01
SMEs Development and Digital Marketing,6,0.01
Satellite Image Processing and Photogrammetry,6,0.01
Cardiovascular Syncope and Autonomic Disorders,6,0.01
Gender Studies in Language,6,0.01
"Caribbean history, culture, and politics",6,0.01
Social Representations and Identity,6,0.01
Social Work Education and Practice,6,0.01
Nitrogen and Sulfur Effects on Brassica,6,0.01
Land Rights and Reforms,6,0.01
Thermodynamic and Exergetic Analyses of Power and Cooling Systems,6,0.01
Thermography and Photoacoustic Techniques,6,0.01
Travel-related health issues,6,0.01
Psychological Testing and Assessment,6,0.01
Educational Technology and E-Learning,6,0.01
Data Mining and Machine Learning Applications,6,0.01
Nonlinear Dynamics and Pattern Formation,6,0.01
Science and Education Research,6,0.01
Coagulation and Flocculation Studies,6,0.01
Coconut Research and Applications,6,0.01
Climate Change and Sustainable Development,6,0.01
Cassava research and cyanide,6,0.01
Smart Parking Systems Research,6,0.01
Marine and environmental studies,6,0.01
Educational Research and Analysis,6,0.01
Diatoms and Algae Research,6,0.01
Mathematics Education and Teaching Techniques,6,0.01
Hearing Impairment and Communication,6,0.01
Mathematics and Applications,6,0.01
Agricultural pest management studies,6,0.01
Education Pedagogy and Practices,6,0.01
Disability Rights and Representation,6,0.01
African cultural and philosophical studies,6,0.01
Material Dynamics and Properties,6,0.01
Second Language Acquisition and Learning,6,0.01
Cleft Lip and Palate Research,6,0.01
Security in Wireless Sensor Networks,6,0.01
"Names, Identity, and Discrimination Research",6,0.01
Formal Methods in Verification,6,0.01
Herbal Medicine Research Studies,6,0.01
Urban and Freight Transport Logistics,6,0.01
Heat Transfer Mechanisms,6,0.01
Heat Transfer and Numerical Methods,6,0.01
Agricultural Systems and Practices,6,0.01
Ultrasound and Cavitation Phenomena,6,0.01
Underground infrastructure and sustainability,6,0.01
Economic and Technological Developments in Russia,6,0.01
"Economic, financial, and policy analysis",6,0.01
Education Discipline and Inequality,6,0.01
High-Velocity Impact and Material Behavior,6,0.01
Magnetic and Electromagnetic Effects,6,0.01
IoT and GPS-based Vehicle Safety Systems,6,0.01
Shoulder Injury and Treatment,6,0.01
Chromatography in Natural Products,6,0.01
Sensor Technology and Measurement Systems,6,0.01
Distributed Sensor Networks and Detection Algorithms,6,0.01
Pigment Synthesis and Properties,6,0.01
Postcolonial and Cultural Literary Studies,6,0.01
Historical Gender and Feminism Studies,6,0.01
Magnetic Field Sensors Techniques,6,0.01
Hidradenitis Suppurativa and Treatments,6,0.01
Usability and User Interface Design,6,0.01
"Literacy, Media, and Education",6,0.01
Video Coding and Compression Technologies,6,0.01
Advanced Measurement and Detection Methods,6,0.01
Diverse Topics in Contemporary Research,6,0.01
Food Industry and Aquatic Biology,6,0.01
Food Quality and Safety Studies,6,0.01
Sexual Assault and Victimization Studies,6,0.01
Chemotherapy-related skin toxicity,6,0.01
Shape Memory Alloy Transformations,6,0.01
Adult and Continuing Education Topics,6,0.01
Advanced Adaptive Filtering Techniques,6,0.01
Abdominal Trauma and Injuries,6,0.01
Wood Treatment and Properties,6,0.01
advanced mathematical theories,5,0.01
"Innovation, Technology, and Society",5,0.01
Youth Education and Societal Dynamics,5,0.01
Linguistic research and analysis,5,0.01
Vibration and Dynamic Analysis,5,0.01
Political theory and Gramsci,5,0.01
Magnetic Properties and Synthesis of Ferrites,5,0.01
Heterotopic Ossification and Related Conditions,5,0.01
Natural Compounds in Disease Treatment,5,0.01
Silicon Nanostructures and Photoluminescence,5,0.01
Fluid Dynamics Simulations and Interactions,5,0.01
Nerve Injury and Rehabilitation,5,0.01
Network Time Synchronization Technologies,5,0.01
Vector-Borne Animal Diseases,5,0.01
"Philosophy, Ethics, and Existentialism",5,0.01
Photography and Visual Culture,5,0.01
African Botany and Ecology Studies,5,0.01
Heat and Mass Transfer in Porous Media,5,0.01
Agricultural Development and Policies,5,0.01
Agricultural Economics and Practices,5,0.01
"Categorization, perception, and language",5,0.01
Cavitation Phenomena in Pumps,5,0.01
Cardiovascular Conditions and Treatments,5,0.01
Neurological and metabolic disorders,5,0.01
Neuroscience and Music Perception,5,0.01
Facilities and Workplace Management,5,0.01
Clinical Laboratory Practices and Quality Control,5,0.01
Scientific and Engineering Research Topics,5,0.01
Freshwater macroinvertebrate diversity and ecology,5,0.01
Intestinal and Peritoneal Adhesions,5,0.01
"Hydropower, Displacement, Environmental Impact",5,0.01
University Challenges and Reforms,5,0.01
Education and Communication Studies,5,0.01
Education and Digital Technologies,5,0.01
Education and Islamic Studies,5,0.01
Digital and Cyber Forensics,5,0.01
Direction-of-Arrival Estimation Techniques,5,0.01
Power Transformer Diagnostics and Insulation,5,0.01
"Cardiovascular, Neuropeptides, and Oxidative Stress Research",5,0.01
Coal Properties and Utilization,5,0.01
Ferrocene Chemistry and Applications,5,0.01
Fusion and Plasma Physics Studies,5,0.01
Fusion materials and technologies,5,0.01
Fuzzy Systems and Optimization,5,0.01
Marketing and Advertising Strategies,5,0.01
Mathematical Dynamics and Fractals,5,0.01
Marine Ecology and Invasive Species,5,0.01
Phenothiazines and Benzothiazines Synthesis and Activities,5,0.01
Pregnancy-related medical research,5,0.01
Digital Imaging in Medicine,5,0.01
Digital Innovation in Industries,5,0.01
Differential Equations and Boundary Problems,5,0.01
Indian Economic and Social Development,5,0.01
Legal Cases and Commentary,5,0.01
Geological Studies and Exploration,5,0.01
Law in Society and Culture,5,0.01
Multidisciplinary Science and Engineering Research,5,0.01
Algebraic Geometry and Number Theory,5,0.01
Alkaloids: synthesis and pharmacology,5,0.01
"Tourism, Volunteerism, and Development",5,0.01
Healthcare Decision-Making and Restraints,5,0.01
Healthcare Facilities Design and Sustainability,5,0.01
Infectious Aortic and Vascular Conditions,5,0.01
Intellectual Capital and Performance Analysis,5,0.01
Probability and Statistical Research,5,0.01
Islamic Finance and Communication,5,0.01
Pharmaceutical industry and healthcare,5,0.01
Educational Practices and Policies,5,0.01
"Psychoanalysis, Philosophy, and Politics",5,0.01
Educational Technology and Assessment,5,0.01
Educator Training and Historical Pedagogy,5,0.01
"Dental Education, Practice, Research",5,0.01
Dental Erosion and Treatment,5,0.01
Botanical Research and Applications,5,0.01
Botanical Research and Chemistry,5,0.01
Soybean genetics and cultivation,5,0.01
Islamic Finance and Banking Studies,5,0.01
European and International Law Studies,5,0.01
Retinal and Macular Surgery,5,0.01
Social and Political Issues,5,0.01
DNA and Biological Computing,5,0.01
Electrical and Bioimpedance Tomography,5,0.01
Peanut Plant Research Studies,5,0.01
Public-Private Partnership Projects,5,0.01
Temporomandibular Joint Disorders,5,0.01
Theatre and Performance Studies,5,0.01
Themes in Literature Analysis,5,0.01
Theology and Philosophy of Evil,5,0.01
Space Satellite Systems and Control,5,0.01
Molecular Spectroscopy and Structure,5,0.01
Spatial Neglect and Hemispheric Dysfunction,5,0.01
Biological Control of Invasive Species,5,0.01
Enzyme function and inhibition,5,0.01
Ergonomics and Human Factors,5,0.01
Ergonomics and Musculoskeletal Disorders,5,0.01
Geological formations and processes,5,0.01
Medical and Biological Sciences,5,0.01
Amphibian and Reptile Biology,5,0.01
Parasite Biology and Host Interactions,5,0.01
Quality and Management Systems,5,0.01
Biliary and Gastrointestinal Fistulas,5,0.01
Sports and Physical Education Research,5,0.01
Oil Spill Detection and Mitigation,5,0.01
Older Adults Driving Studies,5,0.01
Open Education and E-Learning,5,0.01
"Colonialism, slavery, and trade",5,0.01
Color perception and design,5,0.01
Ocular Disorders and Treatments,5,0.01
Cultural Heritage Management and Preservation,5,0.01
"Historical, Religious, and Philosophical Studies",5,0.01
Cryptography and Residue Arithmetic,5,0.01
Quinazolinone synthesis and applications,5,0.01
Technology and Data Analysis,5,0.01
Legal case studies and regulations,5,0.01
Lepidoptera: Biology and Taxonomy,5,0.01
"Rabbits: Nutrition, Reproduction, Health",5,0.01
Electronic Packaging and Soldering Technologies,5,0.01
Radiation Shielding Materials Analysis,5,0.01
Surface Roughness and Optical Measurements,5,0.01
Artificial Intelligence in Education,5,0.01
Global Maritime and Colonial Histories,5,0.01
Indigenous Studies and Ecology,5,0.01
International Law and Human Rights,5,0.01
Environmental and Biological Research in Conflict Zones,5,0.01
Conferences and Exhibitions Management,5,0.01
Global and Cross-Cultural Management,5,0.01
Ginkgo biloba and Cashew Applications,5,0.01
Biomedical Research and Pathophysiology,5,0.01
"Swearing, Euphemism, Multilingualism",5,0.01
Synthesis and Characterization of Heterocyclic Compounds,5,0.01
Origins and Evolution of Life,5,0.01
Emotional Labor in Professions,5,0.01
Employee Performance and Management,5,0.01
Endodontics and Root Canal Treatments,5,0.01
Corporate Identity and Reputation,5,0.01
Reformation and Early Modern Christianity,5,0.01
International Maritime Law Issues,5,0.01
Menstrual Health and Disorders,5,0.01
Metal Alloys Wear and Properties,5,0.01
Asian American and Pacific Histories,5,0.01
Conflict of Laws and Jurisdiction,5,0.01
Authorship Attribution and Profiling,5,0.01
Graph theory and applications,5,0.01
Metal-Catalyzed Oxygenation Mechanisms,5,0.01
Metalloenzymes and iron-sulfur proteins,5,0.01
Metallurgical Processes and Thermodynamics,5,0.01
Global Health and Epidemiology,5,0.01
"Historical Studies on Reproduction, Gender, Health, and Societal Changes",5,0.01
Plant Taxonomy and Phylogenetics,5,0.01
Piperaceae Chemical and Biological Studies,5,0.01
Jewish and Middle Eastern Studies,5,0.01
Plant pathogens and resistance mechanisms,5,0.01
Plasma Diagnostics and Applications,5,0.01
Advanced MEMS and NEMS Technologies,5,0.01
Advanced Database Systems and Queries,5,0.01
Advanced Differential Geometry Research,5,0.01
Advanced Energy Technologies and Civil Engineering Innovations,5,0.01
"Fish biology, ecology, and behavior",5,0.01
Service-Learning and Community Engagement,5,0.01
Service-Oriented Architecture and Web Services,5,0.01
Seventeenth-Century Political and Philosophical Thought,5,0.01
"Shakespeare, Adaptation, and Literary Criticism",5,0.01
Wireless Networks and Protocols,5,0.01
Yeasts and Rust Fungi Studies,5,0.01
Advanced Control Systems Design,5,0.01
Actinomycetales infections and treatment,5,0.01
Advanced Computational Techniques and Applications,4,0.01
ERP Systems Implementation and Impact,4,0.01
Wind Turbine Control Systems,4,0.01
Access Control and Trust,4,0.01
Sex work and related issues,4,0.01
Flow Experience in Various Fields,4,0.01
Network Traffic and Congestion Control,4,0.01
Advanced Combinatorial Mathematics,4,0.01
Advanced Differential Equations and Dynamical Systems,4,0.01
Advanced Mathematical Theories and Applications,4,0.01
Policing Practices and Perceptions,4,0.01
Plant-Derived Bioactive Compounds,4,0.01
Workplace Spirituality and Leadership,4,0.01
Global Healthcare and Medical Tourism,4,0.01
Metallurgical and Alloy Processes,4,0.01
Automotive and Human Injury Biomechanics,4,0.01
Astronomical Observations and Instrumentation,4,0.01
Asian Culture and Media Studies,4,0.01
Globalization and political ideologies,4,0.01
"Global trade, sustainability, and social impact",4,0.01
Grey System Theory Applications,4,0.01
Real-time simulation and control systems,4,0.01
Organizational Learning and Leadership,4,0.01
Memory Processes and Influences,4,0.01
Mediterranean and Iberian flora and fauna,4,0.01
Halal products and consumer behavior,4,0.01
Mineralogy and Gemology Studies,4,0.01
Australian History and Society,4,0.01
Structural Analysis of Composite Materials,4,0.01
Strategic Planning and Analysis,4,0.01
Religious Studies and Spiritual Practices,4,0.01
Optimization and Packing Problems,4,0.01
English Language Learning and Teaching,4,0.01
Optical Systems and Laser Technology,4,0.01
Hair Growth and Disorders,4,0.01
Art History and Market Analysis,4,0.01
Arctic and Russian Policy Studies,4,0.01
Radiative Heat Transfer Studies,4,0.01
"Crafts, Textile, and Design",4,0.01
Elite Sociology and Global Capitalism,4,0.01
Orthopedic Surgery and Rehabilitation,4,0.01
Orthodontics and Dentofacial Orthopedics,4,0.01
RFID technology advancements,4,0.01
"Legal, Health, Environmental and COVID-19 Challenges",4,0.01
"Tannin, Tannase and Anticancer Activities",4,0.01
T-cell and Retrovirus Studies,4,0.01
Critical and Liberation Pedagogy,4,0.01
"Cultural, Media, and Literary Studies",4,0.01
Laser Design and Applications,4,0.01
"Language, Linguistics, Cultural Analysis",4,0.01
Landfill Environmental Impact Studies,4,0.01
Palliative and Oncologic Care,4,0.01
Cultural Heritage Materials Analysis,4,0.01
Culinary Culture and Tourism,4,0.01
Occupational Therapy Practice and Research,4,0.01
Comparative constitutional jurisprudence studies,4,0.01
State Capitalism and Financial Governance,4,0.01
"Sports, Gender, and Society",4,0.01
Benford’s Law and Fraud Detection,4,0.01
Banana Cultivation and Research,4,0.01
Minimally Invasive Surgical Techniques,4,0.01
Minerals Flotation and Separation Techniques,4,0.01
Crystallography and Radiation Phenomena,4,0.01
Quality Function Deployment in Product Design,4,0.01
Cybersecurity and Cyber Warfare Studies,4,0.01
Particle Accelerators and Free-Electron Lasers,4,0.01
Parasitic Infections and Diagnostics,4,0.01
Electromagnetic Simulation and Numerical Methods,4,0.01
Electromagnetic Scattering and Analysis,4,0.01
Electromagnetic Fields and Biological Effects,4,0.01
Aldose Reductase and Taurine,4,0.01
American and British Literature Analysis,4,0.01
Medical Education and Admissions,4,0.01
American Environmental and Regional History,4,0.01
Burkholderia infections and melioidosis,4,0.01
Hypothalamic control of reproductive hormones,4,0.01
Restraint-Related Deaths,4,0.01
Block Copolymer Self-Assembly,4,0.01
German Literature and Culture Studies,4,0.01
Geotechnical and construction materials studies,4,0.01
Geotechnical Engineering and Soil Stabilization,4,0.01
Space exploration and regulation,4,0.01
Public Health and Nutrition,4,0.01
Public Health and Environmental Issues,4,0.01
Public Administration in Developing Nations,4,0.01
Patient Dignity and Privacy,4,0.01
Electrical and Electromagnetic Research,4,0.01
Elasticity and Wave Propagation,4,0.01
Particle Dynamics in Fluid Flows,4,0.01
"Psychology, Coaching, and Therapy",4,0.01
Sociopolitical Dynamics in Nepal,4,0.01
Socio-political and Technological Issues,4,0.01
Rhetoric and Communication Studies,4,0.01
Rheology and Fluid Dynamics Studies,4,0.01
Ethics and Legal Issues in Pediatric Healthcare,4,0.01
European history and politics,4,0.01
Solidification and crystal growth phenomena,4,0.01
"Botany, Ecology, and Taxonomy Studies",4,0.01
Solar Energy Systems and Technologies,4,0.01
Peer-to-Peer Network Technologies,4,0.01
Decision Support System Applications,4,0.01
Deception detection and forensic psychology,4,0.01
Psychoanalysis and Psychopathology Research,4,0.01
Psidium guajava Extracts and Applications,4,0.01
Dermatological diseases and infestations,4,0.01
Educational Methods and Analysis,4,0.01
Persona Design and Applications,4,0.01
Hydraulic and Pneumatic Systems,4,0.01
International Arbitration and Investment Law,4,0.01
Interdisciplinary Cultural and Social Studies,4,0.01
Intellectual Property and Patents,4,0.01
"Media, Communication, and Education",4,0.01
Health and Medical Studies,4,0.01
Algebraic and Geometric Analysis,4,0.01
Agricultural safety and regulations,4,0.01
Genetics and Physical Performance,4,0.01
Genetic and Environmental Crop Studies,4,0.01
Russia and Soviet political economy,4,0.01
Rural development and sustainability,4,0.01
Law and Political Science,4,0.01
Homotopy and Cohomology in Algebraic Topology,4,0.01
Cognitive Radio Networks and Spectrum Sensing,4,0.01
Geological and Geophysical Studies,4,0.01
Geological Modeling and Analysis,4,0.01
Legal and Constitutional Studies,4,0.01
Legal Education and Practice Innovations,4,0.01
Soft tissue tumor case studies,4,0.01
Mechanical Failure Analysis and Simulation,4,0.01
Indian History and Philosophy,4,0.01
Digital Humanities and Scholarship,4,0.01
Diffusion and Search Dynamics,4,0.01
Pragmatism in Philosophy and Education,4,0.01
Pharmacy and Medical Practices,4,0.01
Mathematical and Theoretical Analysis,4,0.01
Slime Mold and Myxomycetes Research,4,0.01
Garlic and Onion Studies,4,0.01
Numerical Methods and Algorithms,4,0.01
Nuclear and radioactivity studies,4,0.01
"Nietzsche, Schopenhauer, and Hegel",4,0.01
Social Power and Status Dynamics,4,0.01
Capital Investment and Risk Analysis,4,0.01
Cancer and biochemical research,4,0.01
Muon and positron interactions and applications,4,0.01
Multimedia Communication and Technology,4,0.01
African history and culture studies,4,0.01
African history and culture analysis,4,0.01
Digital Transformation in Law,4,0.01
Digital Storytelling and Education,4,0.01
Digital Media and Philosophy,4,0.01
Education Systems and Policies,4,0.01
High voltage insulation and dielectric phenomena,4,0.01
Aerodynamics and Fluid Dynamics Research,4,0.01
Agricultural Science and Fertilization,4,0.01
Intravenous Infusion Technology and Safety,4,0.01
Intraoperative Neuromonitoring and Anesthetic Effects,4,0.01
Intramuscular injections and effects,4,0.01
Frequency Control in Power Systems,4,0.01
Catalytic Alkyne Reactions,4,0.01
Maritime and Coastal Archaeology,4,0.01
Aerospace Engineering and Energy Systems,4,0.01
Hernia repair and management,4,0.01
Hemoglobin structure and function,4,0.01
Male Breast Health Studies,4,0.01
Educational Environments and Student Outcomes,4,0.01
Vascular Malformations and Hemangiomas,4,0.01
"Utopian, Dystopian, and Speculative Fiction",4,0.01
Advancements in Photolithography Techniques,4,0.01
Network Packet Processing and Optimization,4,0.01
Nausea and vomiting management,4,0.01
Fern and Epiphyte Biology,4,0.01
Feminist Epistemology and Gender Studies,4,0.01
China's Socioeconomic Reforms and Governance,4,0.01
Child Welfare and Adoption,4,0.01
Cerebral Venous Sinus Thrombosis,4,0.01
Chemical Safety and Risk Management,4,0.01
Chemical Reaction Mechanisms,4,0.01
Ship Hydrodynamics and Maneuverability,4,0.01
Fluid Dynamics and Thin Films,4,0.01
Historical Economic and Social Studies,4,0.01
Pomegranate: compositions and health benefits,4,0.01
Phytochemicals and Medicinal Plants,4,0.01
Phytochemical and Pharmacological Studies,4,0.01
Education Methods and Practices,4,0.01
Political Theory and Influence,4,0.01
Low-power high-performance VLSI design,4,0.01
Veterinary medicine and infectious diseases,4,0.01
Linguistics and language evolution,4,0.01
Advanced Technology in Applications,4,0.01
Vehicle Dynamics and Control Systems,4,0.01
14-3-3 protein interactions,4,0.01
Innovations in Educational Methods,4,0.01
semigroups and automata theory,4,0.01
Induction Heating and Inverter Technology,4,0.01
3D IC and TSV technologies,3,0.01
Wildlife Conservation and Criminology Analyses,3,0.01
Historical Psychiatry and Medical Practices,3,0.01
Wikis in Education and Collaboration,3,0.01
Advanced Computing and Algorithms,3,0.01
Hospitality and Tourism Education,3,0.01
Echinoderm biology and ecology,3,0.01
Walter Benjamin Studies Compilation,3,0.01
Visual Culture and Art Theory,3,0.01
Historical and Linguistic Studies,3,0.01
Historical and Architectural Studies,3,0.01
Advanced Software Engineering Methodologies,3,0.01
Vietnamese History and Culture Studies,3,0.01
Linguistics and Education Research,3,0.01
Veterinary Pharmacology and Anesthesia,3,0.01
Advanced Synthetic Organic Chemistry,3,0.01
Vehicle Noise and Vibration Control,3,0.01
Vascular anomalies and interventions,3,0.01
Vascular Malformations Diagnosis and Treatment,3,0.01
Hibiscus Plant Research Studies,3,0.01
Poetry Analysis and Criticism,3,0.01
"Pneumothorax, Barotrauma, Emphysema",3,0.01
Drug-Induced Ocular Toxicity,3,0.01
Advanced Wireless Network Optimization,3,0.01
African Sexualities and LGBTQ+ Issues,3,0.01
Aerospace Engineering and Control Systems,3,0.01
Hermeneutics and Narrative Identity,3,0.01
Management and Marketing Education,3,0.01
Male Reproductive Health Studies,3,0.01
Agricultural and Environmental Management,3,0.01
Maritime Ports and Logistics,3,0.01
Maritime Navigation and Safety,3,0.01
Mangiferin and Mango Extracts,3,0.01
Mathematical Inequalities and Applications,3,0.01
Political Systems and Governance,3,0.01
Political Science Research and Education,3,0.01
Down syndrome and intellectual disability research,3,0.01
Diverticular Disease and Complications,3,0.01
Diversity and Impact of Dance,3,0.01
Turfgrass Adaptation and Management,3,0.01
Tunneling and Rock Mechanics,3,0.01
"Agriculture, Water, and Health",3,0.01
"Mathematics, Computing, and Information Processing",3,0.01
Healthcare innovation and challenges,3,0.01
Healthcare Systems and Practices,3,0.01
"Intelligence, Security, War Strategy",3,0.01
"Media, Gender, and Advertising",3,0.01
Healthcare Operations and Scheduling Optimization,3,0.01
"Health, Nursing, Elderly Care",3,0.01
Mechanisms of cancer metastasis,3,0.01
Mechanical stress and fatigue analysis,3,0.01
Porphyrin Metabolism and Disorders,3,0.01
Polymer Science and PVC,3,0.01
Economic Growth and Fiscal Policies,3,0.01
Diverse Applied Research Studies,3,0.01
Discrimination and Equality Law,3,0.01
Amoebic Infections and Treatments,3,0.01
Medical Research and Practices,3,0.01
Thermodynamic and Structural Properties of Metals and Alloys,3,0.01
Andrographolide Research and Applications,3,0.01
Textile materials and evaluations,3,0.01
Telecommunications and Broadcasting Technologies,3,0.01
Leptospirosis research and findings,3,0.01
Legal principles and applications,3,0.01
Medicinal plant effects and applications,3,0.01
"Antioxidants, Aging, Portulaca oleracea",3,0.01
Ectopic Pregnancy Diagnosis and Management,3,0.01
Education and Public Policy,3,0.01
Archaeology and Historical Studies,3,0.01
Archaeological Research and Protection,3,0.01
Aquatic life and conservation,3,0.01
Synthesis and characterization of novel inorganic/organometallic compounds,3,0.01
Melamine detection and toxicity,3,0.01
Artificial Intelligence Applications,3,0.01
"Art, Technology, and Culture",3,0.01
Sustainable Design and Development,3,0.01
Sustainable Agricultural Systems Analysis,3,0.01
Survey Sampling and Estimation Techniques,3,0.01
Asian Geopolitics and Ethnography,3,0.01
Sugarcane Cultivation and Processing,3,0.01
Glycogen Storage Diseases and Myoclonus,3,0.01
Merger and Competition Analysis,3,0.01
"Digitalization, Law, and Regulation",3,0.01
Digitalization and Economic Development in Agriculture,3,0.01
Graph Labeling and Dimension Problems,3,0.01
Structural mechanics and materials,3,0.01
Structural Response to Dynamic Loads,3,0.01
Microbial Applications in Construction Materials,3,0.01
Statistical and Computational Modeling,3,0.01
"Stalking, Cyberstalking, and Harassment",3,0.01
Spinal Fractures and Fixation Techniques,3,0.01
Mining Techniques and Economics,3,0.01
"Migration, Aging, and Tourism Studies",3,0.01
Biological and pharmacological studies of plants,3,0.01
Spectral Theory in Mathematical Physics,3,0.01
Bird parasitology and diseases,3,0.01
Bone Tumor Diagnosis and Treatments,3,0.01
Modernist Literature and Criticism,3,0.01
Mining and Resource Management,3,0.01
Geotechnical Engineering and Soil Mechanics,3,0.01
Product Development and Customization,3,0.01
Probability and Risk Models,3,0.01
Educational Assessment and Improvement,3,0.01
Solid State Laser Technologies,3,0.01
Molten salt chemistry and electrochemical processes,3,0.01
Geometric and Algebraic Topology,3,0.01
Leadership and Management in Organizations,3,0.01
Sociology and Norbert Elias,3,0.01
Byzantine Studies and History,3,0.01
Cancer and Skin Lesions,3,0.01
Multicomponent Synthesis of Heterocycles,3,0.01
Social Issues and Policies in Latin America,3,0.01
Skin Diseases and Diabetes,3,0.01
Silymarin and Mushroom Poisoning,3,0.01
Fungal Plant Pathogen Control,3,0.01
Educational Reforms and Innovations,3,0.01
Pharmacological Effects and Assays,3,0.01
Personal Information Management and User Behavior,3,0.01
Italian Fascism and Post-war Society,3,0.01
Music Technology and Sound Studies,3,0.01
Museums and Cultural Heritage,3,0.01
Musculoskeletal synovial abnormalities and treatments,3,0.01
Invertebrate Taxonomy and Ecology,3,0.01
Invertebrate Immune Response Mechanisms,3,0.01
Intuitionistic Fuzzy Systems Applications,3,0.01
Intraocular Surgery and Lenses,3,0.01
International Student and Expatriate Challenges,3,0.01
Free Will and Agency,3,0.01
Census and Population Estimation,3,0.01
Chemical Reactions and Mechanisms,3,0.01
Food Chemistry and Fat Analysis,3,0.01
"Forest, Soil, and Plant Ecology in China",3,0.01
Educational Theory and Curriculum Studies,3,0.01
Dental Trauma and Treatments,3,0.01
Iterative Learning Control Systems,3,0.01
Child Development and Education,3,0.01
Chemistry Education and Research,3,0.01
Fire effects on concrete materials,3,0.01
Field-Flow Fractionation Techniques,3,0.01
Sensorless Control of Electric Motors,3,0.01
Children's Rights and Participation,3,0.01
Neurology and Historical Studies,3,0.01
Cocoa and Sweet Potato Agronomy,3,0.01
Coal Combustion and Slurry Processing,3,0.01
Coaching Methods and Impact,3,0.01
Science Education and Perceptions,3,0.01
Public Health in Brazil,3,0.01
Peacebuilding and International Security,3,0.01
Electrical Contact Performance and Analysis,3,0.01
Psychological and Educational Research Studies,3,0.01
Dengue and Mosquito Control Research,3,0.01
Nonprofit Sector and Volunteering,3,0.01
Nigella sativa pharmacological applications,3,0.01
Extremum Seeking Control Systems,3,0.01
Safe Handling of Antineoplastic Drugs,3,0.01
STEM Education,3,0.01
Colonial History and Postcolonial Studies,3,0.01
History of Science and Medicine,3,0.01
Robotic Process Automation Applications,3,0.01
Risk and Portfolio Optimization,3,0.01
European Criminal Justice and Data Protection,3,0.01
Evaluation Methods in Various Fields,3,0.01
Irish and British Studies,3,0.01
Error Correcting Code Techniques,3,0.01
Occupational exposure and asthma,3,0.01
Parasitic infections in humans and animals,3,0.01
Publishing and Scholarly Communication,3,0.01
Nuts composition and effects,3,0.01
Communication and COVID-19 Impact,3,0.01
"Oil, Gas, and Environmental Issues",3,0.01
Ocular and Laser Science Research,3,0.01
Commutative Algebra and Its Applications,3,0.01
Renaissance Literature and Culture,3,0.01
Religious Tourism and Spaces,3,0.01
Conflict Management and Negotiation,3,0.01
Optimization and Variational Analysis,3,0.01
Conservation Techniques and Studies,3,0.01
"Religion, Theology, and Education",3,0.01
History of Computing Technologies,3,0.01
Cuban History and Society,3,0.01
Engineering Technology and Methodologies,3,0.01
Engineering Structural Analysis Methods,3,0.01
Organic Chemistry Cycloaddition Reactions,3,0.01
Copper Interconnects and Reliability,3,0.01
Coordination Chemistry and Organometallics,3,0.01
Employer Branding and e-HRM,3,0.01
Organometallic Compounds Synthesis and Characterization,3,0.01
"Crime, Deviance, and Social Control",3,0.01
Osteomyelitis and Bone Disorders Research,3,0.01
Abdominal vascular conditions and treatments,3,0.01
Inertial Sensor and Navigation,3,0.01
Advanced Authentication Protocols Security,3,0.01
Advanced Algebra and Geometry,3,0.01
"Adsorption, diffusion, and thermodynamic properties of materials",3,0.01
graph theory and CDMA systems,3,0.01
Jungian Analytical Psychology,2,0.0
Jury Decision Making Processes,2,0.0
Advanced Computational Techniques in Science and Engineering,2,0.0
"Weber, Simmel, Sociological Theory",2,0.0
Whitehead's Philosophy and Applications,2,0.0
Writing and Handwriting Education,2,0.0
"Literature, Culture, and Criticism",2,0.0
Historical Medical Research and Treatments,2,0.0
Historical and Archaeological Studies,2,0.0
Innovative Education and Learning Practices,2,0.0
AI and Big Data Applications,2,0.0
dental development and anomalies,2,0.0
Industrial Automation and Control Systems,2,0.0
Industrial Engineering and Technologies,2,0.0
Youth Substance Use and School Attendance,2,0.0
Ziziphus Jujuba Studies and Applications,2,0.0
Cross-Border Cooperation and Integration,2,0.0
Cruise Tourism Development and Management,2,0.0
Corporate Management and Leadership,2,0.0
Outdoor and Experiential Education,2,0.0
Electrostatic Discharge in Electronics,2,0.0
Elevator Systems and Control,2,0.0
Embedded Systems Design Techniques,2,0.0
Pacific and Southeast Asian Studies,2,0.0
Paleontology and Evolutionary Biology,2,0.0
Craniofacial Disorders and Treatments,2,0.0
Radiation Effects and Dosimetry,2,0.0
Radio Frequency Integrated Circuit Design,2,0.0
Radioactive contamination and transfer,2,0.0
Historical and Religious Studies of Rome,2,0.0
Waste Management and Recycling,2,0.0
Advanced Mathematical Physics Problems,2,0.0
Advanced Graph Theory Research,2,0.0
Organizational Management and Leadership,2,0.0
Organophosphorus compounds synthesis,2,0.0
Employee Performance and Leadership,2,0.0
Random Matrices and Applications,2,0.0
Real-Time Systems Scheduling,2,0.0
Regional Development and Environment,2,0.0
Regional Economic and Spatial Analysis,2,0.0
Veterinary Orthopedics and Neurology,2,0.0
Linguistics and Cultural Studies,2,0.0
Linguistics and Discourse Analysis,2,0.0
Linguistics and Language Analysis,2,0.0
Diverse Philosophical and Cultural Studies,2,0.0
Values and Moral Education,2,0.0
Vanadium and Halogenation Chemistry,2,0.0
Various Academic Research Studies,2,0.0
Vascular Anomalies and Treatments,2,0.0
Venomous Animal Envenomation and Studies,2,0.0
Advanced Theoretical and Applied Studies in Material Sciences and Geometry,2,0.0
Veterinary Oncology Research,2,0.0
Contact Mechanics and Variational Inequalities,2,0.0
Contemporary Literature and Criticism,2,0.0
Engineering Education and Curriculum Development,2,0.0
Engineering Education and Pedagogy,2,0.0
Historical Geography and Geographical Thought,2,0.0
Historical Geopolitical and Social Dynamics,2,0.0
Historical Legal Studies and Society,2,0.0
Kantian Philosophy and Modern Interpretations,2,0.0
Karst Systems and Hydrogeology,2,0.0
Plant chemical constituents analysis,2,0.0
Plant-derived Lignans Synthesis and Bioactivity,2,0.0
Point processes and geometric inequalities,2,0.0
Diverse Industrial Engineering Technologies,2,0.0
Diverse Musicological Studies,2,0.0
Cyclone Separators and Fluid Dynamics,2,0.0
Quality of Life Measurement,2,0.0
Knowledge Management in Higher Education,2,0.0
"Language, Communication, and Linguistic Studies",2,0.0
Ultra-Wideband Communications Technology,2,0.0
Aerodynamics and Acoustics in Jet Flows,2,0.0
Magneto-Optical Properties and Applications,2,0.0
"Management, Economics, and Public Policy",2,0.0
African Education and Politics,2,0.0
Urban Planning and Landscape Design,2,0.0
Advanced optical system design,2,0.0
Historical Art and Culture Studies,2,0.0
Turtle Biology and Conservation,2,0.0
Marriage and Sexual Relationships,2,0.0
Material Properties and Failure Mechanisms,2,0.0
Mathematical Control Systems and Analysis,2,0.0
Marine Toxins and Detection Methods,2,0.0
Optics and Image Analysis,2,0.0
Community-based Tourism Development and Sustainability,2,0.0
Transportation Systems and Logistics,2,0.0
Tribology and Lubrication Engineering,2,0.0
Diverse Scientific and Engineering Research,2,0.0
Doctoral Education Challenges and Solutions,2,0.0
Political and Social Issues,2,0.0
"Politics, Economics, and Education Policy",2,0.0
Indian and Buddhist Studies,2,0.0
Mathematical functions and polynomials,2,0.0
Mathematics Education and Programs,2,0.0
Transactional Analysis in Psychotherapy,2,0.0
Agricultural and Food Production Studies,2,0.0
Agriculture Market Analysis Ukraine,2,0.0
Agriculture and Biological Studies,2,0.0
Agriculture and Farm Safety,2,0.0
Transport and Economic Policies,2,0.0
Ophthalmology and Visual Health Research,2,0.0
Environmental Policies and Emissions,2,0.0
Environmental Quality and Pollution,2,0.0
Environmental Science and Technology,2,0.0
Environmental Sustainability and Education,2,0.0
Competency Development and Evaluation,2,0.0
"Research, Science, and Academia",2,0.0
"Commonwealth, Australian Politics and Federalism",2,0.0
Communication Studies and Media,2,0.0
Air Traffic Management and Optimization,2,0.0
Alkaline Phosphatase Research Studies,2,0.0
Mechanics and Biomechanics Studies,2,0.0
"Health, Medicine and Society",2,0.0
Healthcare Quality and Management,2,0.0
Insects and Parasite Interactions,2,0.0
Interconnection Networks and Systems,2,0.0
Inclusion and Disability in Education and Sport,2,0.0
Nursing care and research,2,0.0
"Nutrition, Health and Food Behavior",2,0.0
Occupational Health and Burnout,2,0.0
Occupational Health and Safety Management,2,0.0
Public Procurement and Policy,2,0.0
Public Spaces through Art,2,0.0
Electrical and Thermal Properties of Materials,2,0.0
Paraoxonase enzyme and polymorphisms,2,0.0
Medicinal Plant Pharmacodynamics Research,2,0.0
Medicinal Plant Research,2,0.0
American Literature and Culture,2,0.0
American Political and Social Dynamics,2,0.0
Phytochemistry Medicinal Plant Applications,2,0.0
Phytochemistry and biological activity of medicinal plants,2,0.0
"Ecology, Conservation, and Geographical Studies",2,0.0
Economic Issues in Ukraine,2,0.0
Diverse Education and Engineering Focus,2,0.0
Paraquat toxicity studies and treatments,2,0.0
Erosion and Abrasive Machining,2,0.0
"IPv6, Mobility, Handover, Networks, Security",2,0.0
"Law, Rights, and Freedoms",2,0.0
"Nursing Education, Practice, and Leadership",2,0.0
"Rings, Modules, and Algebras",2,0.0
Ancient Egypt and Archaeology,2,0.0
Ancient Near East History,2,0.0
Medical History and Innovations,2,0.0
Medical History and Research,2,0.0
Legal and cultural studies analysis,2,0.0
Libraries and Information Services,2,0.0
Library Science and Information Systems,2,0.0
Lightning and Electromagnetic Phenomena,2,0.0
Limits and Structures in Graph Theory,2,0.0
"Terrorism, Counterterrorism, and Political Violence",2,0.0
Testicular diseases and treatments,2,0.0
Animal Diversity and Health Studies,2,0.0
Thermodynamic properties of mixtures,2,0.0
History of Medicine Studies,2,0.0
"History, Culture, and Society",2,0.0
Hops Chemistry and Applications,2,0.0
Cold Fusion and Nuclear Reactions,2,0.0
"Architecture, Modernity, and Design",2,0.0
Aquatic Ecosystems and Biodiversity,2,0.0
Medicine and Dermatology Studies History,2,0.0
Postmodernism in Literature and Education,2,0.0
Powder Metallurgy Techniques and Materials,2,0.0
Physical Education and Gymnastics,2,0.0
Physics and Engineering Research Articles,2,0.0
Economic and Social Development,2,0.0
Edible Oils Quality and Analysis,2,0.0
Nonlinear Partial Differential Equations,2,0.0
Pelvic and Acetabular Injuries,2,0.0
Pasture and Agricultural Systems,2,0.0
Pathogenesis and Treatment of Hiccups,2,0.0
Nuclear Issues and Defense,2,0.0
Synthesis and Biological Activity,2,0.0
Synthesis and Reactions of Organic Compounds,2,0.0
Synthesis and bioactivity of alkaloids,2,0.0
Synthesis of Tetrazole Derivatives,2,0.0
Synthesis of β-Lactam Compounds,2,0.0
Systems Engineering Methodologies and Applications,2,0.0
European Political History Analysis,2,0.0
Facial Rejuvenation and Surgery Techniques,2,0.0
Fashion and Cultural Textiles,2,0.0
Scientific Research and Philosophical Inquiry,2,0.0
Sustainability and Innovation in Business,2,0.0
"Art, Aesthetics, and Perception",2,0.0
"Art, Politics, and Modernism",2,0.0
Linguistic Education and Pedagogy,2,0.0
Health and Education Studies,2,0.0
Gyrotron and Vacuum Electronics Research,2,0.0
"HIV, TB, and STIs Epidemiology",2,0.0
Immunotoxicology and immune responses,2,0.0
International Law and Aviation,2,0.0
Growth and nutrition in plants,2,0.0
Guidance and Control Systems,2,0.0
Subtitles and Audiovisual Media,2,0.0
Scottish History and National Identity,2,0.0
Classical Antiquity Studies,2,0.0
Classical Studies and Legal History,2,0.0
"Security, Politics, and Digital Transformation",2,0.0
Seismic Performance and Analysis,2,0.0
Seismic and Structural Analysis of Tall Buildings,2,0.0
Chinese history and philosophy,2,0.0
Christian Theology and Mission,2,0.0
Flow Measurement and Analysis,2,0.0
Flowering Plant Growth and Cultivation,2,0.0
Financial Analysis and Corporate Governance,2,0.0
Power Systems Fault Detection,2,0.0
Digital Media and Visual Art,2,0.0
Pharmacology and Nanomedicine Research,2,0.0
Indigenous Knowledge Systems and Agriculture,2,0.0
Athletic Training and Education,2,0.0
Attention Economy in Education and Business,2,0.0
Granular flow and fluidized beds,2,0.0
Methodology and Impact of Social Science Research,2,0.0
Stuttering Research and Treatment,2,0.0
"Feminism, Gender, and Sexuality Studies",2,0.0
Feminist Theory and Gender Studies,2,0.0
Fisheries and Aquaculture Studies,2,0.0
Flannery O'Connor and Thomas Merton,2,0.0
Chemistry and Stereochemistry Studies,2,0.0
Narrative Theory and Analysis,2,0.0
Natural Compound Pharmacology Studies,2,0.0
Aviation Industry Analysis and Trends,2,0.0
Bamboo properties and applications,2,0.0
Global Security and Public Health,2,0.0
Microbial metabolism and enzyme function,2,0.0
Global Education Systems and Policies,2,0.0
Global Educational Reforms and Inequalities,2,0.0
Natural Resources and Economic Development,2,0.0
Foot and Ankle Surgery,2,0.0
Psychiatric care and mental health services,2,0.0
Educational Systems and Policies,2,0.0
Educational Technology and Pedagogy,2,0.0
"Bangladesh Politics, Society, and Development",2,0.0
Space Exploration and Technology,2,0.0
Spacecraft Design and Technology,2,0.0
Blood donation and transfusion practices,2,0.0
Spatial Cognition and Navigation,2,0.0
Brake Systems and Friction Analysis,2,0.0
South Asian Cinema and Culture,2,0.0
"Education, Philosophy, and Society",2,0.0
"Education, Sociology, Communication Studies",2,0.0
Educational Assessment and Pedagogy,2,0.0
Digital Image Processing Techniques,2,0.0
Problem Solving Skills Development,2,0.0
Islamic Studies and History,2,0.0
"Folklore, Mythology, and Literature Studies",2,0.0
Freedom of Expression and Defamation,2,0.0
International Science and Diplomacy,2,0.0
Intestinal Malrotation and Obstruction Disorders,2,0.0
Geometric Analysis and Curvature Flows,2,0.0
Geodetic Measurements and Engineering Structures,2,0.0
Geography Education and Pedagogy,2,0.0
Business Strategies and Innovation,2,0.0
Soil and Environmental Studies,2,0.0
Soft tissue tumors and treatment,2,0.0
"Brucella: diagnosis, epidemiology, treatment",2,0.0
Bryophyte Studies and Records,2,0.0
"Leadership, Behavior, and Decision-Making Studies",2,0.0
"Leadership, Human Resources, Global Affairs",2,0.0
Legal Systems and Judicial Processes,2,0.0
Game Theory and Voting Systems,2,0.0
Music Education and Analysis,2,0.0
Humor Studies and Applications,2,0.0
Petri Nets in System Modeling,2,0.0
Petroleum Processing and Analysis,2,0.0
Educational Management and Quality,2,0.0
Smart Grid and Power Systems,2,0.0
Generational Differences and Trends,2,0.0
Genetic and rare skin diseases.,2,0.0
"Gender, Security, and Conflict",2,0.0
"Multiculturalism, Politics, Migration, Gender",2,0.0
Multidisciplinary Research Papers Compilation,2,0.0
Social Sciences and Governance,2,0.0
Social Sciences and Policies,2,0.0
Social and Economic Solidarity,2,0.0
linguistics and terminology studies,2,0.0
Innovations in Aquaponics and Hydroponics Systems,2,0.0
Accounting Education and Careers,2,0.0
Advanced Algebra and Logic,2,0.0
Women's cancer prevention and management,2,0.0
Knowledge Management and Technology,2,0.0
Plant Ecology and Taxonomy Studies,2,0.0
Innovative Teaching Methodologies in Social Sciences,2,0.0
Water Resources and Sustainability,2,0.0
Wave and Wind Energy Systems,2,0.0
Web Application Security Vulnerabilities,2,0.0
Ear and Head Tumors,2,0.0
Economic Zones and Regional Development,2,0.0
"Literature: history, themes, analysis",1,0.0
"Radio, Podcasts, and Digital Media",1,0.0
Railway Engineering and Dynamics,1,0.0
Organizational Downsizing and Restructuring,1,0.0
Advanced Scientific Research Methods,1,0.0
Advanced Sensor Technologies Research,1,0.0
Advanced Sensor and Control Systems,1,0.0
Historical and Cultural Archaeology Studies,1,0.0
Historical and Literary Analyses,1,0.0
Historical and Literary Studies,1,0.0
Historical and Modern Theater Studies,1,0.0
Lymphatic Disorders and Treatments,1,0.0
Higher Education Teaching and Evaluation,1,0.0
Advanced Mathematical Identities,1,0.0
Advanced Decision-Making Techniques,1,0.0
Water Resource Management and Quality,1,0.0
Energy Efficiency in Computing,1,0.0
Italian Literature and Culture,1,0.0
Italian Social Issues and Migration,1,0.0
Italy: Economic History and Contemporary Issues,1,0.0
Educational Leadership and Administration,1,0.0
Educational Methods and Teacher Development,1,0.0
Educational Methods and Technology,1,0.0
Educational Philosophies and Pedagogies,1,0.0
Catholicism and Religious Studies,1,0.0
Social Movements and Cultural Identity,1,0.0
Social Policies and Family,1,0.0
Gender and Feminist Studies,1,0.0
Multicultural Socio-Legal Studies,1,0.0
Multidisciplinary Warburg-centric Studies,1,0.0
Social and Economic Development in India,1,0.0
Innovation in Digital Healthcare Systems,1,0.0
Innovations and Analysis in Business and Education,1,0.0
Soil Science and Environmental Management,1,0.0
"Soil, Finite Element Methods",1,0.0
Botany and Geology in Latin America and Caribbean,1,0.0
Social impacts of COVID-19,1,0.0
Socioeconomic Development in Asia,1,0.0
"COVID-19, Geopolitics, Technology, Migration",1,0.0
Calpain Protease Function and Regulation,1,0.0
Cambodian History and Society,1,0.0
Socioeconomic Development in MENA,1,0.0
"Leadership, Courage, and Heroism Studies",1,0.0
Legal Issues in South Africa,1,0.0
Legal Studies and Policies,1,0.0
Legal and Policy Analysis in Indonesia,1,0.0
Music History and Culture,1,0.0
Musicology and Musical Analysis,1,0.0
Humic Substances and Bio-Organic Studies,1,0.0
Shoulder and Clavicle Injuries,1,0.0
Chemical and Environmental Engineering Research,1,0.0
Fossil Insects in Amber,1,0.0
Freezing and Crystallization Processes,1,0.0
French Historical and Cultural Studies,1,0.0
French Literature and Criticism,1,0.0
French Literature and Poetry,1,0.0
Silkworms and Sericulture Research,1,0.0
Legal and Policy Issues,1,0.0
Legal and Regulatory Analysis,1,0.0
Legal and Social Justice Studies,1,0.0
Geological and Geophysical Studies Worldwide,1,0.0
Geometry and complex manifolds,1,0.0
Mollusks and Parasites Studies,1,0.0
Morinda citrifolia extract uses,1,0.0
"Mormonism, Religion, and History",1,0.0
Giambattista Vico and Joyce,1,0.0
Geological Formations and Processes Exploration,1,0.0
Biopolymer Synthesis and Applications,1,0.0
Spatial and Cultural Studies,1,0.0
South Asian Studies and Conflicts,1,0.0
South Asian Studies and Diaspora,1,0.0
"Education, Technology, and Economics",1,0.0
Digital Accessibility for Disabilities,1,0.0
Digital Filter Design and Implementation,1,0.0
Property Rights and Legal Doctrine,1,0.0
Islamic Studies and Radicalism,1,0.0
Island Studies and Pacific Affairs,1,0.0
Educational theories and practices,1,0.0
Forensic Entomology and Diptera Studies,1,0.0
Fluid Dynamics and Mixing,1,0.0
Short Stories in Global Literature,1,0.0
Military history and social perspectives,1,0.0
Milk Quality and Mastitis in Dairy Cows,1,0.0
Mining and Gasification Technologies,1,0.0
Bioactive Compounds in Plants,1,0.0
Spinal Hematomas and Complications,1,0.0
Sports Dynamics and Biomechanics,1,0.0
Sports and Physical Education Studies,1,0.0
Bartonella species infections research,1,0.0
Humanities and Social Sciences,1,0.0
Soviet and Russian History,1,0.0
Space Technology and Applications,1,0.0
Spacecraft Dynamics and Control,1,0.0
Geotourism and Geoheritage Conservation,1,0.0
German Security and Defense Policies,1,0.0
"German legal, social, and political studies",1,0.0
Gestational Trophoblastic Disease Studies,1,0.0
Japanese History and Culture,1,0.0
Jewish Identity and Society,1,0.0
"Development, Ethics, and Society",1,0.0
Developmental and Educational Neuropsychology,1,0.0
Decolonial Thought and Epistemologies,1,0.0
Educational Technology and Optimization,1,0.0
Educational Technology in Learning,1,0.0
Educational and Organizational Development,1,0.0
Educational and Technological Research,1,0.0
Biomedical and Chemical Research,1,0.0
Berry genetics and cultivation research,1,0.0
Microwave and Dielectric Measurement Techniques,1,0.0
Microwave-Assisted Synthesis and Applications,1,0.0
Military Defense Systems Analysis,1,0.0
Military History and Strategy,1,0.0
Military and Defense Studies,1,0.0
Fixed Point Theorems Analysis,1,0.0
Sesame and Sesamin Research,1,0.0
Sesquiterpenes and Asteraceae Studies,1,0.0
Chemical and Physical Studies,1,0.0
Beetle Biology and Toxicology Studies,1,0.0
Spreadsheets and End-User Computing,1,0.0
Stability and Controllability of Differential Equations,1,0.0
"Balkans: History, Politics, Society",1,0.0
Steroid Chemistry and Biochemistry,1,0.0
Global Socioeconomic and Political Dynamics,1,0.0
Global Urban Networks and Dynamics,1,0.0
Global socioeconomic and cultural dynamics,1,0.0
Global Development and Urbanization,1,0.0
Global Economic and Social Development,1,0.0
Natural Products and Biological Research,1,0.0
Food and Agricultural Sciences,1,0.0
Stonefly species taxonomy and ecology,1,0.0
Augustinian Studies and Theology,1,0.0
Australian Indigenous Culture and History,1,0.0
Structural Load-Bearing Analysis,1,0.0
Student Stress and Coping,1,0.0
Metallic Glasses and Amorphous Alloys,1,0.0
Metallurgy and Cultural Artifacts,1,0.0
Metallurgy and Material Science,1,0.0
Global Financial Regulation and Crises,1,0.0
Study and Philosophy of Religion,1,0.0
Indigenous Cultures and Socio-Education,1,0.0
Financial Literacy and Behavior,1,0.0
Finite Group Theory Research,1,0.0
Female Genital Mutilation/Cutting Issues,1,0.0
Food Drying and Modeling,1,0.0
Nephrotoxicity and Medicinal Plants,1,0.0
Cinema and Media Studies,1,0.0
Civil and Structural Engineering Research,1,0.0
Seedling growth and survival studies,1,0.0
Semiotics and Representation Studies,1,0.0
Indigenous Health and Education,1,0.0
Photocathodes and Microchannel Plates,1,0.0
Education Methods and Technologies,1,0.0
Education and Art Integration,1,0.0
Power Systems and Technologies,1,0.0
Diptera species taxonomy and behavior,1,0.0
Educational Research and Pedagogy,1,0.0
Philippine History and Culture,1,0.0
Philosophy and Literary Analysis,1,0.0
Education for Peace and Conflict Resolution,1,0.0
Education in Diverse Contexts,1,0.0
"Education, Literature, Philosophy Research",1,0.0
Art Education and Development,1,0.0
Medieval Literature and History,1,0.0
Hannah Arendt's Political Philosophy,1,0.0
Hallucinations in medical conditions,1,0.0
Indigenous Peoples' Rights and Law,1,0.0
Indigenous and Place-Based Education,1,0.0
Indonesian Legal and Regulatory Studies,1,0.0
International Environmental Law and Policies,1,0.0
International Labor and Employment Law,1,0.0
Graphic Design and Typography,1,0.0
Meromorphic and Entire Functions,1,0.0
"Globalization, Historical Perspectives, and International Relations",1,0.0
Gothic Literature and Media Analysis,1,0.0
International Relations in Latin America,1,0.0
Arts and Performance Studies,1,0.0
Securities Regulation and Market Practices,1,0.0
Scheduling and Timetabling Solutions,1,0.0
Science and Science Education,1,0.0
Coastal Management and Development,1,0.0
New Zealand Economic and Social Studies,1,0.0
Facial Trauma and Fracture Management,1,0.0
Facility Location and Emergency Management,1,0.0
Evolving Legal Systems and Governance,1,0.0
Experience-Based Knowledge Management,1,0.0
"Science, Technology, and Education in Latin America",1,0.0
Scientific Research Methodologies and Applications,1,0.0
Scientific and Historical Analyses,1,0.0
Asian Industrial and Economic Development,1,0.0
Asian Studies and History,1,0.0
Assembly Line Balancing Optimization,1,0.0
Sunflower and Safflower Cultivation,1,0.0
Surface Treatment and Coatings,1,0.0
Psychological Treatments and Assessments,1,0.0
Psychological Treatments and Disorders,1,0.0
Psychology Research and Bibliometrics,1,0.0
Electrical Fault Detection and Protection,1,0.0
Educational Research and Science Teaching,1,0.0
Medieval Philosophy and Theology,1,0.0
"Memory, violence, and history",1,0.0
Artistic and Creative Research,1,0.0
Synthesis and Characterization of Pyrroles,1,0.0
Synthesis of Indole Derivatives,1,0.0
Synthesis of Organic Compounds,1,0.0
Tailings Management and Properties,1,0.0
Aquatic and Environmental Studies,1,0.0
Arabic Language Education Studies,1,0.0
Archaeological and Geological Studies,1,0.0
European Law and Migration,1,0.0
Archaeology and Natural History,1,0.0
Post-Communist Economic and Political Transition,1,0.0
Power Line Communications and Noise,1,0.0
Power Quality and Harmonics,1,0.0
Education and Labor Relations,1,0.0
Physical Education and Training Studies,1,0.0
"Economic, Social, and Health Studies",1,0.0
"Philosophy, Sociology, Political Theory",1,0.0
Phosphorus compounds and reactions,1,0.0
Architectural and Urban Studies,1,0.0
Safety Warnings and Signage,1,0.0
Samuel Beckett and Modernism,1,0.0
Nonlocal and gradient elasticity in micro/nano structures,1,0.0
"Educational, Social, and Political Issues",1,0.0
Peripheral Nerve Disorders,1,0.0
Dental Anxiety and Anesthesia Techniques,1,0.0
Rural and Ethnic Education,1,0.0
SAS software applications and methods,1,0.0
Safety Systems Engineering in Autonomy,1,0.0
Architecture and Art History Studies,1,0.0
Architecture and Cultural Influences,1,0.0
"Architecture, Design, and Social History",1,0.0
Taxation and Legal Issues,1,0.0
Teacher Education and Assessments,1,0.0
Technology and Human Factors in Education and Health,1,0.0
"Technology, Environment, Urban Planning",1,0.0
Aortic Thrombus and Embolism,1,0.0
Applied Advanced Technologies,1,0.0
Appreciative Inquiry and Organizational Change,1,0.0
Approximation Theory and Sequence Spaces,1,0.0
Animal health and immunology,1,0.0
Anodic Oxide Films and Nanostructures,1,0.0
Library Science and Administration,1,0.0
Library Science and Information Literacy,1,0.0
"Theater, Performance, and Music History",1,0.0
Animal Law and Welfare,1,0.0
Theology and Canon Law Studies,1,0.0
Thermal Analysis in Power Transmission,1,0.0
Analog and Mixed-Signal Circuit Design,1,0.0
Romani and Gypsy Studies,1,0.0
European Politics and Security,1,0.0
European Socioeconomic and Political Studies,1,0.0
History of Science and Natural History,1,0.0
Hong Kong and Taiwan Politics,1,0.0
Latin American Cultural Politics,1,0.0
Latin American history and culture,1,0.0
"Law, Ethics, and AI Impact",1,0.0
Rural Development and Agriculture,1,0.0
Ethics and bioethics in healthcare,1,0.0
Eurasian Exchange Networks,1,0.0
European Cultural and National Identity,1,0.0
Nursing Roles and Practices,1,0.0
Analytic Number Theory Research,1,0.0
Analytic and geometric function theory,1,0.0
Anarchism and Radical Politics,1,0.0
Ancient Mediterranean Archaeology and History,1,0.0
Ancient and Medieval Archaeology Studies,1,0.0
American History and Culture,1,0.0
"Media, Journalism, and Communication History",1,0.0
"Media, Religion, Digital Communication",1,0.0
Medical Device Sterilization and Disinfection,1,0.0
Medical and Agricultural Research Studies,1,0.0
Medical and Health Sciences Research,1,0.0
Medical research and treatments,1,0.0
Electromagnetic Compatibility and Measurements,1,0.0
Electromagnetic Compatibility and Noise Suppression,1,0.0
Electromagnetic Effects on Materials,1,0.0
"Medical, Sociocultural, and Biopolitical Studies",1,0.0
Dispute Resolution and Class Actions,1,0.0
Diverse Academic Research Areas,1,0.0
Phytochemistry and Bioactive Compounds,1,0.0
Phytochemistry and biological activities of Ficus species,1,0.0
Piezoelectric Actuators and Control,1,0.0
Economic Analysis and Policy,1,0.0
Cybersecurity and Information Systems,1,0.0
Occupational and Professional Licensing Regulation,1,0.0
Hymenoptera taxonomy and phylogeny,1,0.0
Ideological and Political Education,1,0.0
European and International Contract Law,1,0.0
Evasion and Academic Success Factors,1,0.0
Reproductive biology and impacts on aquatic species,1,0.0
Research in Social Sciences,1,0.0
Research studies in Vietnam,1,0.0
Thermoelastic and Magnetoelastic Phenomena,1,0.0
"Torture, Ethics, and Law",1,0.0
Alexander von Humboldt Studies,1,0.0
Health and Medical Education,1,0.0
"Health, Technology, Consumer Behavior",1,0.0
Media and Communication Studies,1,0.0
Media and Digital Communication,1,0.0
Impulse Buying and Technology Impacts,1,0.0
Public Policy and Governance,1,0.0
Public health and occupational medicine,1,0.0
Pulsed Power Technology Applications,1,0.0
Q Methodology Applications,1,0.0
Cybernetics and Technology in Society,1,0.0
Political and Social Dynamics in Chile and Latin America,1,0.0
"Politics and Conflicts in Afghanistan, Pakistan, and Middle East",1,0.0
Politics and Society in Latin America,1,0.0
Polymer Foaming and Composites,1,0.0
Turkey's Politics and Society,1,0.0
Healthcare and Venom Research,1,0.0
Healthcare during COVID-19 Pandemic,1,0.0
Mechanical and Thermal Properties Analysis,1,0.0
Agricultural and Food Sciences,1,0.0
Agricultural and Rural Development Research,1,0.0
Agriculture and Agroindustry Studies,1,0.0
Transport and Logistics Innovations,1,0.0
Operations Management Techniques,1,0.0
Environmental Science and Water Management,1,0.0
Environmental Sustainability and Technology,1,0.0
Environmental and Air Quality Management,1,0.0
Environmental and Cultural Studies in Latin America and Beyond,1,0.0
Environmental law and policy,1,0.0
Entomological Studies and Ecology,1,0.0
Environmental Engineering and Cultural Studies,1,0.0
Environmental Monitoring and Data Management,1,0.0
Computer Science and Engineering,1,0.0
"Religious, Philosophical, and Educational Studies",1,0.0
Comparative Animal Anatomy Studies,1,0.0
Comparative International Legal Studies,1,0.0
Comparative and International Law Studies,1,0.0
Comparative and World Literature,1,0.0
Travel Writing and Literature,1,0.0
Turbomachinery Performance and Optimization,1,0.0
Diverse Research and Applications,1,0.0
Diverse Scientific Research in Ukraine,1,0.0
Diverse academic and cultural studies,1,0.0
Urban Transport Systems Analysis,1,0.0
Historical Astronomy and Related Studies,1,0.0
Masonry and Concrete Structural Analysis,1,0.0
Material Science and Thermodynamics,1,0.0
Material Selection and Properties,1,0.0
Materials Engineering and Processing,1,0.0
Mathematical Analysis and Transform Methods,1,0.0
Mathematical Approximation and Integration,1,0.0
Marine Invertebrate Physiology and Ecology,1,0.0
Heat transfer and supercritical fluids,1,0.0
Helminth infection and control,1,0.0
Maritime Security and History,1,0.0
"Aging, Health, and Disability",1,0.0
"Religion, Theology, History, Judaism, Christianity",1,0.0
Congenital Ear and Nasal Anomalies,1,0.0
Environmental and Analytical Chemistry Studies,1,0.0
Cynara cardunculus studies,1,0.0
QR Code Applications and Technologies,1,0.0
Cultural Insights and Digital Impacts,1,0.0
Cultural and Religious Practices in Indonesia,1,0.0
Paleopathology and ancient diseases,1,0.0
Knowledge Societies in the 21st Century,1,0.0
Korean Urban and Social Studies,1,0.0
History of Emotions Research,1,0.0
History of Medical Practice,1,0.0
"Religion, Gender, and Enlightenment",1,0.0
Agricultural Development and Management,1,0.0
Agricultural Engineering and Mechanization,1,0.0
Umberto Eco and Semiotics,1,0.0
Magnolia and Illicium research,1,0.0
Aerospace and Aviation Technology,1,0.0
African Studies and Geopolitics,1,0.0
Control Systems in Engineering,1,0.0
Regional Socio-Economic Development Trends,1,0.0
"Oral History, Memory, Narrative Analysis",1,0.0
Organ and Tissue Transplantation Research,1,0.0
Energy and Environmental Sustainability,1,0.0
Engine and Fuel Emissions,1,0.0
Engineering Applied Research,1,0.0
Engineering and Technology Innovations,1,0.0
Historical Influence and Diplomacy,1,0.0
Human Behavior and Motivation,1,0.0
Plant Toxicity and Pharmacological Properties,1,0.0
Dutch Social and Cultural Studies,1,0.0
E-commerce and Technology Innovations,1,0.0
Political Developments and Conflicts,1,0.0
Organizational Change and Leadership,1,0.0
Cyclization and Aryne Chemistry,1,0.0
Veterinary Practice and Education Studies,1,0.0
Advanced Power Amplifier Design,1,0.0
Advanced Queuing Theory Analysis,1,0.0
Advanced Research in Systems and Signal Processing,1,0.0
Magnetic Bearings and Levitation Dynamics,1,0.0
VLSI and Analog Circuit Testing,1,0.0
VLSI and FPGA Design Techniques,1,0.0
Varied Academic Research Topics,1,0.0
Advanced Technologies and Applied Computing,1,0.0
Advanced Thermodynamic Systems and Engines,1,0.0
Advanced Topics in Algebra,1,0.0
Advanced Topology and Set Theory,1,0.0
Consumer Perception and Purchasing Behavior,1,0.0
Consumer behavior in food and health,1,0.0
Contemporary Cultural and Social Studies,1,0.0
Contemporary and Historical Greek Studies,1,0.0
Control and Stability of Dynamical Systems,1,0.0
Corporate Governance and Financial Management,1,0.0
Corporate Governance and Law,1,0.0
Corporate Governance and Management,1,0.0
Corporate Law and Human Rights,1,0.0
Reconstructive Surgery and Microvascular Techniques,1,0.0
Regional Development and Innovation,1,0.0
Regional Development and Management Studies,1,0.0
Linguistic Studies and Language Acquisition,1,0.0
Linguistic and Sociocultural Studies,1,0.0
"Linguistic, Cultural, and Literary Studies",1,0.0
Literacy and Educational Practices,1,0.0
Literary Theory and Cultural Hermeneutics,1,0.0
"Literary, Cultural, Historical Analysis",1,0.0
Literature Analysis and Criticism,1,0.0
Literature and Culture Studies,1,0.0
Judicial and Constitutional Studies,1,0.0
Livestock and Poultry Management,1,0.0
Historical Philosophy and Science,1,0.0
Historical Studies and Socio-cultural Analysis,1,0.0
Information Architecture and Usability,1,0.0
Information Retrieval and Data Mining,1,0.0
Information Science and Libraries,1,0.0
Industrial Technology and Control Systems,1,0.0
"Youth, Politics, and Society",1,0.0
AI and Multimedia in Education,1,0.0
Criminal Justice and Penology,1,0.0
Critical Theory and Political Philosophy,1,0.0
Crustacean biology and ecology,1,0.0
Oropharyngeal Anatomy and Pathologies,1,0.0
Embedded Systems and FPGA Design,1,0.0
Corporate Social Responsibility and Sustainability,1,0.0
Wood and Agarwood Research,1,0.0
Academic Freedom and Politics,1,0.0
Williams Syndrome Research,1,0.0
Information Society and Technology Trends,1,0.0
Information Systems and Technology Applications,1,0.0
Infectious Disease Case Reports and Treatments,1,0.0
Water and Wastewater Treatment,1,0.0
EU Law and Policy Analysis,1,0.0
Early Modern Spanish Literature,1,0.0
Early Modern Women Writers,1,0.0
Earthquake and Disaster Impact Studies,1,0.0
Eastern European Communism and Reforms,1,0.0
Plant Surface Properties and Treatments,1,0.0
Economic and Business Development Strategies,1,0.0
Economic and Business Studies,1,0.0
Joseph Conrad and Literature,1,0.0
